subject,condition,window,start_seconds,engagement,alpha_gating,phase_organization,spatial_selectivity,asi_eeg
1,rest,0,0,0.20970914626214376,0.6579810576832125,0.3415281340778621,0.1386886731651028,0.3369767527970803
1,rest,1,2,0.442812554287554,0.5008690038388003,0.46299890940960586,0.5392089818762801,0.48647236235306
1,rest,2,4,0.4278039536002848,0.340950979600394,0.6785473734911532,0.8117571435185845,0.5647648625526042
1,rest,3,6,0.3335668658253366,0.4680004999302521,0.7540660344409261,0.5477084198788896,0.5258354550188511
1,rest,4,8,0.5939863030617054,0.17070223699866224,0.6503867989673248,0.6115290640424469,0.5066511007675348
1,rest,5,10,0.46388265396301365,0.400520995464791,0.253107360765909,0.30278660399893,0.35507440354816094
1,rest,6,12,0.44822024149814144,0.5709604878673517,0.19749430825115025,0.2897409159890605,0.37660398840142595
1,rest,7,14,0.30653204244026505,0.49615344368459136,0.3702390867376413,0.48932967888783147,0.4155635629375823
1,rest,8,16,0.2273777781108564,0.7256612247817793,0.33167190402198554,0.47826161235427467,0.44074312981722397
1,rest,9,18,0.17999211014700578,0.3857284810394608,0.11474107365765154,0.3215305864627555,0.2504980628267184
1,rest,10,20,0.34809428676907245,0.3104361632675755,0.567146678253949,0.3932623091116143,0.4047348593505528
1,rest,11,22,0.5830493194528342,0.2564955876776162,0.43318008486818765,0.5829678501133354,0.46392321052799335
1,rest,12,24,0.3967322332831875,0.5403982059338807,0.7172283778118108,0.6677853737204369,0.5805360476873289
1,rest,13,26,0.359785024690945,0.6233798444726387,0.6661944276181624,0.5082141082774391,0.5393933512647963
1,rest,14,28,0.27490361992956935,0.7281098075427569,0.5409268991270332,0.6127001373181643,0.5391601159793808
1,rest,15,30,0.592277701436906,0.5831604154658113,0.8404578503603007,0.49710087366532807,0.6282492102320866
1,rest,16,32,0.5042017179095376,0.6168106790892846,0.44361260172126593,0.40347169923387877,0.49202417448849173
1,rest,17,34,0.21841978735479906,0.30916606672390107,0.6694314072823555,0.10007947686142223,0.32427418455561946
1,rest,18,36,0.1933100203879896,0.7331906739066774,0.732175624565149,0.29578394706346234,0.48861506648081954
1,rest,19,38,0.32752112937525146,0.9836054130743,0.3667574206538424,0.38539956382111473,0.5158208817311272
1,rest,20,40,0.6565861701195612,0.9745598006292391,0.3881393039664843,0.2876451185308742,0.5767325983115398
1,rest,21,42,0.6829751501498675,0.5374554782269675,0.34464172990783204,0.547739985481149,0.528203085941454
1,rest,22,44,0.6447021239250985,0.3818228402867665,0.59678841663417,0.4776915471492219,0.5252512319988143
1,rest,23,46,0.5825052507271662,0.5982182139317799,0.4644736781026098,0.34334877279351134,0.4971364788887668
1,rest,24,48,0.4957982820904626,0.5278733144822059,0.780845711362985,0.6208096311532336,0.6063317347722217
1,rest,25,50,0.27349700839705826,0.675040318039575,0.9015259660792758,0.6913640162102458,0.6353568271815387
1,rest,26,52,0.3994916888883651,0.7239400312453991,0.6699223237865128,0.2986250059167311,0.522994762459252
1,rest,27,54,0.4519091876621175,0.605494411891317,0.2601528321290878,0.3109046227160353,0.4071152635996394
1,rest,28,56,0.4432550305357464,0.3989230736529758,0.30969200252012113,0.45869276554814115,0.4026407180642461
1,rest,29,58,0.4500198880019686,0.5006134044151436,0.735470459043841,0.4587690226033045,0.5362181935160644
1,rest,30,60,0.35590646222831107,0.39721769814039654,0.5397466266566988,0.3296787594653974,0.40563738662270094
1,rest,31,62,0.4408994612221596,0.4192264019227458,0.4194750361842866,0.31868616708757697,0.3995717666041922
1,rest,32,64,0.24733494271016657,0.09799651236744107,0.9541856123015547,0.3337808001017519,0.4083244668702286
1,rest,33,66,0.23275630948627743,0.17942514867122814,0.537509897547663,0.40745048418226576,0.33928545997185855
1,rest,34,68,0.34314153415133836,0.31934838657127085,0.7326955518330858,0.5028991263346718,0.4745211497225917
1,rest,35,70,0.4216196965538561,0.5130164245460774,0.7504383151164375,0.41942564745967115,0.5261250209190106
1,rest,36,72,0.5299714473935968,0.5032376191808242,0.2711945719033826,0.37923116512633814,0.4209087009010354
1,rest,37,74,0.7923400166856892,0.2653143490948233,0.6529195333349749,0.508697064460273,0.5548177408939401
1,rest,38,76,0.8940521362757177,0.20944512005064908,0.5702300148817755,0.41501734283176067,0.5221861535099757
1,rest,39,78,0.7995416980485046,0.09315274938579134,0.5634223244768798,0.6984762614916505,0.5386482583507065
1,rest,40,80,0.6488784064683195,0.27500949994670854,0.5959785515098954,0.6587766405047109,0.5446607746074086
1,rest,41,82,0.7094002103442372,0.5495477146714398,0.3710430020978383,0.7810257794041048,0.602754176629405
1,rest,42,84,0.7867860738689351,0.23136961574087037,0.5477153363057932,0.9439749271006965,0.6274614882540738
1,rest,43,86,0.6576064859768124,0.2250965174212926,0.6502078145657821,0.9730740782408186,0.6264962240511764
1,rest,44,88,0.6259762475602756,0.22270152887461836,0.45224673300566554,0.9122702977469043,0.5532987017968659
1,rest,45,90,0.6622761091258672,0.2432054692061833,0.44873955303265234,0.7303924613782006,0.5211533981857258
1,rest,46,92,0.3372602174197934,0.3265510040348342,0.7303723234822409,0.37701773386825127,0.4428003197012799
1,rest,47,94,0.2232299230568186,0.8556663377687027,0.18212107411835624,0.20420059356122974,0.3663044821262768
1,rest,48,96,0.6642288669979213,0.9756047949218397,0.6588016813340383,0.9739766724635043,0.818153003929326
1,rest,49,98,0.44549996884676346,0.7350746084930965,0.7615110290298592,0.5633974071337193,0.6263707533758596
1,rest,50,100,0.3112808586645747,0.48404780848617607,0.6367176783460833,0.20521609460863272,0.4093156100263667
1,rest,51,102,0.6198718946719254,0.5889707590606279,0.723553725720962,0.4796603834149409,0.603014190717114
1,rest,52,104,0.3325121872264215,0.8425874056745486,0.4476370414866219,0.4402425450809045,0.5157447948671241
1,rest,53,106,0.4599827834308249,0.9179090010600637,0.3202695319793504,0.5113000877318421,0.5523653510505203
1,rest,54,108,0.569589336719971,0.49938659558485643,0.20167586660242431,0.3977132749010764,0.41709126845208205
1,rest,55,110,0.6199753817315925,0.6659496447336738,0.47796242313157744,0.4206072633954117,0.5461236782480638
1,rest,56,112,0.6839711549944407,0.6321099788394586,0.5092588739414897,0.7344200647320016,0.6399400181268476
1,rest,57,114,0.8841439911894985,0.343842163562848,0.4115159931164457,0.2818316881195757,0.48033345899709196
1,rest,58,116,0.7250871912203752,0.7115318948240619,0.4810666660363369,0.7232524856492756,0.6602345594325124
1,rest,59,118,0.7017364643984354,0.5681293677672469,0.3098219477906228,0.5369368222365043,0.5291561505482023
1,rest,60,120,0.667803264334447,0.5998567448063659,0.29027237496117725,0.6804220100022397,0.5595885985260575
1,rest,61,122,0.5138914417501563,0.46714078222354893,0.2187038638417946,0.4719536100701506,0.4179224244714126
1,rest,62,124,0.7158606887105758,0.270558274396357,0.7978238073476799,0.7026622401734133,0.6217262526570065
1,rest,63,126,0.3940633744365624,0.3751152744321936,0.5218276018271543,0.6873299237317804,0.49458404360692265
1,rest,64,128,0.4049820648092662,0.623829402913022,0.48134936515924187,0.6460758975210953,0.5390591826006563
1,rest,65,130,0.6645916119895827,0.5761877549492442,0.7945448760954948,0.9031622193277986,0.7346216155905301
1,rest,66,132,0.7243785250206242,0.5292453828754387,0.4907411260585102,0.8355060908436404,0.6449677811995533
1,rest,67,134,0.383166672649103,0.7914517671427335,0.15879053616892794,0.38211517857207217,0.42888103863320914
1,rest,68,136,0.709952753925733,0.2086001427915504,0.29106887661255065,0.43088613086537614,0.41012697604880255
1,rest,69,138,0.8856173695335565,0.09156863480756817,0.2862373582772517,0.6967375703828678,0.49004023325031104
1,rest,70,140,0.8727499016340453,0.1337940361239791,0.1711063445965705,0.7548014927225487,0.48311294376928593
1,rest,71,142,0.8385760927760046,0.3532547779428456,0.3257711118097683,0.9465066545637637,0.6160271592730956
1,rest,72,144,0.799571035524006,0.2726052659050401,0.5272690939261443,0.9975273768433653,0.6492431930496388
1,rest,73,146,0.7411054641246096,0.2852427054063159,0.524084074767649,0.977687557314196,0.6320299504031927
1,high,0,0,0.3910981469837116,0.39234052740272796,0.20336650254998678,0.19202757360863257,0.2947081876362647
1,high,1,2,0.12308897571386684,0.6351557240537239,0.4589978273548245,0.05285472521146379,0.31752431308346973
1,high,2,4,0.18259795649361618,0.4981298493579471,0.2774803616931798,0.09719463094643879,0.26385069962279545
1,high,3,6,0.29480141522066616,0.3023208139935975,0.28454459627637274,0.19642012668176437,0.2695217380431002
1,high,4,8,0.9002554692251873,0.3413968063311807,0.29424198492611287,0.07885562953566422,0.40368747250453624
1,high,5,10,0.6625556201471949,0.5596899556104327,0.23724281392822116,0.5734154303532153,0.5082259550097661
1,high,6,12,0.40930865529211613,0.5400035995953967,0.262485498642626,0.7945424943955501,0.5015850619814222
1,high,7,14,0.8375404897159542,0.44558410986438285,0.28104359398387274,0.12381407610816407,0.42199556741809346
1,high,8,16,0.9044116861345989,0.13584993817418597,0.14051285678686484,0.15708500881275297,0.3344648724771006
1,high,9,18,0.7562831434096087,0.5754687610020323,0.13159765068577187,0.05073932419690624,0.37852221982357975
1,high,10,20,0.8075473418524061,0.4092300571041409,0.3340868693233752,0.10115000113931254,0.41300356735480864
1,high,11,22,0.906309813638648,0.30933265117051606,0.16648302594587794,0.32008881539551615,0.4255535765376396
1,high,12,24,0.8724770676795639,0.18740070176376147,0.281589427751045,0.07909263703661472,0.35513995855774627
1,high,13,26,0.7463783235116692,0.2316261812935173,0.13991961228059008,0.22869513047650733,0.33665481189057095
1,high,14,28,0.11277731654493471,0.3052795222751465,0.09682547897360948,0.9504127928517161,0.3663237776613517
1,high,15,30,0.28568872289604424,0.9975273768433653,0.7113766508149462,0.09633172581623121,0.5227311190926467
1,high,16,32,0.23235502825777937,0.9872830476548461,0.9090983367135493,0.17425601222613735,0.575748106213078
1,high,17,34,0.8692067317624896,0.7149939923262593,0.3747821908260906,0.8530290302776602,0.703002986298125
1,high,18,36,0.8021233231981866,0.8593725627152534,0.502079906163577,0.9138027846682446,0.7693446441863154
1,high,19,38,0.21916697956435233,0.11342409215321998,0.3438461178298832,0.9044654277732995,0.39522565433018875
1,high,20,40,0.04923661897506698,0.5648366307272621,0.5408710198680822,0.7593010307102983,0.4785613250701774
1,high,21,42,0.06325971688903181,0.5240884609579891,0.4452171592515618,0.8216055615619663,0.46354272466513724
1,high,22,44,0.14622265056379533,0.35996843055816885,0.12953125584361747,0.3320974891349311,0.2419549565251282
1,high,23,46,0.7369142407074664,0.4750660349653768,0.23290097289141393,0.8705656477692398,0.5788617240833742
1,high,24,48,0.06174100871156337,0.9585022841752187,0.8578757959285896,0.2143380775605911,0.5231142915939907
1,high,25,50,0.03052681459876084,0.9567149647507573,0.8458341298383574,0.046786873076298925,0.4699656955660437
1,high,26,52,0.7307793983619492,0.32726497991716264,0.32178580818227137,0.09116933245837648,0.3677498797299399
1,high,27,54,0.33413319431185334,0.48189605410570735,0.4367237744613221,0.5544998879803262,0.45181322771480226
1,high,28,56,0.09692595866672948,0.3097859426509267,0.3622055117455911,0.4084882900736726,0.29435142578422996
1,high,29,58,0.604161833755829,0.21254065784111817,0.4650235728165097,0.20181183878110176,0.3708844757986397
1,high,30,60,0.5770037456748631,0.19554859612528913,0.26925186350989677,0.20388177143364575,0.31142149418592374
1,high,31,62,0.5849846016728418,0.2209572697842974,0.18568430117701176,0.45370214609592086,0.36133207968251796
1,high,32,64,0.24820514468566837,0.32739235344022577,0.44769283044352925,0.7301348174758594,0.43835628651132075
1,high,33,66,0.4065270835766384,0.4963228388680861,0.3442800007264669,0.19762526435151384,0.3611887968806763
1,high,34,68,0.4756306666368223,0.6870482130653288,0.4541194183014835,0.08971199046520392,0.4266275721172097
1,high,35,70,0.8621692358750794,0.2734571637761028,0.31676890536277985,0.1591172612640254,0.40287814156949686
1,high,36,72,0.7044302730419931,0.42636260899039213,0.24752002916777932,0.20968434236159567,0.3969993133904401
1,high,37,74,0.4788721483483447,0.19930675755767316,0.1416338114096632,0.1162132559460021,0.23400649331542078
1,high,38,76,0.0923644625575926,0.9837195811066363,0.6510426418622828,0.49609495575714946,0.5558054103209153
1,high,39,78,0.025915126187685617,0.9908543809909697,0.5644965251315982,0.7651264246778262,0.5865981142470199
1,high,40,80,0.15220413242679642,0.6571436837217716,0.6159507416901226,0.15315955084649752,0.394614527171297
1,high,41,82,0.8070340299627997,0.5358179934064841,0.5142449420716061,0.5934814768097898,0.61264461056267
1,high,42,84,0.7189373103354205,0.22305903743319846,0.30804179275300336,0.13019371081140585,0.34505796283325707
1,high,43,86,0.8342708773017719,0.20451095607977537,0.5117140564933325,0.16390356954837998,0.4285998648558149
1,high,44,88,0.8258921732929072,0.1199200640085384,0.3340104140931479,0.15615396543769042,0.358994154208071
1,high,45,90,0.77275423152241,0.49584884296399384,0.34086455901714363,0.7269901633600359,0.5841144492158958
1,high,46,92,0.808016304139552,0.5482820675255444,0.1647975711803165,0.7025660810528408,0.5559155059745634
1,high,47,94,0.7133857062495924,0.13658939510374662,0.31334621213250174,0.3763877011483426,0.3849272536585458
1,high,48,96,0.7051717049713752,0.18675397926499987,0.18458282850033528,0.43611896252995935,0.3781568688166674
1,high,49,98,0.9325642020063791,0.1924435404618484,0.1197625542312458,0.10220963268038802,0.3367449823449653
1,high,50,100,0.9305574070108279,0.08023403814641135,0.30079020641987675,0.11781864417607975,0.357350073938299
1,high,51,102,0.1769740436548716,0.7859405120070757,0.8968571317930042,0.26621770990211824,0.5314973493392674
1,high,52,104,0.07400725381472095,0.9769314623444977,0.68266399509639,0.1294316681336278,0.4657585948473091
1,high,53,106,0.23335040177654462,0.20024463369524576,0.470506172552969,0.12506637765373554,0.25729189641962374
1,high,54,108,0.6740885853535614,0.24944963428644243,0.765357528764541,0.09432809473700172,0.44580596078538665
1,high,55,110,0.7652921396621688,0.26991760436039725,0.4965559972711816,0.04662980302014744,0.3945988860784738
1,high,56,112,0.7823154516875592,0.23374637467830967,0.08570767459628903,0.07287919553948619,0.29366217412541107
1,high,57,114,0.146609104702067,0.46045320544876756,0.2795239832224582,0.8371915966762681,0.4309444725123902
1,high,58,116,0.13055993832255003,0.7303144539200669,0.4426241927633869,0.5576777706731576,0.4652940889197904
1,high,59,118,0.6736010499143591,0.21574403491355523,0.3541228618536267,0.1595765975959794,0.3507611360693801
1,high,60,120,0.007019712614014352,0.5663442367769821,0.9720982014117625,0.806290451052765,0.587938150463881
1,high,61,122,0.04052173101101588,0.14612431939293602,0.9607992339850723,0.9200410176338413,0.5168715755057164
1,high,62,124,0.3147911604957373,0.2792197554261537,0.6249272688048542,0.4172167697036333,0.4090387386075946
1,high,63,126,0.8610191949848848,0.5749067650151867,0.5407965323455185,0.6055734644786669,0.6455739892060642
1,high,64,128,0.6937938291107156,0.32262314137773523,0.445008906070495,0.04955618907249301,0.3777455164078597
1,high,65,130,0.7016682280330221,0.06421112540541486,0.37777278243727247,0.21048679102078263,0.338534731724123
1,high,66,132,0.8086642868948554,0.11494336848280501,0.28617578385239706,0.08021419616107006,0.3224994088477819
1,high,67,134,0.6871221936033599,0.1219498190445674,0.7609583505861941,0.09654440168840461,0.4166436912306315
1,high,68,136,0.6080630921393269,0.13947364139619298,0.11754158639374557,0.0975385302091416,0.24065421253460176
1,high,69,138,0.49372469913094635,0.12935371604407378,0.29064921678504635,0.12030786946377452,0.25850887535596023
1,high,70,140,0.5627276791692736,0.07217976011864048,0.36944292740757956,0.07430421804435282,0.2696636461849616
1,high,71,142,0.6970070242301428,0.06803982517937839,0.14409268283770996,0.08042733236538341,0.24739171615315364
1,high,72,144,0.568616367092178,0.2828180297257473,0.3965515196450368,0.04493082223135972,0.32322918467358047
1,high,73,146,0.0690023636196912,0.9146609364226546,0.8435738097774977,0.27161431575602996,0.5247128563939684
2,rest,0,0,0.6461675924779027,0.49260817367673976,0.15845359417349092,0.96694226299461,0.5660429058306858
2,rest,1,2,0.6786725670983146,0.48202918316842225,0.6157407988794886,0.9378888589856869,0.678582852032978
2,rest,2,4,0.7841478428737502,0.5114740381308939,0.1106471708960377,0.5054029117876951,0.4779179909220942
2,rest,3,6,0.5092856485081952,0.6555278576280069,0.25201001403594364,0.7908651860832305,0.551922176563844
2,rest,4,8,0.45156212337082957,0.6600664245941206,0.643650910026443,0.5860878960107466,0.5853418385005349
2,rest,5,10,0.6400009146510723,0.496661150358194,0.8530151269545475,0.23675011430841403,0.5566068265680569
2,rest,6,12,0.5152630029676202,0.4096742845482396,0.3834696638567803,0.3649410333877972,0.4183369961901093
2,rest,7,14,0.5552556833274277,0.4505652075296659,0.5182785969054876,0.510660074883902,0.5086898906616207
2,rest,8,16,0.5918668354867386,0.4050367880072613,0.6616646755312169,0.48082169124231733,0.5348474975668835
2,rest,9,18,0.5974098494901341,0.45789204929054295,0.22601318573874407,0.3747378131179826,0.4140132244093509
2,rest,10,20,0.7477098026842245,0.6275626061608454,0.5597678854788154,0.3392240567395261,0.5685660877658528
2,rest,11,22,0.4563019460317345,0.6341138120209424,0.6830231200423731,0.6411425614287829,0.6036453598809582
2,rest,12,24,0.7700306018358979,0.6295964877665615,0.32760249982330425,0.721707685778703,0.6122343188011167
2,rest,13,26,0.705773964353699,0.504980273519191,0.2521520809502507,0.26338000853723625,0.4315715818400942
2,rest,14,28,0.780568463122675,0.5419332283371012,0.580808677654121,0.34900202001741437,0.5630780972828279
2,rest,15,30,0.7921563320029816,0.9018502507554464,0.8386274367271133,0.8531780451031532,0.8464530161471737
2,rest,16,32,0.7308175913235945,0.8152966289711423,0.8810859622288495,0.556185959850975,0.7458465355936403
2,rest,17,34,0.8758634727015354,0.5519828922464821,0.3279334147462298,0.5467520983439844,0.5756329695095579
2,rest,18,36,0.2835589133232082,0.9173963783910345,0.9618894540431977,0.24083749170806204,0.6009205593663757
2,rest,19,38,0.113056751216532,0.8978770365247624,0.5739819175719011,0.4048486010769248,0.49744107659753006
2,rest,20,40,0.5496972445106681,0.18737361757620727,0.2215105526532253,0.8758550562827692,0.45860911775571744
2,rest,21,42,0.6348683478335699,0.31901212505213283,0.41119579420378316,0.3459987784572225,0.4277687613866771
2,rest,22,44,0.20718708420065562,0.25139485415925944,0.3554176835826434,0.6630354294214768,0.3692587628410088
2,rest,23,46,0.2693529540927445,0.326514302860944,0.31885404001064005,0.7430859745831956,0.414451817886881
2,rest,24,48,0.41175476884311624,0.927850240291761,0.5769864214605958,0.39963161857497437,0.5790557622926118
2,rest,25,50,0.4166278293098382,0.9283473362129256,0.3309677067371072,0.48468503918265077,0.5401569778606304
2,rest,26,52,0.7214279136267292,0.6709718746032485,0.14683333954065814,0.881606755107058,0.6052099707194234
2,rest,27,54,0.564886815915112,0.34900583329596796,0.7829734787687285,0.38917254661128037,0.5215096686477723
2,rest,28,56,0.666126108885202,0.42584421314661774,0.3517592472095838,0.826010858011429,0.5674351068132082
2,rest,29,58,0.6650962637051597,0.4822597159878121,0.33664973820009947,0.6324950678213586,0.5291251964286074
2,rest,30,60,0.16776907033562238,0.2265047046604406,0.45576794096573686,0.6891604639910166,0.38480054498820415
2,rest,31,62,0.3261979706276013,0.45927123268936776,0.5375898395073546,0.7371365192598522,0.515048890521044
2,rest,32,64,0.47209505956601433,0.2949065334771364,0.676089880897402,0.6840214814167523,0.5317782388393263
2,rest,33,66,0.656235988745577,0.5631638984060472,0.6923587995409604,0.45534881037906144,0.5917768742679115
2,rest,34,68,0.5458226314034909,0.5589995999180297,0.24560953071999395,0.32968091891658546,0.420028170239525
2,rest,35,70,0.5314429632259656,0.5033388496418061,0.4704852731640477,0.4549787454058342,0.4900614578594134
2,rest,36,72,0.8615381570614496,0.32241365673549505,0.4931167459031875,0.36363713594351055,0.5101764239109107
2,rest,37,74,0.33871622703472487,0.30356301393873647,0.41622349795341196,0.661980135710725,0.4301207186593996
2,rest,38,76,0.14259128994045553,0.60649849220211,0.49447808152354683,0.5045677276520291,0.4370338978295354
2,rest,39,78,0.44113991028221095,0.4057232057619153,0.12843096169973353,0.4954322723479709,0.36768158752295765
2,rest,40,80,0.6637300222112574,0.24570333382746498,0.5218130635437365,0.9854443179007292,0.604172684370797
2,rest,41,82,0.597235828936173,0.7960075071462978,0.5055219184764531,0.3017660492218672,0.5501328259451977
2,rest,42,84,0.4411818193379075,0.851942734132821,0.17905966136435184,0.34951936129514477,0.4554258940325563
2,rest,43,86,0.5637869396480144,0.2997959308207217,0.6722296343427943,0.6432186311388954,0.5447577839876064
2,rest,44,88,0.38831791893556006,0.2797733111495772,0.6200457702062265,0.9023331370287734,0.5476175343300342
2,rest,45,90,0.2789550323391209,0.3907007393685989,0.8534527202500748,0.7346261981452841,0.5644336725257697
2,rest,46,92,0.38082361621581595,0.32117699308080677,0.35381707039176685,0.5558192886927386,0.402909242095282
2,rest,47,94,0.5078217580303026,0.40788762444136756,0.3046914667602911,0.5371585449322845,0.43938984854106145
2,rest,48,96,0.17466082334410415,0.42813952604122196,0.5823888429317639,0.9280777620969143,0.528316738603501
2,rest,49,98,0.1673207305336816,0.34638603876798546,0.5732609927594934,0.7040696289638766,0.44775934775625925
2,rest,50,100,0.6382143162332954,0.33505908944119805,0.7505217110687694,0.5609557278826363,0.5711877111564747
2,rest,51,102,0.4198967606574648,0.3296458728792472,0.45488274328481926,0.6964200850190738,0.47521136546015125
2,rest,52,104,0.6321241916566133,0.8328587291646793,0.37892390977667223,0.3764886299345297,0.5550988651331236
2,rest,53,106,0.6134888969781119,0.6773523499134209,0.6309323142549782,0.37156107333975197,0.5733336586215657
2,rest,54,108,0.7251046998904584,0.646964244198242,0.2647092590215372,0.47573456180609885,0.528128191229084
2,rest,55,110,0.7634566782396409,0.4670404106102629,0.6104191172913217,0.3507139745089608,0.5479075451625466
2,rest,56,112,0.4921782419696976,0.8689843556506613,0.44615015517521117,0.3826419095549197,0.5474886655876224
2,rest,57,114,0.5204560805769162,0.7771371593384551,0.6315493329154336,0.49434905686994884,0.6058729074251884
2,rest,58,116,0.35434500415540243,0.5431343135997354,0.5950374751704968,0.7028931987018393,0.5488524979068685
2,rest,59,118,0.6113009435449173,0.30337565384694765,0.4330845860407884,0.5356358893322721,0.47084926819123135
2,rest,60,120,0.4799135998842906,0.455043222820165,0.793812112804364,0.244081797831815,0.49321268333515866
2,rest,61,122,0.15966558461899627,0.9755564112683515,0.6302925576054123,0.2678941618032098,0.5083521788239924
2,rest,62,124,0.23243191999439636,0.9625902845631051,0.49048533858013077,0.31223964944886357,0.4994367981466239
2,rest,63,126,0.24567636578901875,0.8989746907733066,0.46654583846498804,0.3129106114929235,0.4810268766300592
2,rest,64,128,0.46885133877541724,0.9593427731645492,0.8286339607119603,0.3242219725013172,0.645262511288311
2,rest,65,130,0.32118436649006127,0.6105578665986459,0.23566151765364007,0.33491599317661563,0.3755799359797407
2,rest,66,132,0.19075334817952536,0.44193990490666885,0.4284193720439417,0.3187563869241519,0.34496725301357195
2,rest,67,134,0.10549178729903347,0.3302266731673714,0.18913256592328212,0.7454067254050313,0.3425644379486796
2,rest,68,136,0.11272545686212158,0.2447007806583506,0.18799325094452343,0.7655938762938386,0.32775334118970856
2,rest,69,138,0.03939478703240227,0.9701238571494614,0.6548928836431719,0.3602728603854754,0.5061710970526277
2,rest,70,140,0.0380997449966343,0.9568406258786838,0.7882219357803188,0.2775874856106486,0.5151874480665714
2,rest,71,142,0.20372485478389823,0.40194889847891685,0.697382358921244,0.6717281255856351,0.49369605944242356
2,rest,72,144,0.23994586189299322,0.8735344877969059,0.8866108498233625,0.4886584101364277,0.6221874024124222
2,rest,73,146,0.46151717597730174,0.5932540306391917,0.7342990194947321,0.2544678496970814,0.5108845189520768
2,high,0,0,0.04441855764563188,0.7661257308673449,0.684413648279627,0.5925376663784262,0.5218739007927575
2,high,1,2,0.3970249174885019,0.902451594480691,0.9087983673917771,0.9700038297957533,0.7945696772891808
2,high,2,4,0.9343587113000861,0.6641170988292326,0.37058342490511365,0.9157237907941014,0.7211957564571334
2,high,3,6,0.9450543445168745,0.5222006281154578,0.7169912561368907,0.7488906443277528,0.733284218274244
2,high,4,8,0.8508631924325881,0.71908210775013,0.8237799128718553,0.9489118973312413,0.8356592775964536
2,high,5,10,0.4387725532255241,0.6088462900967593,0.5410536209624234,0.9310612084019301,0.6299334181716593
2,high,6,12,0.424024060051677,0.7586562877031982,0.5065176665575464,0.7448379921718493,0.6085090016210677
2,high,7,14,0.7756491004227317,0.5644456775256723,0.08608480386420612,0.7578672701685151,0.5460117129952813
2,high,8,16,0.7490585681101016,0.4903869578840885,0.34473113518468745,0.8282944655810061,0.6031177816899709
2,high,9,18,0.548795688938859,0.7338766549661716,0.7915673532888475,0.7407494843433926,0.7037472953843177
2,high,10,20,0.8360637973714694,0.7072792884547139,0.922489552688286,0.790731752747139,0.814141097815402
2,high,11,22,0.7823603965761771,0.6782456587375487,0.9338558193724864,0.6618977985274326,0.7640899183034111
2,high,12,24,0.8143550241760427,0.6695294074390201,0.8883821930165031,0.28616920232636206,0.664608956739482
2,high,13,26,0.5632702544946846,0.8665806002385835,0.862489316154061,0.8900059211168673,0.7955865230010492
2,high,14,28,0.6103057501521744,0.8667239413260185,0.5708689041742396,0.42610052427543277,0.6184997799819663
2,high,15,30,0.5905651561223276,0.820049517524142,0.6354104992476711,0.5586954927981973,0.6511801664230845
2,high,16,32,0.7973346116075405,0.6961630516831437,0.48786700887530887,0.9881183780135323,0.7423707625448814
2,high,17,34,0.9390858223743385,0.4444355154306098,0.4699772012405562,0.7568328930252688,0.6525828580176933
2,high,18,36,0.6722358069069008,0.5661176597452341,0.3579193970136459,0.9157542788765667,0.6280067856355869
2,high,19,38,0.7696581776360708,0.7797000268693636,0.3960276100272794,0.5472176165321523,0.6231508577662165
2,high,20,40,0.6101300590688375,0.6769002099737104,0.8377866865650168,0.4756363472032832,0.650113325702712
2,high,21,42,0.24402853661404422,0.7882397498710527,0.9858512412019796,0.36471822601323256,0.5957094384250773
2,high,22,44,0.34241178091564317,0.6508255943038808,0.3584065662519981,0.3945788639678501,0.436555701359843
2,high,23,46,0.3547845503993085,0.931262289854962,0.694698488104802,0.9971687216342642,0.7444785124983342
2,high,24,48,0.7122545988773018,0.9613758220121518,0.7266161512946411,0.9975273768433653,0.849443487256865
2,high,25,50,0.37895583970084273,0.8578431897720604,0.5892363611209706,0.2804702229474534,0.5266264033853318
2,high,26,52,0.6909395409106305,0.7387168951701577,0.7029179145330465,0.8003170681193724,0.7332228546833018
2,high,27,54,0.4206715271984039,0.7680450668622677,0.44195739678917473,0.846406992077134,0.6192702457317452
2,high,28,56,0.39598114791589534,0.574345623312437,0.6067671099607789,0.9315470445166135,0.6271602314264312
2,high,29,58,0.8141197572774506,0.5102990843871482,0.7124268693575495,0.857170775877844,0.723504121724998
2,high,30,60,0.5851553340245774,0.9020158842564246,0.9615999502977411,0.9953392387165928,0.861027601823834
2,high,31,62,0.8742253760929518,0.9265492155569174,0.9167763705606793,0.9863389270519541,0.9259724723156257
2,high,32,64,0.9756568248503684,0.7113266010663135,0.39267034165808645,0.8131508823680651,0.7232011624857084
2,high,33,66,0.6447533447080859,0.6503454107924579,0.704955263875903,0.9921993965592049,0.7480633539839129
2,high,34,68,0.43960466869836234,0.811773864935676,0.6690762965972991,0.8361543428402671,0.6891522932679011
2,high,35,70,0.7327778982167166,0.7138333229917492,0.5135520223708027,0.9906735062994179,0.7377091874696715
2,high,36,72,0.2314951429236851,0.8486103620979525,0.6318322588670608,0.611455178578385,0.5808482356167708
2,high,37,74,0.71552579627726,0.4137050269009671,0.6027822627158858,0.9791771886797589,0.677797568643468
2,high,38,76,0.34743038672933674,0.7428969224309587,0.8374493715668336,0.9964673820442249,0.7310610156928385
2,high,39,78,0.11167197854279409,0.7338229743652868,0.49138085945368737,0.3085998563802324,0.4113689171855001
2,high,40,80,0.1523095038015041,0.8628419981054458,0.17979573870254908,0.599474597193057,0.448605459450639
2,high,41,82,0.8599987809503516,0.8140467953433442,0.9001617725619279,0.9818501654718769,0.8890143785818752
2,high,42,84,0.8654145954095812,0.8210046832264164,0.4870488579291972,0.9263546552787705,0.7749556979609913
2,high,43,86,0.6941568650592697,0.9194952946650605,0.2154408321674878,0.9975273768433653,0.7066550921837959
2,high,44,88,0.6824124057861161,0.9152319313904406,0.3499146711769512,0.9975273768433653,0.7362715962992183
2,high,45,90,0.4093932575526162,0.6456413866001065,0.30626043931254815,0.9975273768433653,0.589705615077159
2,high,46,92,0.6102276531553786,0.6454707465850273,0.831307077963181,0.9975273768433653,0.771133213636738
2,high,47,94,0.9967562487005588,0.6864792916695214,0.5457240967860307,0.9975273768433653,0.806621753499869
2,high,48,96,0.9930174654399979,0.7290568462599986,0.3016940482171887,0.9975273768433653,0.7553239341901377
2,high,49,98,0.9105673253046372,0.7998320499039926,0.8771035465812034,0.9975273768433653,0.8962575746582996
2,high,50,100,0.7563354937365261,0.6198116124400114,0.2061176705933634,0.9975273768433653,0.6449480384033165
2,high,51,102,0.4436701814175765,0.8270833557439681,0.5452375920282693,0.9975273768433653,0.7033796265082948
2,high,52,104,0.44724218556884593,0.8048087013693443,0.8968965488012288,0.7432087086233559,0.7230390360906938
2,high,53,106,0.5837421336028906,0.4657094299213083,0.5912023031651177,0.9469365769343003,0.6468976109059043
2,high,54,108,0.5855365836475743,0.7035134296479154,0.48416157012707106,0.4928662462485888,0.5665194574177874
2,high,55,110,0.7097017143613022,0.6438376557050173,0.21548698895537918,0.7792069944898331,0.5870583383778829
2,high,56,112,0.7976874741829406,0.535779008134882,0.17156317588192496,0.9076022907813109,0.6031579872452646
2,high,57,114,0.6987550687528086,0.7416858156619424,0.34997222802487327,0.9975273768433653,0.6969851223207474
2,high,58,116,0.8831502032496025,0.7371869226943654,0.6958408056161287,0.6399574678327724,0.7390338498482172
2,high,59,118,0.8645980369559515,0.5744910174910022,0.8332446111495069,0.8245812605540179,0.7742287315376195
2,high,60,120,0.4655813952926985,0.6094143999537235,0.8292483833310699,0.8862558515407238,0.6976250075295539
2,high,61,122,0.3830907834089271,0.4502254593530494,0.15606451457149537,0.796607260171649,0.4464970043762802
2,high,62,124,0.5885266408243446,0.6389015451637899,0.296228958418342,0.741791174642613,0.5663620797622724
2,high,63,126,0.6271187192545097,0.8098673030312376,0.16937320285245377,0.38550020570058596,0.4979648577096967
2,high,64,128,0.8738713323363304,0.6357802508143608,0.41286193043377467,0.7706801939595174,0.6732984268859958
2,high,65,130,0.9193079003187311,0.69640432018002,0.8551811241744758,0.9824964619783499,0.8633474516628943
2,high,66,132,0.923930602470813,0.8531885472285244,0.5554418999109627,0.9011096119473117,0.8084176653894029
2,high,67,134,0.7117825552292254,0.6647802872264099,0.4560218767862034,0.993343859792427,0.7064821447585664
2,high,68,136,0.6167291211064212,0.4918171138605686,0.5429915025561948,0.9768877719621221,0.6571063773713266
2,high,69,138,0.7217822887797057,0.47865217410891076,0.31080434119191425,0.8771712100009373,0.597102503520367
2,high,70,140,0.12097460265172404,0.8996609112723193,0.8720489294118858,0.7527493388867474,0.6613584455556691
2,high,71,142,0.28914668247114167,0.9351024006322394,0.8586477531923631,0.615466408097352,0.674590811098274
2,high,72,144,0.5951257673803785,0.732509991691189,0.3561088106277015,0.9975273768433653,0.6703179866356586
2,high,73,146,0.7216264851276787,0.8873241927613399,0.8298335244027353,0.6532186356561988,0.7730007094869882
3,rest,0,0,0.495121889551907,0.4763294208246462,0.6388378032091802,0.49859452103730395,0.5272209086557593
3,rest,1,2,0.8202702765479148,0.9519895227717877,0.18299888676488105,0.3586251491535837,0.5784709588095418
3,rest,2,4,0.7815774812198188,0.8392526490236618,0.4906667854817229,0.4945930121443645,0.651522481967392
3,rest,3,6,0.6491685294974031,0.691479049908594,0.19838785918839993,0.40922860041217085,0.48706600975164194
3,rest,4,8,0.581070141088016,0.6527253778425631,0.33398432256623284,0.3432857742044197,0.47776640392530795
3,rest,5,10,0.5755128823384393,0.6684008686032643,0.7634188971276381,0.32168328660940926,0.5822539836696877
3,rest,6,12,0.55950093750243,0.5731927202611211,0.6679790050632343,0.2814474144029908,0.520530019307444
3,rest,7,14,0.5089005415882247,0.6052045829316561,0.6424652993007756,0.48719321038931,0.5609409085524917
3,rest,8,16,0.6081372880675747,0.44196873898824984,0.7329684392905399,0.8195982713604814,0.6506681844267115
3,rest,9,18,0.5048781104480928,0.4149285023272647,0.7299414421641348,0.28465253129375706,0.48360014655831235
3,rest,10,20,0.7299014079820595,0.7505701605446378,0.5908860115016024,0.6112833797091759,0.670660239934369
3,rest,11,22,0.40119711283751114,0.6376701413344878,0.41569007784199535,0.440415706164612,0.4737432595446516
3,rest,12,24,0.4078484395172612,0.3100915358361933,0.3484557567863812,0.4097907413731608,0.36904661837824915
3,rest,13,26,0.2581141571149803,0.26716357131100826,0.4870000378195559,0.37292807632133124,0.3463014606417189
3,rest,14,28,0.4754021050026811,0.2894173069725038,0.6984737925604662,0.6442632301979677,0.5268891086834047
3,rest,15,30,0.8319486858706704,0.47462347167813274,0.3086911139578245,0.8536604159519923,0.617230921864655
3,rest,16,32,0.6741282844128629,0.7411066101442234,0.16876361595314737,0.8611187492200807,0.6112793149325786
3,rest,17,34,0.7277845495575509,0.9482281884455154,0.4573535114603039,0.8922310766724998,0.7563993315339674
3,rest,18,36,0.5660192973426873,0.9975273768433653,0.5512033962755472,0.8791506593071282,0.748475182442182
3,rest,19,38,0.7762071227552438,0.9975273768433653,0.8224751392698574,0.6065812596797125,0.8006977246370448
3,rest,20,40,0.8430162814302301,0.989521542853429,0.326149233368553,0.7885841323726762,0.736817797506222
3,rest,21,42,0.8487267675989493,0.9693513618196873,0.3818414851941756,0.3843987926927319,0.646079601826386
3,rest,22,44,0.7308418892178461,0.9859376694486492,0.3820434185760317,0.4461163782173987,0.6362348388649814
3,rest,23,46,0.6455742996472278,0.9936210622551584,0.5844345232130483,0.35012767740874523,0.6434393906310449
3,rest,24,48,0.562012553829125,0.9855637879643774,0.5350250930706922,0.425256232323307,0.6269644167968753
3,rest,25,50,0.4939010281290643,0.9061951115575382,0.2692912510131499,0.8007690740381266,0.6175391161844698
3,rest,26,52,0.49327212838456236,0.9307137887986775,0.6451856472537384,0.7860490415600605,0.7138051514992597
3,rest,27,54,0.6198671325485057,0.9467482983954006,0.46924233285380634,0.8521928931842883,0.7220126642455003
3,rest,28,56,0.591487774027787,0.8366158015771288,0.255874967824629,0.5674574125776815,0.5628589890018065
3,rest,29,58,0.6337521677622076,0.9127450794655845,0.12355388929804963,0.9251569992080283,0.6488020339334675
3,rest,30,60,0.7981327697692726,0.9605146972128003,0.32106563907231717,0.7633962035569849,0.7107773274028437
3,rest,31,62,0.6951529402777662,0.9619558167511435,0.4060929311781891,0.7312411510677717,0.6986107098187175
3,rest,32,64,0.5593672052768762,0.6195977132289158,0.26249178246196464,0.9462642443713418,0.5969302363347746
3,rest,33,66,0.7912182242445058,0.9056941325331639,0.6402303927116408,0.7919455360265583,0.7822720713789673
3,rest,34,68,0.8262705616761379,0.8863694409038526,0.7776229674686214,0.8786318381852026,0.8422237020584535
3,rest,35,70,0.9120944656495206,0.9638177347309571,0.4135265796460133,0.3338096773494344,0.6558121143439813
3,rest,36,72,0.8761923564096953,0.9016551544389876,0.38479213942405177,0.3985238332121264,0.6402908708712153
3,rest,37,74,0.5610495342576004,0.5453780707006792,0.1868049934296869,0.23569415330135385,0.3822316879223301
3,rest,38,76,0.4754965921702057,0.4970535466234887,0.24017264240019756,0.3802252578380684,0.39823700975799003
3,rest,39,78,0.4910180261324138,0.7447438127050329,0.4997709875559426,0.8281051079190211,0.6409094835781026
3,rest,40,80,0.4023597555818271,0.5518569603095032,0.6006001549320628,0.8667457336756755,0.6053906511247672
3,rest,41,82,0.34402951248739183,0.44649436794466146,0.6916537937411273,0.7789414526333837,0.5652797817016411
3,rest,42,84,0.7857753139416412,0.69509867556171,0.588607053504123,0.42138924460893495,0.6227175719041023
3,rest,43,86,0.6230740517520975,0.8152754088749171,0.3814145827898713,0.3435338679207284,0.5408244778344036
3,rest,44,88,0.4536170807903733,0.41162365836096493,0.5661387682000552,0.36284390135476996,0.4485558521765408
3,rest,45,90,0.4242953184693435,0.3141204567672682,0.7651281491795827,0.33558634533450926,0.45978256743767587
3,rest,46,92,0.47911602010237525,0.3817522815389683,0.18134366574762104,0.2892585022742745,0.3328676174158097
3,rest,47,94,0.24714858124923852,0.3386394909084292,0.7095887804207415,0.3808807733416272,0.4190644064800091
3,rest,48,96,0.22673815765284258,0.3648958947012136,0.7039181953906515,0.59494438960955,0.4726241593385644
3,rest,49,98,0.5096821746080085,0.2903070084775525,0.22257933065116053,0.7544598128320565,0.4442570816421945
3,rest,50,100,0.4455397624979891,0.36414343022256973,0.5002290124440575,0.5206783329754004,0.4576476345350041
3,rest,51,102,0.38248588660643984,0.4089126098073022,0.6201392108130402,0.42732751107140554,0.45971630457454693
3,rest,52,104,0.5791317223771835,0.3410646754808907,0.6989169312670546,0.6251596428569095,0.5610682429955096
3,rest,53,106,0.7652430272639366,0.46143729385174986,0.40246417254212147,0.501405478962696,0.532637493155126
3,rest,54,108,0.5561201378209655,0.3622839616432341,0.349439386945012,0.46891925250133154,0.4341906847276358
3,rest,55,110,0.3841110452744777,0.4704409233676722,0.6083913475944707,0.5405788740091232,0.500880547561436
3,rest,56,112,0.48437360494260956,0.47985949125998406,0.7575385221413321,0.41997957423713356,0.5354377981452648
3,rest,57,114,0.33101605881451385,0.3625589888268734,0.6569869833336868,0.3394029784172603,0.4224912523480836
3,rest,58,116,0.207753016610739,0.36964241244166995,0.21506714093454177,0.44974573609440377,0.3105520765203386
3,rest,59,118,0.35405804508714367,0.28307238819177305,0.2874390840760305,0.3957461631403247,0.330078920123818
3,rest,60,120,0.25472153207071213,0.2562288476874305,0.43276759007135157,0.5425316980843593,0.3715624169784634
3,rest,61,122,0.0650005874744922,0.38484117424576403,0.4144461013668073,0.894503653077036,0.4396978790410249
3,rest,62,124,0.10215825799975108,0.38119492635411206,0.6902131194477887,0.8443966535133927,0.5044907393287612
3,rest,63,126,0.08354042543483141,0.34179328255487446,0.6661467483028203,0.7458163493596829,0.4593242014130523
3,rest,64,128,0.13826597605560542,0.38672458602732107,0.6714639849602946,0.708802245540031,0.476314198145813
3,rest,65,130,0.24787839029800832,0.5329051816431638,0.5124790972818667,0.25121633274130223,0.3861197504910852
3,rest,66,132,0.24973763405177318,0.48433004474181746,0.5532210899262464,0.40755779837141987,0.42371164177281423
3,rest,67,134,0.3161221520830912,0.3246667937094167,0.7345500529962475,0.2660035333324531,0.4103356330303021
3,rest,68,136,0.11316673378378302,0.38015181632115735,0.8562347337291224,0.7793463605965755,0.5322249111076596
3,rest,69,138,0.1589308995584879,0.3902402073376988,0.34101768443103253,0.6238411114997825,0.3785074757067505
3,rest,70,140,0.2704247614941377,0.442044899099715,0.2786738481269638,0.2990232721512851,0.3225416952180254
3,rest,71,142,0.18059240546453145,0.5029464533765112,0.4218319765213295,0.33023200409279196,0.358900709863791
3,rest,72,144,0.29847505103593674,0.37492535595055687,0.5707899552357567,0.7481919280137763,0.49809557255900666
3,rest,73,146,0.19295560226705943,0.33634645004791897,0.7589669324333018,0.7740137296698172,0.5155706786045243
3,high,0,0,0.92828585705047,0.9944538443232385,0.553872090625952,0.4092335473831992,0.721461334845715
3,high,1,2,0.6965978581853769,0.9858265733707834,0.4117058484586683,0.7539821713058573,0.7120281128301714
3,high,2,4,0.5718746771980807,0.9078465947094033,0.38205101917565915,0.33180291441993714,0.5483938013757701
3,high,3,6,0.6606146069541095,0.8663820886161957,0.6735271617758238,0.46091714526946903,0.6653602506538995
3,high,4,8,0.40444365811185384,0.9246053469473171,0.6297660649635535,0.613984897825303,0.6431999919620068
3,high,5,10,0.43396094206140345,0.9377571544548102,0.5337746705599222,0.9698760293329949,0.7188421991022826
3,high,6,12,0.5869131241013869,0.9517944236782977,0.6149623013189504,0.9975273768433653,0.7877993064855
3,high,7,14,0.7380667414998658,0.9824429507517723,0.45813507502318274,0.9975273768433653,0.7940430360295465
3,high,8,16,0.7274260001020962,0.934284965047063,0.6239707188818179,0.997007630776285,0.8206723287018155
3,high,9,18,0.8434271975105493,0.9902713608475185,0.5741774168804129,0.6765612913561011,0.7711093166486455
3,high,10,20,0.5107180338364351,0.9854739185607306,0.6192064415135312,0.7946067707572383,0.7275012911669838
3,high,11,22,0.7654642620539273,0.8499198154093661,0.8330633416498354,0.9175041221272373,0.8414878853100916
3,high,12,24,0.23636528017917804,0.6546897590720612,0.4273041164128474,0.6967525995923366,0.5037779388141058
3,high,13,26,0.09535715153655032,0.38442496478266264,0.24781057022315048,0.6867019643746575,0.3535736627292552
3,high,14,28,0.22590698958857286,0.24868454762932757,0.18642708680331854,0.5717766971218181,0.3081988302857593
3,high,15,30,0.752469196332932,0.8044703190045922,0.4314352625611502,0.7823206220444595,0.6926738499857834
3,high,16,32,0.6838328527557898,0.9089676363723946,0.16350326864734924,0.86582581205484,0.6555323924575934
3,high,17,34,0.6923685256542709,0.7948747834770648,0.2536893231122077,0.7635546790755634,0.6261218278297767
3,high,18,36,0.7665335287252557,0.6478405440285986,0.5271745075824854,0.7820486943532903,0.6808993186724075
3,high,19,38,0.6740651148637931,0.8826652440645675,0.24310776673687465,0.5212896663431458,0.5802819480020952
3,high,20,40,0.6178156954579374,0.7473815947761592,0.5642876163446078,0.9284869774572752,0.7144929710089949
3,high,21,42,0.7026321638897551,0.36205712023632686,0.2541982374875589,0.6715924695451218,0.4976199977896907
3,high,22,44,0.7602854813055009,0.36267597204601504,0.3617845508051986,0.7636859350304213,0.562107984796784
3,high,23,46,0.9149720280749881,0.8272323041102188,0.13762246633784875,0.2845981796930775,0.5411062445540333
3,high,24,48,0.7831592722659646,0.7962473267553731,0.2989713180199032,0.3728284459144487,0.5628015907389224
3,high,25,50,0.4930762706529549,0.6457741564792454,0.5111669611459563,0.8147001502782857,0.6161793846391106
3,high,26,52,0.5772486152874787,0.8254318274794757,0.2758826498996555,0.56003187784383,0.55964874262761
3,high,27,54,0.6035962002485937,0.9066075220288987,0.16182052379267475,0.4962720602344848,0.542074076576163
3,high,28,56,0.7837490791735444,0.949635604249819,0.4506131519867404,0.8044454230192257,0.7471108146073323
3,high,29,58,0.8960903496278383,0.9832937621832138,0.6332858957895463,0.36660445957390125,0.7198186167936249
3,high,30,60,0.9638631227260469,0.9695870095824803,0.467696614651555,0.39175269696029547,0.6982248609800945
3,high,31,62,0.9672228045257838,0.951321950119357,0.12131214753404802,0.43336166316116254,0.6183046413350879
3,high,32,64,0.7871944657712068,0.9200537860668279,0.2641367559225262,0.5020467989884938,0.6183579516872637
3,high,33,66,0.6419910448220598,0.9871789487463557,0.1870849737570285,0.6716125639509046,0.6219668828190872
3,high,34,68,0.4820462011890257,0.8694045045483573,0.20592177887243926,0.4021729713265946,0.48988636398410423
3,high,35,70,0.6833851656846334,0.7198431560915547,0.36170565053584885,0.4882613029048436,0.5632988188042202
3,high,36,72,0.6620779053255491,0.9043195309547439,0.7233514358940851,0.7277171810305085,0.7543665133012217
3,high,37,74,0.7827709591871697,0.9463710574945936,0.7350361696742175,0.5162605693653781,0.7451096889303397
3,high,38,76,0.8126625781853043,0.9576968600722395,0.4357110855380967,0.5311055494623771,0.6842940183145044
3,high,39,78,0.6523418189472946,0.9278715138417163,0.2552973519241715,0.5089355577584991,0.5861115606179204
3,high,40,80,0.17828611969143063,0.3134873987915178,0.2787908489394232,0.9437451413684389,0.4285773771977026
3,high,41,82,0.27862043961821825,0.5402159079188414,0.2974086241736624,0.8939768726087618,0.502555461079871
3,high,42,84,0.8377768440697314,0.997008650327876,0.651074748159891,0.6485900484888953,0.7836125727615983
3,high,43,86,0.9062039108164474,0.994608994466153,0.12438829895460042,0.6580911376910545,0.6708230854820638
3,high,44,88,0.8591372897539965,0.9917456540264854,0.32586243351564625,0.3949294699274783,0.6429187118059015
3,high,45,90,0.642528563389594,0.9709814412114685,0.18780006620633297,0.5057916300000965,0.576775425201873
3,high,46,92,0.49871642078624356,0.8032766184139589,0.4666518658991482,0.4853028014653791,0.5634869266411824
3,high,47,94,0.4799829972447126,0.8191653013234814,0.27178443149353576,0.8071658569674414,0.5945246467572928
3,high,48,96,0.6708413558834193,0.9718520400239674,0.23040425603894296,0.9034201455757767,0.6941294493805266
3,high,49,98,0.661595390891727,0.9690706253668472,0.6836514995546159,0.5616838508938995,0.7190003416767725
3,high,50,100,0.5671919190302084,0.9815542111910233,0.6586724188236249,0.8606889401304847,0.7670268722938353
3,high,51,102,0.6869926924830382,0.9661556468575042,0.7823533007394539,0.5677729280209232,0.7508186420252299
3,high,52,104,0.8364564054442937,0.9459166925518951,0.48307153992313223,0.441324615194307,0.676692313278407
3,high,53,106,0.9359086837877959,0.9812899015765414,0.3133417156738119,0.6837637405564643,0.7285760103986534
3,high,54,108,0.8227403458420227,0.9749301443159419,0.37721316388678666,0.7940583321052064,0.7422354965374893
3,high,55,110,0.7564087857046287,0.9795465979914934,0.11000086003442575,0.6708514995069542,0.6292019358093756
3,high,56,112,0.9344846655912552,0.9711115011915425,0.6202394645946647,0.6430444666024019,0.7922200244949661
3,high,57,114,0.7492535384785065,0.8771676175188389,0.7340951988971018,0.4641750875337873,0.7061728606070586
3,high,58,116,0.8888686108550632,0.9490182530885238,0.37322864435622444,0.6702121342382193,0.7203319106345077
3,high,59,118,0.8985740132404072,0.8072393374311919,0.524512251684382,0.6694032953511279,0.7249322244267773
3,high,60,120,0.8982641674285728,0.8714721623919173,0.5151999775079104,0.827035967128335,0.7779930686141838
3,high,61,122,0.8628262083505503,0.9826099183604424,0.46348090651196977,0.5867851882893156,0.7239255553780695
3,high,62,124,0.7539424716325654,0.9830550587074671,0.10840289473712071,0.8127715242148186,0.6645429873229929
3,high,63,126,0.5672290893148015,0.9666659437098781,0.6601560645971665,0.9000846941896473,0.7735339479528733
3,high,64,128,0.5675918413016804,0.5402602246308358,0.5866689146502945,0.4330866525684969,0.5319019082878269
3,high,65,130,0.6586195822627363,0.842659668567586,0.4940654680246065,0.7345525650935455,0.6824743209871186
3,high,66,132,0.43981434463683766,0.7892966933606265,0.09427634332052741,0.7166560482840711,0.5100108574005157
3,high,67,134,0.3669674198480049,0.7215031087362042,0.42786514490279876,0.5269381741412088,0.5108184619070542
3,high,68,136,0.5796297717086802,0.9884696694453735,0.33630153947494723,0.7163042569856223,0.6551763094036558
3,high,69,138,0.6003101681980739,0.9884600844435927,0.17746568007262503,0.693892692695261,0.6150321563523882
3,high,70,140,0.36856360267787514,0.4173066722176854,0.27227302743658743,0.7920656568007193,0.4625522397832168
3,high,71,142,0.35749166022669876,0.6043997037535641,0.2004674210936648,0.9521396606394389,0.5286246114283416
3,high,72,144,0.9012405497239978,0.9914893023265798,0.4198286064100581,0.8181830016981179,0.7826853650396884
3,high,73,146,0.651989809395251,0.903021223871109,0.872435357082543,0.8851647239742936,0.828152778580799
4,rest,0,0,0.3676318717241365,0.7456537462955574,0.6410672935999387,0.8325168426963796,0.6467174385790031
4,rest,1,2,0.6783247377161886,0.7361696306650379,0.5652170350364673,0.5483296731744711,0.6320102691480413
4,rest,2,4,0.6695806314004977,0.6510979798492618,0.746257731965205,0.4906227662895244,0.6393897773761222
4,rest,3,6,0.7414243429930113,0.6061169964998282,0.6565809645089051,0.4123993681830039,0.6041304180461871
4,rest,4,8,0.7397275660466692,0.39435865715148904,0.2877505242209713,0.7628385568089695,0.5461688260570248
4,rest,5,10,0.30163370870573536,0.8224589690187752,0.769338201573485,0.3926204953607585,0.5715128436646886
4,rest,6,12,0.5138914499989945,0.7213591245966636,0.25765797837374504,0.5966989098508517,0.5224018657050638
4,rest,7,14,0.552353114601523,0.5024829261173785,0.14251407486014303,0.3916230981643479,0.3972433034358481
4,rest,8,16,0.5435535109865509,0.6946557611419185,0.31975044724955554,0.621515581214386,0.5448688251481028
4,rest,9,18,0.1918934895547279,0.8899637877480694,0.7100756774882828,0.7846734893300628,0.6441516110302857
4,rest,10,20,0.12290586484144167,0.8375481895889477,0.1906259629419726,0.6767939748859237,0.45696849806457146
4,rest,11,22,0.43663867713404486,0.5022212515360696,0.7665344451070059,0.7112085405102705,0.6041507285718477
4,rest,12,24,0.2956979863129464,0.44776093400134653,0.4071290582493456,0.7227592377878125,0.46833680408786277
4,rest,13,26,0.2260807666335388,0.3865812510681863,0.6090616446676974,0.4966318631208479,0.4295888813725676
4,rest,14,28,0.5837295180351136,0.3917719301883235,0.6102932528575682,0.28692879030193646,0.46818087284573545
4,rest,15,30,0.7945697135292812,0.39315213659806025,0.3420923792578262,0.36747893757926603,0.47432329174110843
4,rest,16,32,0.3104074439736254,0.7814352932036543,0.9975273768433653,0.1296289765699263,0.5547497726476428
4,rest,17,34,0.27393924783610324,0.7410308815632757,0.9975273768433653,0.10283975895528268,0.5288343162995067
4,rest,18,36,0.4735186691309518,0.7481902631444881,0.3890569858324588,0.43278543284912613,0.5108878377392563
4,rest,19,38,0.5811427870508113,0.5321181918619872,0.4193300284933379,0.21043299693874046,0.4357560010862192
4,rest,20,40,0.5276855271980297,0.4257908621352636,0.45540988062941246,0.3367195578233348,0.43640145694651017
4,rest,21,42,0.5084180338917853,0.6199300042462453,0.4794216004426208,0.4422728990043892,0.5125106343962602
4,rest,22,44,0.7157923835509947,0.8293349410313683,0.5719590999194758,0.3811289713407447,0.6245538489606459
4,rest,23,46,0.8215438311207468,0.6492997772064888,0.1747164526184465,0.3283540910308423,0.4934785379941311
4,rest,24,48,0.9076989737884387,0.5376607929497896,0.18023784876632,0.6792163108192216,0.5762034815809425
4,rest,25,50,0.7308283561119671,0.49777874846393055,0.7331131250515658,0.6288229950524095,0.6476358061699682
4,rest,26,52,0.7711111612291346,0.4190232645703394,0.42523875963724006,0.6616104772406399,0.5692459156693385
4,rest,27,54,0.5785351319167532,0.4698092131375156,0.21831196937637246,0.49165374410974694,0.4395775146350971
4,rest,28,56,0.5291053672010297,0.6103241860136632,0.3329541631099864,0.5963248785093621,0.5171771487085104
4,rest,29,58,0.7988602275605358,0.5289707313815734,0.7497855461343652,0.7280778514379492,0.7014235891286059
4,rest,30,60,0.46635059592288364,0.534670028137498,0.39612338503296823,0.503368136879152,0.47512803649312546
4,rest,31,62,0.036651565626210636,0.9484347842324011,0.6568251583710734,0.5587952918666987,0.550176700024096
4,rest,32,64,0.1304398186319758,0.938522063772269,0.7756181251908496,0.5335269986695133,0.5945267515661519
4,rest,33,66,0.6298991825282285,0.47307641310718623,0.2711674193265643,0.7828413843884614,0.5392460998376101
4,rest,34,68,0.5769004345594352,0.4696299918637689,0.6579400011536546,0.3144344946333773,0.5047262305525589
4,rest,35,70,0.43751630821312104,0.6222211049806937,0.9211450613531765,0.14615842260757392,0.5317602242886413
4,rest,36,72,0.2948710519907772,0.14295823987549638,0.8004020267597993,0.5603775434423038,0.4496522155170942
4,rest,37,74,0.15337418790321553,0.2912214362376825,0.7604532583341784,0.6998783688633189,0.4762318128345988
4,rest,38,76,0.13444756477227918,0.1380891223037003,0.23929026239341217,0.7112616944979888,0.3057721609918451
4,rest,39,78,0.1145469264269577,0.11565643154921987,0.5240051737958548,0.994551113854636,0.4371899114066671
4,rest,40,80,0.05220810628381431,0.08177740660374797,0.5407659103170187,0.7990788161295952,0.36845755983354406
4,rest,41,82,0.06686791524680125,0.06598593116578157,0.8107194759431491,0.9230872560354899,0.46666514459780545
4,rest,42,84,0.31964683014369416,0.07773314037450939,0.3294005106561333,0.8144424555331619,0.38530573417687464
4,rest,43,86,0.15171458084522574,0.10190964773590332,0.5794761396416089,0.5970864485936666,0.3575467042041012
4,rest,44,88,0.4169076890939755,0.4921353985189577,0.9615420152732802,0.18250259576031083,0.5132719246616311
4,rest,45,90,0.34463813021193157,0.5735700861722363,0.9801709966951168,0.1844408330259555,0.5207050115263101
4,rest,46,92,0.31805802973558206,0.15770848892261288,0.4058892731733731,0.4960102711373785,0.34441651574223664
4,rest,47,94,0.09902918873987088,0.8959033409880437,0.3449683339895432,0.33826534067541636,0.4195415510982185
4,rest,48,96,0.2293876133482021,0.9166918625526959,0.29325909376731774,0.5816286266585744,0.5052417990816975
4,rest,49,98,0.427494483188795,0.2725054200470848,0.39485931209738323,0.37287268659222167,0.36693297548137116
4,rest,50,100,0.5300567859985827,0.28766742170516524,0.6103659685561253,0.47779320690548027,0.4764708457913384
4,rest,51,102,0.5857871040864893,0.34642113463665103,0.6966076894175931,0.6652243134141262,0.5735100603887149
4,rest,52,104,0.6182757703891204,0.36248948104153084,0.5124216091141169,0.9377737498455847,0.6077401525975883
4,rest,53,106,0.5983121568854834,0.34141408493996195,0.46407523189810085,0.6035023879871044,0.5018259654276627
4,rest,54,108,0.6413120597527248,0.39542009165896524,0.47734629212912005,0.41288593591261613,0.4817410948633566
4,rest,55,110,0.5610988345284655,0.3322599983921969,0.16009509587447787,0.5382782825530118,0.39793305283703806
4,rest,56,112,0.39540054179643247,0.6001412641257304,0.35012719893144,0.7542830412315491,0.5249880115212879
4,rest,57,114,0.6111897380801559,0.5547155951206896,0.7846129996075971,0.5405600296311169,0.6227695906098899
4,rest,58,116,0.6888322305094222,0.45015138212420136,0.3703771318224011,0.3291376565530966,0.4596246002522803
4,rest,59,118,0.5529309765906858,0.5212439396584877,0.30645293367279575,0.5821232802727448,0.4906877825486785
4,rest,60,120,0.5346065977524416,0.7268441120708165,0.5711212507880249,0.48780982263521927,0.5800954458116255
4,rest,61,122,0.49158196610821475,0.3515101322245749,0.3799943942354739,0.20536046904287228,0.35711174040278393
4,rest,62,124,0.4680507465991613,0.9340558781526751,0.46497518983128894,0.9860787167648515,0.7132901328369942
4,rest,63,126,0.5844824650498714,0.9781170868492206,0.583706095020761,0.9975273768433653,0.7859582559408046
4,rest,64,128,0.4702518909304701,0.5981718327360528,0.2350605242159925,0.46346560897826244,0.44173746421519444
4,rest,65,130,0.19164750313966164,0.9885143444990857,0.4978788804228211,0.7250158100877944,0.6007641345373407
4,rest,66,132,0.263768404231831,0.9436444786811244,0.7772756162660108,0.452293723797048,0.6092455557440035
4,rest,67,134,0.7080333557437007,0.2971142665133398,0.06649818909550757,0.21236626753411914,0.32100301972166684
4,rest,68,136,0.41643032944311414,0.45606930902240994,0.5719517845823623,0.41925050795732083,0.4659254827513018
4,rest,69,138,0.2874033788099745,0.27939722722765453,0.4481517421094137,0.28220330176615177,0.32428891247829866
4,rest,70,140,0.2787281404405962,0.333592178925913,0.8054546528248286,0.15445113395600296,0.3930565265368352
4,rest,71,142,0.5334580582139916,0.1971322540070839,0.5021211195771788,0.3997319177327769,0.4081108373827578
4,rest,72,144,0.5426848132147213,0.3627474538856047,0.38816637911702406,0.24216164792024678,0.38394007353439924
4,rest,73,146,0.5950776690777119,0.33230996114059436,0.9349088465602686,0.34022301889458334,0.5506298739182895
4,high,0,0,0.4768523224992319,0.7560562479561689,0.7201194408098616,0.9899456031930728,0.7357434036145838
4,high,1,2,0.5169256440926437,0.3765469460074152,0.6098283519836348,0.9295341463223893,0.6082087721015207
4,high,2,4,0.8403181273209724,0.404533004031626,0.4248965364031408,0.262715820992286,0.4831158721870063
4,high,3,6,0.5894725754224502,0.4025697642152578,0.6629939235195993,0.299999384546988,0.48875891192607385
4,high,4,8,0.6714619371974899,0.498988568040178,0.2449757847971213,0.3031196972948632,0.4296364968324131
4,high,5,10,0.6278818049533336,0.29555412890877963,0.5089250767378123,0.3749959925377505,0.451839250784419
4,high,6,12,0.6466160248326901,0.4452162917868841,0.291453398613571,0.42475534471080767,0.45201026498598823
4,high,7,14,0.5495294210575294,0.44129994039088155,0.5367968802783566,0.3428046168454599,0.4676077146430569
4,high,8,16,0.7858928375622424,0.4363688420839248,0.709207269780853,0.3233391453234045,0.5637020236876062
4,high,9,18,0.5416803751216418,0.3944395474260165,0.6223602322998432,0.3434515433943064,0.47548292456045194
4,high,10,20,0.41352354995058366,0.38038365404133634,0.7375902806045311,0.606842843901966,0.5345850821246043
4,high,11,22,0.5424827855990444,0.2554367779808449,0.23806348869384178,0.41759149624136216,0.36339363712877326
4,high,12,24,0.6407582930213731,0.4782308780290403,0.5413173740460724,0.9124344966708171,0.6431852604418258
4,high,13,26,0.4164464568359701,0.5072597229358141,0.7889088883919596,0.4805175160398443,0.548283146050897
4,high,14,28,0.5588258280655668,0.5577857279032478,0.36141647368985447,0.34384110550158875,0.4554672837900644
4,high,15,30,0.771604785776861,0.4298271530047563,0.12965407099766507,0.44373968401882274,0.44370642344952627
4,high,16,32,0.530661290144687,0.3178088367740828,0.3825942498769724,0.590637765592356,0.45542553559702453
4,high,17,34,0.4969568101993466,0.4607382569235253,0.2316985909441575,0.4189658808686792,0.40208988473392715
4,high,18,36,0.5800217288802122,0.27879584755280556,0.47692570143633345,0.16808961264043668,0.375958222627447
4,high,19,38,0.8502072482428211,0.3202596721503516,0.1276753787078683,0.2287296450790493,0.3817179860450226
4,high,20,40,0.9163286266941958,0.3047465347739626,0.3443476048089629,0.2875295483512515,0.46323807865709316
4,high,21,42,0.7049009524555775,0.3462829447109416,0.2753825585321003,0.422190243580891,0.4371891748198776
4,high,22,44,0.5987449795249236,0.41038195753637563,0.639115526844551,0.5055732827343646,0.5384539366600537
4,high,23,46,0.5741690638139376,0.6137951268045277,0.17874590450938319,0.5029479842596232,0.46741451984686794
4,high,24,48,0.5962819052298489,0.31995636027769897,0.7014751889493875,0.41123634460596903,0.5072374497657262
4,high,25,50,0.39064136150861506,0.1713956211688877,0.22152019327528452,0.30653472485270533,0.27252297520137314
4,high,26,52,0.5189783410810717,0.4895289177873477,0.13156559758935393,0.494511586784284,0.40864611081051433
4,high,27,54,0.8232304976511027,0.8551635612290799,0.401272130692901,0.5691734114514229,0.6622099002561266
4,high,28,56,0.5933975548273549,0.5463810337712538,0.22525704177856778,0.3882690427752779,0.4383261682881136
4,high,29,58,0.4961218116355089,0.5323124867264739,0.6840210709879188,0.5897832052141613,0.5755596436410158
4,high,30,60,0.4842340684259051,0.5492240357372631,0.7272202355402935,0.49682550699611416,0.564375961674894
4,high,31,62,0.596647915799057,0.490172897664314,0.4094356201917262,0.3581634382525165,0.4636049679769034
4,high,32,64,0.6439144067179561,0.45074468271884766,0.3392018110875292,0.22426694052890997,0.41453196026331074
4,high,33,66,0.18950372687411515,0.20242939405831606,0.29597462679600933,0.3367441595717007,0.2561629768250353
4,high,34,68,0.28899491315810516,0.18600593188341105,0.6000808129542813,0.2548185550644858,0.33247505326507076
4,high,35,70,0.3572359358853189,0.47789029482092993,0.43914590378463886,0.4344412850844693,0.4271783548938392
4,high,36,72,0.5836733686209788,0.6268968191533068,0.1817378700639093,0.6176023421731793,0.5024776000028436
4,high,37,74,0.4476986267474991,0.47810314738022314,0.5051657857872357,0.6911566178852243,0.5305310444500455
4,high,38,76,0.5112609873395374,0.21637205079294458,0.812993666774753,0.216883758315027,0.4393776158055655
4,high,39,78,0.4939102338909771,0.1822753244168401,0.3862175370750432,0.28398220940210417,0.33659632619624114
4,high,40,80,0.6697463693189867,0.4349947646418271,0.5212603886330276,0.4718765273461347,0.5244695124849941
4,high,41,82,0.5684576096517242,0.6271443354928482,0.42742277945898155,0.4402304803597544,0.5158138012408271
4,high,42,84,0.4619219764486735,0.4166220993226207,0.6697221979664714,0.25925883932260846,0.4518812782650935
4,high,43,86,0.5245437108828667,0.5686386277933667,0.462952532592219,0.5801544202587774,0.5340723228818074
4,high,44,88,0.678206678209923,0.6420760106644695,0.935038102533725,0.5776275303583552,0.7082370804416181
4,high,45,90,0.43924499494983404,0.7085695787120883,0.9219795252591578,0.8864450140328638,0.739059778238486
4,high,46,92,0.5930596876235039,0.7204194161180458,0.8281507467608231,0.5285366143016169,0.6675416162009974
4,high,47,94,0.816415363349064,0.4865976817254988,0.7027605961332104,0.19737359029696078,0.5507868078761835
4,high,48,96,0.7127916256417843,0.4393750816623353,0.15710500183236448,0.14671447688599645,0.36399654650562013
4,high,49,98,0.7884287045136196,0.4682769360996533,0.4330584842682854,0.1405040695435103,0.4575670486062671
4,high,50,100,0.5207891718452948,0.6827226117751481,0.46816013628173936,0.2507368557869446,0.48060219392228176
4,high,51,102,0.357045057515812,0.7314487936026098,0.8023491850240225,0.4610049102127164,0.5879619865887902
4,high,52,104,0.28608365792420554,0.6535677790138004,0.8705401766256732,0.7482996987657127,0.6396228280823479
4,high,53,106,0.44964344291461333,0.6248764868693881,0.7962677643436125,0.4427245656971627,0.5783780649561941
4,high,54,108,0.41694719452525836,0.5406044068763973,0.9233926020547232,0.8144063031932121,0.6738376266623978
4,high,55,110,0.642583525091046,0.62564553570546,0.5177504813887377,0.4665349579452341,0.5631286250326194
4,high,56,112,0.7074340604295841,0.37550861044316813,0.9683045126502683,0.1593943130377084,0.5526603741401823
4,high,57,114,0.8617218942319431,0.620084035903869,0.7571961941253754,0.39220102365977727,0.6578007869802411
4,high,58,116,0.6304187165780957,0.4428559499582193,0.3776440389372701,0.2886624912174628,0.43489529917276204
4,high,59,118,0.3911396605079123,0.24355480143437502,0.19331221999250134,0.40957384471433683,0.3093951316622814
4,high,60,120,0.22629930213211782,0.31376603430586186,0.22066594377725612,0.5175654394958732,0.31957417992777726
4,high,61,122,0.4338559326862073,0.24332174404169346,0.5784974123128439,0.2676359003729346,0.38082774735341984
4,high,62,124,0.3222925023534702,0.3720279676458939,0.5166744936424452,0.2091632649769507,0.35503955715469004
4,high,63,126,0.3476506708792488,0.5510152543123035,0.8981464326856017,0.2464545053887576,0.5108167158164779
4,high,64,128,0.5663780257886811,0.6180608325949624,0.5630831383410729,0.2665632255246301,0.5035213055623367
4,high,65,130,0.39471387397116225,0.39471604261037196,0.6068296865796752,0.2325440487112107,0.407200912968105
4,high,66,132,0.28039685838479117,0.4458659145729891,0.2598090274943766,0.48670143404779537,0.36819330862498806
4,high,67,134,0.5078671733538201,0.39731428029662436,0.312388184860161,0.36625968256894115,0.39595733026988666
4,high,68,136,0.5557822526551001,0.38502156792847303,0.14784489180421623,0.3402285389976485,0.35721931284635944
4,high,69,138,0.644448902537159,0.5122237173273488,0.6360861492788555,0.3037399279275724,0.5241246742677339
4,high,70,140,0.35963888552183104,0.6317540933739635,0.8113689414780457,0.46986532377295276,0.5681568110366982
4,high,71,142,0.1908262070487322,0.4813763721454409,0.5797953437082118,0.451919817951705,0.4259794352135225
4,high,72,144,0.5911241659883135,0.6877606494949914,0.713626670835425,0.7715224459003158,0.6910084830547615
4,high,73,146,0.8557212539636447,0.7729076166366974,0.6666902966108605,0.8141032506150275,0.7773556044565575
5,rest,0,0,0.14796572665502375,0.11897789712179307,0.39519110533143964,0.7795421007946755,0.36041920747573297
5,rest,1,2,0.16167522415474403,0.22751285887311684,0.345654692903304,0.2430034363247951,0.24446155306398998
5,rest,2,4,0.41589503064096234,0.769325629419405,0.24415697425291033,0.236729381757948,0.4165267540178065
5,rest,3,6,0.5244192635881568,0.811110023498435,0.2880360460110131,0.4377050350870953,0.5153175920461751
5,rest,4,8,0.489347335124193,0.4548709867116551,0.20014615218214982,0.30468546102428884,0.3622624837605717
5,rest,5,10,0.5745123191508559,0.16060416902640606,0.32007377323327246,0.5199527178821483,0.39378574482317064
5,rest,6,12,0.5692657455002678,0.15534625940943217,0.3719852993850965,0.21786398575904534,0.3286153225134605
5,rest,7,14,0.44534474125970325,0.34862265126560144,0.7354932822397995,0.22885666159638576,0.4395793340903725
5,rest,8,16,0.4272711786711209,0.41279128307518526,0.17653727220598817,0.5319838252072574,0.38714588978988795
5,rest,9,18,0.5277234415367079,0.36500928455634096,0.11621579247426361,0.7020878674618769,0.4277590965072973
5,rest,10,20,0.5399088120233664,0.3257874268821465,0.7246718446870349,0.7888070172103582,0.5947937752007265
5,rest,11,22,0.47079978313636733,0.5214556427601983,0.7618302838305223,0.5207996605341884,0.5687213425653191
5,rest,12,24,0.6126487479175634,0.5458720020926687,0.8507437413375321,0.5226658888600362,0.6329825950519501
5,rest,13,26,0.5110221413255114,0.7908259643504536,0.4964503847076494,0.2689971917133974,0.516823920524253
5,rest,14,28,0.33581580940851047,0.5756921354850729,0.4623345963184801,0.3284861806136746,0.4255821804564346
5,rest,15,30,0.3592800791743886,0.9482428686241501,0.8367692737877168,0.4819977150515999,0.6565724841594638
5,rest,16,32,0.4786780811469711,0.41222751782443734,0.45166758945332874,0.5899007627113796,0.4831184877840292
5,rest,17,34,0.6395478089487651,0.639381154578582,0.4349223463481479,0.9031831141052363,0.6542586059951828
5,rest,18,36,0.2949728410031956,0.6290258752359564,0.40808685202060085,0.6312058628653249,0.49082285778126944
5,rest,19,38,0.4490789177466654,0.32408340297855615,0.8401083614050612,0.4429924421866543,0.5140657810792343
5,rest,20,40,0.8324089383716112,0.145708554416221,0.6041894937692232,0.6150369192139343,0.5493359764427475
5,rest,21,42,0.15418366968993985,0.632979718815296,0.7488481714484357,0.3398713099162799,0.46897071746748786
5,rest,22,44,0.12131861504876212,0.7362129065990519,0.4328969509702875,0.43121239044376647,0.430410215765467
5,rest,23,46,0.24863445371693624,0.805046188140153,0.6109667429852609,0.5651886062036474,0.5574589977614993
5,rest,24,48,0.29354487063724066,0.6282722589644615,0.42564969303115896,0.8485206768034863,0.5489968748590869
5,rest,25,50,0.6005292541255595,0.7462573770750357,0.15161790763616037,0.7726371011800602,0.567760410004204
5,rest,26,52,0.12741339774294377,0.9579347879980653,0.6336867474410625,0.9183476605989842,0.6593456484452639
5,rest,27,54,0.3207335981235419,0.9072289571167778,0.26988051433851434,0.7770189523179568,0.5687155054741977
5,rest,28,56,0.58614982588519,0.5046618526098714,0.13037649955869865,0.7592598008683843,0.49511199473053613
5,rest,29,58,0.883304704412418,0.6974757369635702,0.4930365640392083,0.4295436362854711,0.625840160425167
5,rest,30,60,0.8054018310672303,0.3227300338317597,0.5490940508932874,0.45374730779744726,0.5327433058974312
5,rest,31,62,0.510652664875807,0.22132438248266156,0.6154739619872974,0.5018569423959087,0.46232698793541865
5,rest,32,64,0.6744506831329167,0.7975035156478554,0.8411489473750507,0.9394878810224037,0.8131477567945566
5,rest,33,66,0.7467840238806326,0.809364303150749,0.7935808921652674,0.8600700102525402,0.8024498073622973
5,rest,34,68,0.6068901889613795,0.3923609117342283,0.5148641279546851,0.33078867383244154,0.46122597562068357
5,rest,35,70,0.681789305136671,0.5059430366603158,0.7308890476965887,0.20530539381956084,0.5309816958282841
5,rest,36,72,0.6157326614612819,0.5937674577264568,0.6309594068703032,0.39979102909933806,0.5600626387893449
5,rest,37,74,0.1774415218648749,0.4423516036971398,0.6324610596580409,0.405827910648616,0.4145205239671679
5,rest,38,76,0.16947510570834898,0.5332804533061839,0.5339379011009218,0.3040468631008633,0.3851850808040795
5,rest,39,78,0.38829212766427074,0.6229924336220728,0.6889033267316809,0.4047276215125186,0.5262288773826358
5,rest,40,80,0.2018967277022303,0.6228993871210831,0.5195899106187978,0.47781175269402165,0.45554944453403323
5,rest,41,82,0.3547654379233559,0.4202094026021798,0.8466418615203258,0.4768597174351803,0.5246191048702604
5,rest,42,84,0.6399705583936146,0.554328679960856,0.9085310819403967,0.30111509169583545,0.6009863529976757
5,rest,43,86,0.881470283817494,0.19827953797434258,0.6373527370588652,0.6768822256571385,0.5984961961269601
5,rest,44,88,0.9289245600874457,0.5411136682942007,0.44996168180512314,0.6032208221660548,0.6308051830882061
5,rest,45,90,0.9278962559555487,0.34991735208973906,0.5943870601087005,0.8126267776289197,0.6712068614457269
5,rest,46,92,0.552237491188476,0.3874327138193939,0.6599002823165491,0.25957483699019157,0.46478633107865264
5,rest,47,94,0.14203806090851734,0.20062252570097003,0.3828896176433787,0.43599146136997874,0.2903854164057112
5,rest,48,96,0.3746445049669675,0.5214271138900182,0.7422875377521787,0.5561440887028354,0.5486258113279999
5,rest,49,98,0.8643583985684762,0.4953381473901284,0.35323371880052323,0.8616334482148339,0.6436409282434904
5,rest,50,100,0.7377327867222715,0.3382873566430486,0.6466328195865837,0.2647106334732663,0.4968408991062925
5,rest,51,102,0.6587037495172354,0.6889045748530535,0.8971551154176796,0.3866100590052993,0.657843374698317
5,rest,52,104,0.4326167213402777,0.6633024080282993,0.9727777085137554,0.3619643928573513,0.607665307684921
5,rest,53,106,0.8777981583096456,0.3172069917197375,0.8478836264756433,0.7971315429129564,0.7100050798544957
5,rest,54,108,0.4875246183141697,0.2646788552821665,0.2801686096767046,0.6204963421299461,0.4132171063507467
5,rest,55,110,0.3391723149099728,0.2748438979704076,0.41166646745586616,0.4981430576040913,0.3809564344850844
5,rest,56,112,0.678319129021365,0.25529908520400546,0.5799359163783334,0.5329625240071825,0.5116291636527216
5,rest,57,114,0.20278572269785955,0.170705268982328,0.3362406160891282,0.25528571399769084,0.24125433044175162
5,rest,58,116,0.37253010191174424,0.1166904347868692,0.24420323504066266,0.9183848581087048,0.4129521574619952
5,rest,59,118,0.29253015889715456,0.09502871454592716,0.22365297512786678,0.5715548086193102,0.29569166429756466
5,rest,60,120,0.3575801162538328,0.2069435288055787,0.45948238163518335,0.314881523101953,0.334721887449137
5,rest,61,122,0.511351245478815,0.46103852582194604,0.7378713890233388,0.3285972049302409,0.5097145913135852
5,rest,62,124,0.7714761014514523,0.5593350029462806,0.7207448497096974,0.9174871438451141,0.7422607744881361
5,rest,63,126,0.5430017072293752,0.65901326999512,0.33874569458763687,0.9390219052130777,0.6199456442563025
5,rest,64,128,0.9220441026235267,0.6135006635929326,0.38449419807341356,0.7359295846254996,0.6639921372288431
5,rest,65,130,0.7082062446856237,0.3593006457565325,0.25494533560260413,0.4116213724746406,0.43351839962985017
5,rest,66,132,0.29514623013131,0.637678880680701,0.47897873165003163,0.5517039581441209,0.49087695015154087
5,rest,67,134,0.11970297034378295,0.8396204626429723,0.3828544020292069,0.6648790791229928,0.5017642285347388
5,rest,68,136,0.5258059456242459,0.8474420373899617,0.8674048954626169,0.5452981288178388,0.6964877518236658
5,rest,69,138,0.4816245538480865,0.40556504872771926,0.779945709284947,0.351523886004077,0.5046647994662075
5,rest,70,140,0.28948475131378903,0.5940561914175518,0.5035496152923504,0.420445130965586,0.4518839222473193
5,rest,71,142,0.4501526680973843,0.3392687245250115,0.43524073354524984,0.37985713796368065,0.40112981603283154
5,rest,72,144,0.8081423143990515,0.16120862771722866,0.2894809721966031,0.24614806884071966,0.3762449957884007
5,rest,73,146,0.6779801956103699,0.2273927532954709,0.21049562533267463,0.5034961928804514,0.40484119177974176
5,high,0,0,0.9975273768433653,0.3431082024391232,0.60546453265397,0.9975273768433653,0.735906872194956
5,high,1,2,0.9937403668202522,0.24150940948987512,0.5446004642335099,0.9975273768433653,0.6943444043467506
5,high,2,4,0.9952771182220834,0.29925337832949983,0.48544911375241273,0.9967981854859889,0.6941944489474963
5,high,3,6,0.989627990526551,0.3277270293953559,0.47822895011889915,0.8348791496721276,0.6576157799282334
5,high,4,8,0.8087289224635957,0.16069870494847158,0.5831768895663291,0.9313264765627441,0.6209827483852851
5,high,5,10,0.5458552636277976,0.13142594279914127,0.3919325514748632,0.9916260339722075,0.5152099479685024
5,high,6,12,0.9029273475502549,0.15393001851410595,0.2793066562190498,0.47980074660512734,0.4539911922221345
5,high,7,14,0.9638035601450928,0.25697205162835246,0.46193141080335126,0.543184934770127,0.5564729893367308
5,high,8,16,0.8496879731252736,0.413832551909526,0.5774562875410924,0.981828627533607,0.7057013600273747
5,high,9,18,0.859291983087487,0.23899632422934652,0.6575213243639692,0.9490493539852226,0.6762147464165063
5,high,10,20,0.8026797161008312,0.4731712850621155,0.9353924675658832,0.9975273768433653,0.8021927113930488
5,high,11,22,0.6744230505519027,0.5455442987995093,0.6926548662224121,0.9975273768433653,0.7275373981042973
5,high,12,24,0.5765284445113228,0.5488014191687806,0.6194138598911737,0.9975273768433653,0.6855677751036605
5,high,13,26,0.5337370828350079,0.6245868820760655,0.5112796942100052,0.9975273768433653,0.666782758991111
5,high,14,28,0.7359096462927669,0.5055420129834163,0.48367474472050276,0.9975273768433653,0.6806634452100128
5,high,15,30,0.949898785531865,0.7093835703231368,0.709916791963279,0.9509068496722507,0.8300264993726328
5,high,16,32,0.9559015550997636,0.6561311286509168,0.3312348803247032,0.7985863583884265,0.6854634806159525
5,high,17,34,0.8963741238886648,0.515606226290589,0.41215028280314064,0.6058424803328307,0.6074932783288063
5,high,18,36,0.8762626339799838,0.695960827016046,0.24118182494367174,0.7608185061906338,0.6435559480325839
5,high,19,38,0.9857994439708664,0.47047731001713405,0.4972156031231862,0.3436163594259633,0.5742771791342874
5,high,20,40,0.9717511249589248,0.5238969690168154,0.5962745592088335,0.978598654096525,0.7676303268202747
5,high,21,42,0.9451913160883406,0.8814535446016634,0.830477684046516,0.9197085026822043,0.8942077618546811
5,high,22,44,0.9850427401330354,0.9005247665592844,0.7576512646810533,0.9975273768433653,0.9101865370541845
5,high,23,46,0.9975273768433653,0.6996873647575621,0.7177153928132931,0.9975273768433653,0.8531143778143965
5,high,24,48,0.9886983133928395,0.2049221888929507,0.44001708155282576,0.8006093080253749,0.6085617229659976
5,high,25,50,0.9166522068577344,0.16447130625332268,0.38843080867914276,0.3728987530298181,0.4606132687050045
5,high,26,52,0.9758483459725945,0.25894478090470296,0.36361210269335353,0.5466817533379869,0.5362717457271595
5,high,27,54,0.9645644518535705,0.33677056616920487,0.4318702855488634,0.49116446312902734,0.5560924416751666
5,high,28,56,0.9178565807806357,0.27804005811509347,0.64936169130934,0.43069903444815283,0.5689893411633055
5,high,29,58,0.8343403305082994,0.27849966982031,0.7859250094359401,0.46156498132394375,0.5900824977721233
5,high,30,60,0.9038937976312613,0.20780164957421804,0.22603890063106508,0.7073474457286446,0.5112704483912973
5,high,31,62,0.9676373084162911,0.33642334716519184,0.8844993056426061,0.8640926239062215,0.7631631462825778
5,high,32,64,0.9782559317831621,0.6682014123270448,0.4583790608106242,0.9947777227702569,0.774903531922772
5,high,33,66,0.9817777574304961,0.3575606995398632,0.5436712330503803,0.9097312403876145,0.6981852326020885
5,high,34,68,0.9850672540381037,0.3042602425683613,0.7471663882739893,0.9523917351433043,0.7472214050059397
5,high,35,70,0.9795249524080443,0.43887983612683773,0.12545563599110549,0.9206894988474873,0.6161374808433687
5,high,36,72,0.9793994931123257,0.38988413011192985,0.3575082282030696,0.8232530943221232,0.6375112364373621
5,high,37,74,0.8377496293126844,0.2905560964362311,0.12298216670841582,0.6799133732083231,0.48280031641641363
5,high,38,76,0.6337733617778344,0.2348801167181145,0.41862654934863247,0.4797866806696111,0.4417666771285481
5,high,39,78,0.8342785431193429,0.2097578176824129,0.302060124480946,0.2580374262361344,0.40103347787970905
5,high,40,80,0.8512421044429986,0.28559174047257696,0.5979528383515249,0.41661390760548556,0.5378501477181465
5,high,41,82,0.9463112632533468,0.45189511962075796,0.3248531709148529,0.4065349789146518,0.5323986331759023
5,high,42,84,0.7194590819993856,0.257550469247796,0.9011983408168153,0.9244221705611442,0.7006575156562853
5,high,43,86,0.9780199040462466,0.2683806565688661,0.22856667219021948,0.4990457267430241,0.4935032398870891
5,high,44,88,0.8935477103264787,0.17165865179641357,0.11336112056525777,0.6074073942872571,0.4464937192438518
5,high,45,90,0.9162785702893783,0.2098690847673686,0.291808854047178,0.26661112506018153,0.42114190854102657
5,high,46,92,0.9546434191453306,0.2300829918515064,0.5014343142590642,0.37276104538089444,0.5147304426591989
5,high,47,94,0.9719866571420497,0.22184316483007463,0.3920813574260575,0.4586314682948188,0.5111356619232502
5,high,48,96,0.9749491344982827,0.2560199611463577,0.3050322378378371,0.59188149734317,0.5319707077064119
5,high,49,98,0.9852506837358855,0.41769785783492575,0.4416516445972678,0.8250617936707212,0.6674154949597
5,high,50,100,0.9407815758010002,0.27900339292251725,0.8630227707926187,0.7252798532756186,0.7020218981979387
5,high,51,102,0.8075419214548466,0.19784432642202973,0.4141781316079413,0.32966127483766633,0.437306413580621
5,high,52,104,0.846852041938149,0.22503217738554615,0.1764001678700778,0.29256121074364655,0.38521139948435484
5,high,53,106,0.8882823962820893,0.29641462336458224,0.23084391270239643,0.8617431007665173,0.5693210082788963
5,high,54,108,0.9230178605437488,0.2797982873925434,0.2038694774240871,0.8055208110440355,0.5530516091011037
5,high,55,110,0.897467850963421,0.2286186142126957,0.7186495459375546,0.748127160716085,0.648215792957439
5,high,56,112,0.9575139560783797,0.22744359527348504,0.7809055675283177,0.523879529100476,0.6224356619951646
5,high,57,114,0.8137964583595375,0.32583441170168,0.40426134663378144,0.53852871926806,0.5206052339907647
5,high,58,116,0.9642405049193558,0.1712428146623131,0.43732166959850804,0.9975273768433653,0.6425830915058856
5,high,59,118,0.9820570917222629,0.2109696571623391,0.6573317863480694,0.9572238678438185,0.7018956007691225
5,high,60,120,0.9846658623733672,0.24142056667128345,0.6508890708495833,0.8364527570655382,0.678357064239943
5,high,61,122,0.9399924856840203,0.43355445085037253,0.5195904518825706,0.9841650517497013,0.7193256100416662
5,high,62,124,0.9443300990978043,0.3637576741074226,0.2174316843071694,0.8105967944524546,0.5840290629912127
5,high,63,126,0.9352782264754479,0.291448715122765,0.315636637581756,0.8335698515498745,0.5939833576824608
5,high,64,128,0.716151474275271,0.2699104667302796,0.6118360519526282,0.933736046928317,0.632908509971624
5,high,65,130,0.8639301450641266,0.23469995091661716,0.3765393520323371,0.836495411509526,0.5779162148806518
5,high,66,132,0.9257126297781547,0.23040516897297067,0.24219968917038312,0.42896525932489665,0.45682068681160126
5,high,67,134,0.9794293251168851,0.2845556105801948,0.6061564722519172,0.2242597639715496,0.5236002929801367
5,high,68,136,0.9485086645436666,0.33311059839810236,0.6267839848607305,0.38301639902941437,0.5728549117079784
5,high,69,138,0.9678267369432711,0.3918834959166965,0.5004641853332233,0.6407369010778005,0.6252278298177478
5,high,70,140,0.8611060644908791,0.31422628529712493,0.3966861749497744,0.7840751544618928,0.5890234197999178
5,high,71,142,0.8207968162378487,0.38197259311215004,0.2584152608650241,0.592627018530938,0.5134529221864902
5,high,72,144,0.9266951283120126,0.44254936810878737,0.14946425469481833,0.668116097096434,0.5467062120530131
5,high,73,146,0.8630965251997105,0.3878135333754971,0.5932865850143686,0.7037582588834631,0.6369887256182598
6,rest,0,0,0.7578279072858605,0.5194895294504451,0.7528725366872966,0.20926409808226692,0.5598635178764673
6,rest,1,2,0.643623524578859,0.3834873328001335,0.2635015695967595,0.3437070958233355,0.40857988069977186
6,rest,2,4,0.6538791482591305,0.4116061561053132,0.5873064540633115,0.3816562878853375,0.5086120115782732
6,rest,3,6,0.6676097499235699,0.4785953491546344,0.5838652361519326,0.4044163112737856,0.5336216616259807
6,rest,4,8,0.7729287266627666,0.5404761879418875,0.3826213138543819,0.3738438038783414,0.5174675080843443
6,rest,5,10,0.7998648165517929,0.4001585204597876,0.44494365959156923,0.4403992478475578,0.5213415611126768
6,rest,6,12,0.6964270869170435,0.31551364263805004,0.36552981223850506,0.35044997725242494,0.4319801297615059
6,rest,7,14,0.40216898457981576,0.6981741417452,0.6353378878747271,0.5749989291880465,0.5776699858469474
6,rest,8,16,0.3503244527538871,0.825885658068455,0.3389275300264183,0.46765455956846275,0.4956980501043058
6,rest,9,18,0.36474851995883645,0.9485705143869327,0.1727426188414341,0.5954786886480734,0.5203850854588192
6,rest,10,20,0.7112874265683865,0.47517536093044294,0.38588149064648275,0.35189571488146654,0.48105999825669465
6,rest,11,22,0.4349370122137829,0.44176633860530967,0.8837670180811342,0.7077855251917563,0.6170639735229958
6,rest,12,24,0.4635938854161004,0.4236181180071347,0.9044119900100537,0.6522724893175205,0.6109741206877024
6,rest,13,26,0.6892889268336928,0.304069080137666,0.21537249264686303,0.2557963552965625,0.3661317137286961
6,rest,14,28,0.5995803736607217,0.3578765208266286,0.3360594893742381,0.34410594297984165,0.4094055817103575
6,rest,15,30,0.53719856591596,0.06157521739945408,0.7280128897461655,0.34299482811333587,0.4174453752937289
6,rest,16,32,0.44617375729523834,0.4509225287566788,0.31180135717095614,0.5087143646900719,0.42940300197823633
6,rest,17,34,0.5508433186989815,0.7984892048199206,0.5426479046062987,0.4960448263048446,0.5970063136075113
6,rest,18,36,0.6303342181043602,0.4753131072527612,0.38640984256216415,0.31984518080194924,0.4529755871803087
6,rest,19,38,0.25884920364582953,0.4438879945108142,0.7400307675431202,0.6389000211074398,0.520416996701801
6,rest,20,40,0.28663652770572484,0.4246886726770063,0.7350711752316701,0.6414490175318145,0.5219613482865539
6,rest,21,42,0.7055107723907341,0.667212160300125,0.4649834200327048,0.2593059285872745,0.5242530703277096
6,rest,22,44,0.6324144101729048,0.6285624836666011,0.5258814289827515,0.45828840146508465,0.5612866810718355
6,rest,23,46,0.8306253536924698,0.6912265163091491,0.3873152608715489,0.23919189008448527,0.5370897552394133
6,rest,24,48,0.7171044051347467,0.3422285794264919,0.3157429120863981,0.25384675221139297,0.40723066221475746
6,rest,25,50,0.7449408760614574,0.34358598713915334,0.6165684117209488,0.3186027954516143,0.5059245175932935
6,rest,26,52,0.4360475953039463,0.5393104931770817,0.5803410780752447,0.8189442870737698,0.5936608634075107
6,rest,27,54,0.2652544956948786,0.755868731406357,0.4181360572083294,0.8640128122670376,0.5758180241441506
6,rest,28,56,0.3930912437244554,0.7424612738706101,0.5702937693995551,0.6681343053589104,0.5934951480883828
6,rest,29,58,0.5807270614480259,0.4980644204810567,0.36353757202944786,0.2994400699657045,0.43544228098105875
6,rest,30,60,0.21718992343063195,0.6905602983767408,0.7533935715776244,0.9173499331269491,0.6446234316279866
6,rest,31,62,0.21847716949986387,0.8573263142168353,0.9381313405679348,0.9387330529168149,0.7381669693003623
6,rest,32,64,0.45003122195864215,0.6326633064266942,0.7449051594818256,0.3278100606219285,0.5388524371222727
6,rest,33,66,0.390767520163146,0.4259556998749605,0.6731021276802092,0.6424270947047889,0.5330631106057762
6,rest,34,68,0.20106796815886316,0.9517170504018657,0.864831270022454,0.9733130320322182,0.7477323301538503
6,rest,35,70,0.45016283249596856,0.8116135341717409,0.9621690619072854,0.7502268726556567,0.7435430753076628
6,rest,36,72,0.680523494317529,0.43525657012547475,0.8760104385444801,0.5307077223487191,0.6306245563340508
6,rest,37,74,0.755204511560635,0.5019355795189437,0.5574686069000012,0.2968153798003944,0.5278560194449936
6,rest,38,76,0.7208142172980242,0.6130357373961197,0.46799278969445723,0.4313805256203896,0.5583058175022477
6,rest,39,78,0.6867738761345861,0.30359051553586036,0.4523704214249037,0.3977184511171573,0.4601133160531269
6,rest,40,80,0.5947868073852554,0.3593804660005945,0.4066879907187271,0.41733339804627495,0.44454716553771295
6,rest,41,82,0.3160501577911304,0.6830870695045328,0.1686212631892341,0.6791449040973809,0.46172584864556954
6,rest,42,84,0.6281766693695127,0.27458383691221333,0.3664431145048138,0.3350637644399382,0.4010668463066195
6,rest,43,86,0.3739309913944939,0.3250678781874011,0.3351136536235843,0.7174024305329177,0.43787873843459924
6,rest,44,88,0.6042357889025824,0.16291858890789493,0.33256463199479125,0.4161660271865854,0.3789712592479635
6,rest,45,90,0.6181295182637768,0.1670835252647985,0.45534597091576123,0.44964752405880587,0.4225516346257856
6,rest,46,92,0.5848362065094838,0.23949741210957973,0.21329445124925067,0.7534576347624161,0.4477714261576826
6,rest,47,94,0.6996445504920047,0.2820917739366071,0.35409545158140826,0.6608862328338585,0.49917950221096963
6,rest,48,96,0.6741919741884138,0.6050551756999164,0.47419936613550373,0.5928749011639042,0.5865803542969346
6,rest,49,98,0.6726828589336856,0.37309929304517286,0.6854353023922639,0.3012841329819195,0.5081253968382604
6,rest,50,100,0.6890287039313393,0.3484106992499495,0.3711603877991267,0.25530310339161444,0.4159757235930075
6,rest,51,102,0.7709879421994361,0.6261223264357146,0.6968861239474075,0.340376147988309,0.6085931351427168
6,rest,52,104,0.7788489227329484,0.8932451947604092,0.7212395558490379,0.4302175802433802,0.7058878133964439
6,rest,53,106,0.22605433523371934,0.9618368749908676,0.832458714909089,0.8903687386083282,0.727679665935501
6,rest,54,108,0.22665088154191418,0.5810731812898493,0.8341279187055948,0.7434180754928745,0.5963175142575582
6,rest,55,110,0.18819870248387158,0.757441528518522,0.6921146376425376,0.9554682841088381,0.6483057881884423
6,rest,56,112,0.30461741301686596,0.7443998760967738,0.09018832284602454,0.8703140457400753,0.5023799144249349
6,rest,57,114,0.29963220826584014,0.6096175845305316,0.5456001584075532,0.6641259228635827,0.5297439685168769
6,rest,58,116,0.5019410547431593,0.8325746137203307,0.5646348210349447,0.4750243350699704,0.5935437061421013
6,rest,59,118,0.42629900659169534,0.6126218623140659,0.29489486144519006,0.825608598957925,0.539856082327219
6,rest,60,120,0.6416161682297138,0.11365948833376406,0.5258006338644964,0.5039551736951553,0.4462578660307824
6,rest,61,122,0.3942852667621595,0.28589140265328417,0.8855566738207175,0.8434909494805861,0.6023060731791868
6,rest,62,124,0.3355219284538771,0.3210116935423869,0.6549450342484199,0.6075924737983721,0.479767782510764
6,rest,63,126,0.45916971693099784,0.31927040062278744,0.6139610516058122,0.48731231282131526,0.4699283704952282
6,rest,64,128,0.29698712268550265,0.8966206417362071,0.41087522928115583,0.6013279365174574,0.5514527325550808
6,rest,65,130,0.44406781891679414,0.7865700694468828,0.9135805170533852,0.5056332139600119,0.6624629048442685
6,rest,66,132,0.42091354867108177,0.51186515582645,0.7508964993884979,0.440225714119829,0.5309752295014647
6,rest,67,134,0.49805894525684064,0.46378808336094646,0.20015224397212983,0.41497289499434536,0.3942430418960656
6,rest,68,136,0.253454228656426,0.4213815668297898,0.6035865601955607,0.7479964922113443,0.5066047119732802
6,rest,69,138,0.2999765419918355,0.6955103964144861,0.35807794040871915,0.6870448702376519,0.5101524372631732
6,rest,70,140,0.3858228720479578,0.9652244175133337,0.4412667195679295,0.6983408674610054,0.6226637191475566
6,rest,71,142,0.6566311007641435,0.7610496341812937,0.1485973419147997,0.19729493373513504,0.440893252648843
6,rest,72,144,0.3394677597533867,0.5159760929182904,0.3310868474902826,0.7180305896649533,0.47614032245672827
6,rest,73,146,0.37872695201274076,0.39898738553992547,0.4173742892581686,0.7539386875668465,0.4872568285944203
6,high,0,0,0.4359732344475653,0.7532236031105021,0.4830303012950712,0.9524439874072262,0.6561677815650911
6,high,1,2,0.5986217856501899,0.8450172116366226,0.675716435260048,0.9744384354588712,0.7734484670014329
6,high,2,4,0.5762695677600568,0.8017938350350856,0.5725611754083848,0.8969233602524432,0.7118869846139926
6,high,3,6,0.8234121422637635,0.7349560185402635,0.5102909479852856,0.8911268290186426,0.7399464844519887
6,high,4,8,0.5646058772672351,0.6105580508728463,0.3156692689478349,0.9646071853122308,0.6138600956000367
6,high,5,10,0.7499620731418261,0.4889740657188767,0.3856825268619381,0.9205293747282758,0.6362870101127291
6,high,6,12,0.66127098167539,0.6236166378640449,0.3842134824477713,0.6295300481701375,0.5746577875393359
6,high,7,14,0.3869344438341371,0.5317759514144025,0.758090508311036,0.8449943202042338,0.6304488059409523
6,high,8,16,0.28221855976537796,0.44892738918808456,0.6878274746714307,0.9189546732630177,0.5844820242219777
6,high,9,18,0.47647092059237844,0.5158475934149551,0.6921418462335144,0.7676201002824582,0.6130201151308265
6,high,10,20,0.5198480774183188,0.5635973811587136,0.5270902086532236,0.9102274193896908,0.6301907716549867
6,high,11,22,0.23817197261164524,0.764252903964121,0.8169276431375007,0.985406372697247,0.7011897231026285
6,high,12,24,0.4796561749965478,0.49324850443878315,0.2976031757562558,0.941673818819179,0.5530454185026914
6,high,13,26,0.5698808041791268,0.3926255931707454,0.38424206019062124,0.9392452750585866,0.57149843314977
6,high,14,28,0.6467514707551176,0.6661927086766161,0.5317444143683993,0.8027631970256833,0.6618629477064542
6,high,15,30,0.33466529366172815,0.6481118834236468,0.6238947142780839,0.8631057575609489,0.6174444122311019
6,high,16,32,0.35669270369090317,0.7961004088491154,0.7368600846702457,0.9228934948155063,0.7031366730064426
6,high,17,34,0.5993998753194077,0.5235332364594572,0.37201901077015276,0.7736267547005649,0.5671447193123956
6,high,18,36,0.3902944024702511,0.4862242578930954,0.4307915838172493,0.9498527888139622,0.5642907582486395
6,high,19,38,0.5320340332853155,0.5613355352444367,0.3991588921027952,0.8881863731208702,0.5951787084383544
6,high,20,40,0.8290105144927927,0.5971868497123035,0.28431194088934053,0.562043590138123,0.5681382238081399
6,high,21,42,0.8349512591613165,0.5939130236009819,0.37925024213605024,0.574793206093263,0.5957269327479029
6,high,22,44,0.7673578137387231,0.3984605640870446,0.473228028364236,0.7594839288197209,0.5996325837524312
6,high,23,46,0.3355510836918839,0.6742866609049266,0.820176115656601,0.9045147825926638,0.6836321607115188
6,high,24,48,0.3675038457126088,0.509110629448664,0.25418484574462935,0.938556129237641,0.5173388625358858
6,high,25,50,0.3270665325479696,0.5745322582915041,0.519332338791889,0.996017135599282,0.6042370663076612
6,high,26,52,0.49689174868323627,0.7236061542112022,0.2593208797754262,0.9915794529978654,0.6178495589169326
6,high,27,54,0.5355619941531655,0.9194232604300366,0.6621504457835807,0.7430000487750514,0.7150339372854586
6,high,28,56,0.40265467511727815,0.9226388730596543,0.3580471899320024,0.8222905497586315,0.6264078219668916
6,high,29,58,0.2772506699086254,0.8528615018361192,0.8178715822994157,0.8069118357559457,0.6887238974500265
6,high,30,60,0.5084322689937422,0.5764973561215649,0.7110215263607047,0.791404268077248,0.6468388548883149
6,high,31,62,0.727047335095029,0.3429209433048868,0.33579097854029655,0.8347522774927907,0.5601278836082508
6,high,32,64,0.6283203428168727,0.5859324593064674,0.7879545265771285,0.8834509509311166,0.7214145699078962
6,high,33,66,0.43720131271871326,0.8495223779014031,0.4755958966004017,0.8406352132519057,0.650738700118106
6,high,34,68,0.26323250236667034,0.45585330995039475,0.2961614795169919,0.9126149163777559,0.4819655520529532
6,high,35,70,0.2956237442601421,0.5702083432492863,0.5634112876117786,0.7819061269967498,0.5527873755294892
6,high,36,72,0.43066875766333707,0.556179709423069,0.5332976118767371,0.9174216346323454,0.6093919283988721
6,high,37,74,0.5443217610554506,0.24628685684695895,0.20038752151491843,0.9156473362277545,0.47666086891127063
6,high,38,76,0.44964447671120655,0.5413114210288549,0.5040276960026168,0.933235618132513,0.6070548029687978
6,high,39,78,0.2888582867849482,0.5296531348864174,0.7798562046286495,0.9748037994473812,0.6432928564368491
6,high,40,80,0.4302022899431776,0.3338358446025599,0.4249335354493792,0.8514324384551318,0.5101010271125621
6,high,41,82,0.4783640963118043,0.60782619914371,0.2824243721965444,0.9172512799483596,0.5714664869001047
6,high,42,84,0.6267626179640667,0.440346782988519,0.6564170123009929,0.9172476798338745,0.6601935232718632
6,high,43,86,0.5778105797980965,0.41536349341917833,0.8309470850175313,0.8159397955611923,0.6600152384489996
6,high,44,88,0.4848799911685026,0.5062947974838273,0.349224286709105,0.8453452745410557,0.5464360874756227
6,high,45,90,0.7370670722227181,0.47893645516751404,0.3146115041937803,0.6777499182798138,0.5520912374659566
6,high,46,92,0.6774575119543896,0.472165491236143,0.49461548026064767,0.7974607266052722,0.6104248025141131
6,high,47,94,0.7233495106065011,0.3216028147903988,0.6677015815431749,0.7242581329097381,0.6092280099624533
6,high,48,96,0.49780785910247327,0.5878717415630208,0.3712512164795589,0.7391641235072882,0.5490237351630853
6,high,49,98,0.33219948020012013,0.6473725386217336,0.5208604498954158,0.871039697759108,0.5928680416190943
6,high,50,100,0.26778034401835005,0.6600654185607909,0.46876996041394464,0.9483199276173926,0.5862339126526195
6,high,51,102,0.5534766125267948,0.5661452883525219,0.8892806840835497,0.9032574489634397,0.7280400084815766
6,high,52,104,0.7393231010014021,0.3793472276154469,0.19678620279402992,0.44990635602514173,0.4413407218590052
6,high,53,106,0.5907982728735731,0.37022563452025187,0.3518641359063487,0.8524221359209665,0.541327544805285
6,high,54,108,0.43702143422829653,0.4276284792454696,0.3796672320228672,0.613881966192946,0.4645497779223948
6,high,55,110,0.4002203980072968,0.4896099987197452,0.7459588156677008,0.58634729115063,0.5555341258863432
6,high,56,112,0.520781278186653,0.7780439119076975,0.6363907919835554,0.8463954314750253,0.6954028533882328
6,high,57,114,0.7694312662880437,0.32646440693551887,0.47332519848665494,0.7097730092281211,0.5697484702345846
6,high,58,116,0.8101139929964556,0.2314267501232789,0.4871173948780195,0.5447942053780686,0.5183630858439556
6,high,59,118,0.7865795063988245,0.32760712120533414,0.48117843076359273,0.527679729784578,0.5307611970380823
6,high,60,120,0.5186800040645039,0.13887270231788487,0.7146661038137604,0.6892969782695783,0.5153789471164318
6,high,61,122,0.7656682488777492,0.2942829022873954,0.4228470661412766,0.43307467590322485,0.47896822330241157
6,high,62,124,0.8149425532100374,0.5224035679031297,0.4226001937575593,0.5948604079622554,0.5887016807082455
6,high,63,126,0.729942818135518,0.3363299169767167,0.5798152770302044,0.6002527436312777,0.5615851889434292
6,high,64,128,0.7801896433302021,0.661450691351453,0.6114277678390653,0.5876300185666465,0.6601745302718418
6,high,65,130,0.4492451526810069,0.5057970430466355,0.31188623843218866,0.9223261101506237,0.5473136360776137
6,high,66,132,0.3664658581035114,0.3177918781385863,0.9621743223511118,0.9709921455333224,0.6543560510316329
6,high,67,134,0.549002579560142,0.6949967991094925,0.43627337886267636,0.8859446385885175,0.641554349030207
6,high,68,136,0.3191039122735607,0.7428195541459911,0.44541513331842064,0.9039165075653006,0.6028137768258183
6,high,69,138,0.31298746730743726,0.6437813290504661,0.23539278039247558,0.9649815814443071,0.5392857895486716
6,high,70,140,0.44275887925269475,0.5691063127815247,0.3292844841239864,0.9113503504812138,0.5631250066598549
6,high,71,142,0.7184242675410163,0.5983673741398642,0.6900648733273014,0.684144333911467,0.6727502122299123
6,high,72,144,0.49267409380454646,0.5115316353670344,0.8461242628140245,0.9208693522358882,0.6927998360553734
6,high,73,146,0.8076539925593741,0.5211099019005028,0.48058611123115225,0.6051656503964894,0.6036289140218796
7,rest,0,0,0.6679229477991294,0.6653098433982277,0.46425396497715854,0.2517235283488127,0.5123025711308321
7,rest,1,2,0.7396325221122185,0.5736918288049884,0.6625726387206475,0.1476052434367627,0.5308755582686543
7,rest,2,4,0.2878991371458471,0.15950834624649377,0.23920705939898015,0.5874156749815862,0.31850755444322676
7,rest,3,6,0.25423377006625913,0.23998865981414524,0.30871589730557175,0.6775732149891842,0.37012788554379006
7,rest,4,8,0.41000816361100384,0.255993417854866,0.7217884260375179,0.7019282364865411,0.5224295609974823
7,rest,5,10,0.1811604456217736,0.16237320895558466,0.7259427503030768,0.6536500477224139,0.43078161315071223
7,rest,6,12,0.11953334142817192,0.09461899399525209,0.4589739872695867,0.5755012946006928,0.31215690432342585
7,rest,7,14,0.2842879861168355,0.2552069041574654,0.8154359858532005,0.7542884166476814,0.5273048231937957
7,rest,8,16,0.5043901239825953,0.4194879218407089,0.15919056965611705,0.46509650032975164,0.38704127895229323
7,rest,9,18,0.631048189447391,0.2946908869632634,0.6771990389970645,0.6209683854401508,0.5559766252119674
7,rest,10,20,0.3334874425585859,0.672438764115738,0.6851961255986376,0.33016974558462664,0.5053230194643971
7,rest,11,22,0.4464307841487691,0.7161155827781838,0.5976505303934887,0.5607106110437002,0.5802268770910355
7,rest,12,24,0.7158599051844391,0.5041345587390371,0.3068100324692392,0.36216245527303564,0.4722417379164378
7,rest,13,26,0.7372246208254477,0.8120794144852331,0.6660139789296263,0.1550997943767042,0.5926044521542528
7,rest,14,28,0.29765168275665066,0.498284734962391,0.3884541950421644,0.5741716402853348,0.43964056326163525
7,rest,15,30,0.3415200351776819,0.12290837820379417,0.754318582722597,0.3415835257056569,0.3900826304524325
7,rest,16,32,0.40026689015594613,0.16130943849250323,0.49922644793598436,0.5854448764516,0.4115619132590085
7,rest,17,34,0.3223971626009987,0.293139690668845,0.5419165856819538,0.5809142608449069,0.4345919249491761
7,rest,18,36,0.2860644521959081,0.5478630779398465,0.3546627446039435,0.8225129942146221,0.50277581723858
7,rest,19,38,0.5828543926033442,0.3410815335180505,0.424610040548269,0.5585648323975786,0.4767776997668105
7,rest,20,40,0.7521805965221008,0.5491965046140704,0.25462160839617787,0.33778584591020894,0.4734461388606395
7,rest,21,42,0.6903588144263322,0.28814276152426105,0.22523772026964453,0.2321969154442287,0.3589840529161166
7,rest,22,44,0.552916859396133,0.21164917480332665,0.2887793473869047,0.21982656827164382,0.3182929874645021
7,rest,23,46,0.3223857456834308,0.4287942283490468,0.8385702733571666,0.3188003554704461,0.4771376507150226
7,rest,24,48,0.5166275828975695,0.849719405118821,0.5007735520640156,0.4172410578407231,0.5710903994802823
7,rest,25,50,0.5776377598009671,0.6013819662000714,0.27476864230234677,0.5947779297905821,0.5121415745234918
7,rest,26,52,0.7847359581807574,0.44320966755546704,0.32477500042137053,0.23426255525502368,0.4467457953531547
7,rest,27,54,0.4360106692828544,0.34300159508374156,0.6234529320713945,0.3138491508322274,0.4290785868175545
7,rest,28,56,0.3735856219987475,0.3381302862244523,0.4367154071804092,0.3881796169731935,0.3841527330942006
7,rest,29,58,0.4575283973484302,0.5017152650376088,0.6575618778819163,0.4071747819621825,0.5059950805575344
7,rest,30,60,0.3206306052259189,0.40281296435159036,0.3779209448177676,0.4593034627518661,0.39016699428678575
7,rest,31,62,0.5033938341432028,0.3695585743146719,0.4661312762389445,0.5001855887971042,0.45981731837348083
7,rest,32,64,0.3622406325961805,0.6585443021831209,0.2604226791722507,0.7070014211790698,0.49705225878265547
7,rest,33,66,0.17803357739952302,0.6399122505878969,0.5140694542707183,0.8237458207511493,0.5389402757523218
7,rest,34,68,0.2504145407250836,0.7862362042609524,0.7319718613113155,0.6521094054571656,0.6051830029386293
7,rest,35,70,0.5339059446170383,0.8774795951952601,0.536442958822757,0.5367605848178053,0.6211472708632152
7,rest,36,72,0.7874214176326257,0.7796116049484513,0.639170345451428,0.2835158162972388,0.6224297960824359
7,rest,37,74,0.6046607077253434,0.7940379944047116,0.36865576232353847,0.2572638480068471,0.5061545781151101
7,rest,38,76,0.37782270348931407,0.88613840852382,0.47437065963498704,0.4822043013091844,0.5551340182393264
7,rest,39,78,0.16689139681418197,0.5403342300450168,0.21361165673913501,0.4998144112028958,0.35516292370030744
7,rest,40,80,0.23474417021081212,0.43315905136218974,0.37124845040639765,0.7744398846775853,0.4533978891642462
7,rest,41,82,0.6086670018349708,0.19506036824865455,0.5066210928506059,0.26291538803903264,0.393315962743316
7,rest,42,84,0.2135870713348794,0.22257451926388763,0.6665040566460216,0.19860890769177952,0.325318638734142
7,rest,43,86,0.2665704947643555,0.5090345481751609,0.4903218924416461,0.4234918943612775,0.42235470743561004
7,rest,44,88,0.39638028511241946,0.4632663665877904,0.2589577787743454,0.5105967794221448,0.40730030247417504
7,rest,45,90,0.2450658104959648,0.40864418423716165,0.25614056785856376,0.5445101013623165,0.3635901659885017
7,rest,46,92,0.6451710144474502,0.44982957649451183,0.784096601067137,0.7252500424612923,0.6510868086175978
7,rest,47,94,0.5364412502937446,0.14726576597012836,0.5016573979232807,0.46836799257436434,0.4134331016903795
7,rest,48,96,0.4374692262743368,0.31223237419859623,0.614709290657043,0.8307332551930016,0.5487860365807444
7,rest,49,98,0.28492744048158986,0.404598704845852,0.8125318415558477,0.8256934322144327,0.5819378547744305
7,rest,50,100,0.3445507190762015,0.38179128287654784,0.6806949889266221,0.3037387422871598,0.4276939332916328
7,rest,51,102,0.49660616585679723,0.268468283263575,0.4168862717819359,0.5017534017133602,0.4209285306539171
7,rest,52,104,0.5675519453019714,0.6510499748030129,0.7005480517343822,0.36999057421027026,0.5722851365124091
7,rest,53,106,0.8402628237677697,0.7465996964557894,0.6217749578340697,0.26908411710893265,0.6194303987916403
7,rest,54,108,0.5272140359852228,0.7002467313836915,0.48563042137063295,0.8185154587109267,0.6329016618626185
7,rest,55,110,0.5414986620902539,0.6379061729631431,0.6315269660240564,0.8690615346707918,0.6699983339370613
7,rest,56,112,0.59436788895497,0.45308104484253625,0.6624433250379788,0.9123873488258856,0.6555699019153427
7,rest,57,114,0.5045905390430274,0.617134198161342,0.8034148901434971,0.8091194692564679,0.6835647741510836
7,rest,58,116,0.6950296533661349,0.8057365699355623,0.5883607831362115,0.4269635460769541,0.6290226381287157
7,rest,59,118,0.6333163069100316,0.8504842680168152,0.7771185005344966,0.628950187046247,0.7224673156268976
7,rest,60,120,0.3238166052045156,0.6503741879954256,0.40691429156861886,0.7573920050468427,0.5346242724538507
7,rest,61,122,0.6767605162897931,0.6492995078785087,0.6670896886860098,0.21733654350806153,0.5526215640905933
7,rest,62,124,0.8190843444146336,0.6448264121119502,0.20331083053644103,0.3242954222004496,0.4978792523158686
7,rest,63,126,0.7740731783736958,0.7210203734344588,0.2493583360044157,0.15936090895630028,0.4759531991922177
7,rest,64,128,0.4833658284409849,0.5407914083034487,0.6041638367163008,0.4245248678700226,0.5132114853326892
7,rest,65,130,0.7140661164369656,0.5370803658302361,0.38769843906111373,0.33719830970103715,0.49401080775733813
7,rest,66,132,0.5722648127371933,0.5175440876270699,0.2782988836779577,0.541131171295485,0.4773097388344265
7,rest,67,134,0.519224285049345,0.6631456644196368,0.5123777654946178,0.47528342546479063,0.5425077851070976
7,rest,68,136,0.5400267449217001,0.27234043310040223,0.5543331252962431,0.2619061592225009,0.4071516156352116
7,rest,69,138,0.5720111290862546,0.2748296413278641,0.33255428675714915,0.5228821681876497,0.4255693063397294
7,rest,70,140,0.3278655826417134,0.5397587126718156,0.2706006134363184,0.7852768815569142,0.48087544757669043
7,rest,71,142,0.23360199528944217,0.16508509259642093,0.4265729090875208,0.5912604380720149,0.3541301087613497
7,rest,72,144,0.40218963662016705,0.46470604755105016,0.3490734569536351,0.5154490574491859,0.43285454964350956
7,rest,73,146,0.6884179005631079,0.6998979031058745,0.7605655454488307,0.33108169470920856,0.6199907609567554
7,high,0,0,0.5234623785088042,0.7114211745050513,0.5266924794559292,0.3245797717423215,0.5215389510530266
7,high,1,2,0.28914749315506694,0.9189401885207219,0.6208400408074056,0.1494487783475214,0.4945941252076789
7,high,2,4,0.4054780883403643,0.9615530791759247,0.3904109979558983,0.11392899726849086,0.46784279068516954
7,high,3,6,0.28262767745132733,0.9790988785428282,0.6443803285736704,0.10156740668607503,0.5019185728134753
7,high,4,8,0.3478757330086421,0.9468013272304338,0.44342892227422587,0.10966993119816935,0.4619439784278677
7,high,5,10,0.23151835749491345,0.7717822019532897,0.3897144527240006,0.09893537103251228,0.372987595801179
7,high,6,12,0.24497991784491277,0.8231507118889466,0.6062681733407913,0.10014137779068677,0.44363504521633434
7,high,7,14,0.06867541022779053,0.9960574279319787,0.6943118035511249,0.1996399932370629,0.48967115873698924
7,high,8,16,0.4219763066550905,0.9905718116997805,0.4735213789212782,0.11600157534860095,0.5005177681561875
7,high,9,18,0.681056516751735,0.5422037795315147,0.585286035008256,0.1000494780887551,0.4771489523450652
7,high,10,20,0.2722068817908661,0.8534668218932051,0.8131375884173423,0.1782109995362766,0.5292555729094225
7,high,11,22,0.16590746545248267,0.9117292769107527,0.8467154116653204,0.12261895185614378,0.5117427764711748
7,high,12,24,0.4083341851849953,0.9223692875913447,0.5731364377133049,0.17406733964260962,0.5194768125330637
7,high,13,26,0.5045166338959481,0.918981670977416,0.7873838898505789,0.24900247017637778,0.6149711662250803
7,high,14,28,0.4666511680434505,0.9547533589329201,0.600022521174283,0.13610885872262532,0.5393839767183197
7,high,15,30,0.3799466328864751,0.8311416300822967,0.3102693892489364,0.11840914797747455,0.40994170004879565
7,high,16,32,0.45684720774377235,0.5493938644876319,0.4385555350728554,0.09065451194516534,0.3838627798123563
7,high,17,34,0.22457181637419957,0.596603874181982,0.8075176395083822,0.16667911048939976,0.4488431101384909
7,high,18,36,0.19410665586201292,0.7423015197361682,0.6021398575662679,0.12489021943261404,0.41585956314926575
7,high,19,38,0.2549654515121613,0.4328126336677845,0.7548789767581717,0.09895394238442334,0.38540275108063515
7,high,20,40,0.2880025081672084,0.35315460581601454,0.3775429975528031,0.12077685163487357,0.2848692407927249
7,high,21,42,0.411117215186462,0.6603528065803238,0.424148425815898,0.09081201556014105,0.39660761578570625
7,high,22,44,0.23944252395827556,0.9417417387646768,0.6000040139798785,0.10704937763976269,0.47205941358564835
7,high,23,46,0.09660808265337832,0.8072083546315074,0.5969288272666952,0.0952132674072952,0.398989632989719
7,high,24,48,0.27648989157241555,0.8538763979616246,0.5173853337400226,0.44302427065614514,0.522693973482552
7,high,25,50,0.29966958652041176,0.7515665867611444,0.8979164015583887,0.3290703239460181,0.5695557246964907
7,high,26,52,0.0753917880754018,0.6789748120919424,0.7363143325135997,0.12000842886488441,0.40267234038645705
7,high,27,54,0.24560191404397122,0.7432960742470325,0.7917199857057386,0.11098081065543308,0.47289969616304384
7,high,28,56,0.45308364057576744,0.6115077654936916,0.751748485949641,0.13536873176229744,0.48792715594534936
7,high,29,58,0.4397260617790183,0.633761676976556,0.4602597905007684,0.13077268966017555,0.41613005472912956
7,high,30,60,0.38623471726946107,0.9367638647402414,0.6339718274105403,0.22358236972198317,0.5451381947855565
7,high,31,62,0.6207521506871835,0.9815455412433185,0.8439116103857277,0.3955464789014707,0.7104389453044251
7,high,32,64,0.18915165223735012,0.9151637492231361,0.7307459011584354,0.15292704077321892,0.49699708584803515
7,high,33,66,0.030740647231516788,0.8187134089150228,0.9525114598346391,0.2127707336740273,0.5036840624138015
7,high,34,68,0.5393715497052822,0.8391424795379417,0.6615472651366702,0.11645063049473714,0.5391279812186578
7,high,35,70,0.29582428969013685,0.945285610566891,0.6160149467521212,0.15738635603999895,0.503627800762287
7,high,36,72,0.16855381402629313,0.8997844818219959,0.4057405925005674,0.19091199625872912,0.41624772115189634
7,high,37,74,0.7211167337223388,0.872733947999582,0.46100022521333645,0.17314250986951676,0.5569983542011935
7,high,38,76,0.6250020141321994,0.7874467379144193,0.7139904069352401,0.1398517718124418,0.5665727326985751
7,high,39,78,0.275472707001987,0.6331680979922467,0.3138070879215372,0.24688124965690703,0.3673322856431695
7,high,40,80,0.41148782434249376,0.7342876867823303,0.5168417536807683,0.1619008370828842,0.45612952547211916
7,high,41,82,0.5623925028272798,0.7933126089986134,0.35079695537955147,0.09418122187252727,0.450170822269493
7,high,42,84,0.45646433822896676,0.8512959944188633,0.34268780635771984,0.14019476189645794,0.44766072522550193
7,high,43,86,0.3954815680441692,0.8005950641008367,0.40994630942295757,0.21003219897322734,0.45401378513529767
7,high,44,88,0.7117656417151335,0.547343657818358,0.44431773287148757,0.19331483739001507,0.4741854674487485
7,high,45,90,0.6922369913343301,0.6033178351832463,0.6232468741997208,0.11910756554219915,0.509477316564874
7,high,46,92,0.7731667583663062,0.7072239896725401,0.4721452898044716,0.13486903779770182,0.5218512689102549
7,high,47,94,0.688487075787792,0.726426969910412,0.18038411379138342,0.1454758866155612,0.43519351152628716
7,high,48,96,0.2313573880946961,0.5272342237450737,0.5037044528897044,0.18017981679603082,0.3606189703813763
7,high,49,98,0.5696628659476443,0.533623336789448,0.5384367364301652,0.11681317556601356,0.43963402868331775
7,high,50,100,0.651143439303691,0.8059494134251235,0.4474084483857155,0.11792379927083299,0.5056062750963407
7,high,51,102,0.3837885128742121,0.8599057874389173,0.4926986958261159,0.12407022855196477,0.46511580617280257
7,high,52,104,0.22413170822467127,0.7326546354943839,0.6570699386393152,0.12788529604394624,0.4354353946005791
7,high,53,106,0.10138639455582026,0.548105211433443,0.4797136158114972,0.16811537706815535,0.32433014971722895
7,high,54,108,0.13631949537964017,0.569478696455906,0.4270931525057206,0.17466389455069017,0.3268888097229892
7,high,55,110,0.31794350162304413,0.8444940655606984,0.30697281036798435,0.10887149857867194,0.3945704690325997
7,high,56,112,0.2983429325136756,0.8711737970757296,0.382559776791885,0.14752399257307444,0.4249001247385912
7,high,57,114,0.5366218441264636,0.7861442497361644,0.4233997085982767,0.1373106164793016,0.4708691047350516
7,high,58,116,0.22813855400638036,0.7896984903753563,0.4288032903408218,0.1781589270524494,0.40619981544375194
7,high,59,118,0.17706433986311867,0.6685283846218077,0.8762672545124067,0.18291011055009443,0.47619252238685694
7,high,60,120,0.24030510634872612,0.507384769536953,0.8053269127292483,0.11745581170877033,0.41761815008092446
7,high,61,122,0.41719102328252167,0.4173603525572638,0.4534790749179041,0.13007232853438666,0.3545256948230191
7,high,62,124,0.14231501165897975,0.6844570984800195,0.3729512917911228,0.24356291381734155,0.3608215789368659
7,high,63,126,0.4760636812468353,0.6968339634776589,0.822065711165821,0.1405024031329868,0.5338664397558255
7,high,64,128,0.5255465850443672,0.6298110489695603,0.6320564053674632,0.11200628499253118,0.47485508109348046
7,high,65,130,0.550478167666293,0.8299865042464606,0.5684426868741654,0.14791167141315545,0.5242047575500186
7,high,66,132,0.4866159741760461,0.8338049906919176,0.5081439757634137,0.12706129612634487,0.48890655918943055
7,high,67,134,0.39074511128557327,0.6791566528373725,0.23655335338492833,0.11388973710303818,0.3550862136527281
7,high,68,136,0.3246588096470389,0.8482902723011265,0.2848659948448519,0.1935801921403323,0.41284881723333744
7,high,69,138,0.37722169552800705,0.7801900916740928,0.37441969909020223,0.16881329863139277,0.42516119623092374
7,high,70,140,0.33699514664101254,0.9492556746167509,0.5851462724034125,0.248424922436223,0.5299555040243498
7,high,71,142,0.19370172808245392,0.9855290630176613,0.7506966755871313,0.643026711810974,0.6432385446245551
7,high,72,144,0.9639760609972648,0.9918364802078264,0.3644818460339239,0.40326329816431644,0.6808894213508329
7,high,73,146,0.968291392389731,0.9937449663617556,0.5425157603894509,0.31056784508518154,0.7037799910565298
8,rest,0,0,0.18174069514455632,0.7239614570169832,0.7852005860362263,0.9019247437622201,0.6482068704899965
8,rest,1,2,0.2022592927125551,0.5988688650961321,0.768231561211964,0.8348850494930284,0.6010611921284199
8,rest,2,4,0.7063191416021283,0.43304727177107427,0.22422175884958273,0.2662932708266218,0.40747036076235177
8,rest,3,6,0.6110517861974213,0.4730342748750084,0.8355512372784311,0.7202028037768005,0.6599600255319154
8,rest,4,8,0.658308883933838,0.6278027263165874,0.96120603791912,0.6641734345242969,0.7278727706734606
8,rest,5,10,0.8430121260140251,0.7747363376946526,0.5411730736686098,0.5289698141919957,0.6719728378923208
8,rest,6,12,0.886409984426285,0.6774480789741087,0.29514043733657574,0.33234995450255955,0.5478371138098823
8,rest,7,14,0.8450603460092738,0.7137368392675473,0.5025722922337997,0.3638074010931968,0.6062942196509544
8,rest,8,16,0.34929554307174665,0.6355525773226157,0.7480139404348284,0.7801069846348586,0.6282422613660124
8,rest,9,18,0.4822121751950412,0.6273379431401893,0.5467553668371883,0.7136837805622825,0.5924973164336753
8,rest,10,20,0.8646207392804618,0.8101859192795406,0.49742770776620043,0.22311006996184823,0.5988361090720127
8,rest,11,22,0.86000065308901,0.7797037211414362,0.4386533025040684,0.26246378193660386,0.5852053646677796
8,rest,12,24,0.4915876489239852,0.741692888503279,0.7318199863452349,0.3845420105288305,0.5874106335753324
8,rest,13,26,0.4542121453847016,0.6732338706650624,0.5797213748769758,0.7737445999727481,0.6202279977248719
8,rest,14,28,0.9200283402609085,0.5546068095237296,0.5312222927615862,0.32411314242954486,0.5824926462439423
8,rest,15,30,0.5963898448711924,0.6637996144095862,0.48775820366148004,0.502185400261971,0.5625332658010574
8,rest,16,32,0.04311770647608957,0.7396031422189411,0.28382153368882906,0.9396084927697232,0.5015377187883958
8,rest,17,34,0.21282476859100558,0.6841596318421254,0.8654979202206966,0.8580916380524398,0.6551434896765668
8,rest,18,36,0.49700733354022936,0.24172452316654297,0.5846304226279755,0.7507802870227942,0.5185356415893855
8,rest,19,38,0.4995421842210713,0.19551417534603552,0.21581201516186524,0.49421158064702775,0.35126998884399996
8,rest,20,40,0.521917887257634,0.3387860742153769,0.40540575633202786,0.5957641311221712,0.4654684622318025
8,rest,21,42,0.04296624205229372,0.43032518117785634,0.43804076661379704,0.9179748558034067,0.4573267614118384
8,rest,22,44,0.02008874028392763,0.4062891431589864,0.22962428703818907,0.920297072027922,0.39407481062725624
8,rest,23,46,0.29807405334503123,0.16765618833355342,0.1717885645637745,0.5373781124924899,0.29372422968371226
8,rest,24,48,0.8235824135413828,0.27195958497586614,0.3437928680629729,0.2788101491980221,0.429536253944561
8,rest,25,50,0.49676913113230753,0.35992110822064766,0.37800398081485315,0.49403467420111674,0.4321822235922313
8,rest,26,52,0.37559576366787784,0.655746496622788,0.6965214412982063,0.7057704735299841,0.608408543779714
8,rest,27,54,0.5004578157789287,0.40388357820231835,0.9190020050995824,0.4302341554081432,0.5633943886222431
8,rest,28,56,0.9096040595211637,0.6148136442671492,0.40866989366209916,0.34240412240477225,0.5688729299637961
8,rest,29,58,0.8687702470200731,0.48427740179258677,0.4897589857993312,0.4348191237421021,0.5694064395885233
8,rest,30,60,0.6564462453458726,0.22186771947299236,0.4202102641598238,0.6004987944305715,0.47475575585231505
8,rest,31,62,0.8889574828640667,0.3714355898988345,0.8441356925767751,0.31050247093768096,0.6037578090693393
8,rest,32,64,0.7502333886405826,0.29408506573592663,0.4466156832500784,0.45044085606312406,0.48534374842242795
8,rest,33,66,0.7474845323513415,0.18980093407052126,0.747311651314401,0.6006347532525239,0.5713079677471969
8,rest,34,68,0.683786634323938,0.3219477365846088,0.3830366487833335,0.5790770413106707,0.49196201525063776
8,rest,35,70,0.3333183894327598,0.3480130997835311,0.5341401278786386,0.3848106101837895,0.40007055681967973
8,rest,36,72,0.4296381649616223,0.3251274699058904,0.22353338869779893,0.27928264570027567,0.3143954173163968
8,rest,37,74,0.4921831353364429,0.30672239631199705,0.45946214767852167,0.26494771980295706,0.38082884978247966
8,rest,38,76,0.43895348983181526,0.4896504725228523,0.44852428507450726,0.43518873055669305,0.45307924449646697
8,rest,39,78,0.3911690883889151,0.31244251727798356,0.2592542189015882,0.4973972918502082,0.36506577910467375
8,rest,40,80,0.35924437211394794,0.20238938802956397,0.45526455054010223,0.4267838921100985,0.3609205506984282
8,rest,41,82,0.26493810071532864,0.44131679726222134,0.6615784686051197,0.5578484262290092,0.48142044820291974
8,rest,42,84,0.038807305185984915,0.770293572901036,0.3365637530011472,0.7470610823783629,0.4731814283666328
8,rest,43,86,0.49055427045180494,0.7969851537522119,0.8802916663593896,0.6715052565658035,0.7098340867823024
8,rest,44,88,0.6375321147748332,0.77718226693658,0.842786422720918,0.7758774515420861,0.7583445639936044
8,rest,45,90,0.8923976071536749,0.47899446050312944,0.7166096418810912,0.7667014809937671,0.7136757976329156
8,rest,46,92,0.6378690297387534,0.8972154893990515,0.4269608032258348,0.39886010035678976,0.5902263556801073
8,rest,47,94,0.10030027433877767,0.4633377035991072,0.7685376363122493,0.6473784311361084,0.49488851134656064
8,rest,48,96,0.23751204135659415,0.49021579955687083,0.2552403621760212,0.608548741750591,0.3978792362100193
8,rest,49,98,0.4360895399161878,0.7739978558508106,0.6838708313508278,0.49781459973802905,0.5979432067139638
8,rest,50,100,0.39744415346505024,0.5570749891822134,0.3033598863782798,0.5366712209109981,0.4486375624841354
8,rest,51,102,0.5316881929429196,0.5708599643402353,0.6857891076596639,0.33916150640435133,0.5318746928367926
8,rest,52,104,0.8068545946832191,0.5097842004431291,0.48310961790439455,0.31559760869890185,0.5288365054324111
8,rest,53,106,0.5783029291339672,0.3590325010933772,0.8634985329116295,0.48357793723381864,0.5711029750931981
8,rest,54,108,0.6874956303903267,0.3923670480541127,0.8571876017115893,0.5400562929551753,0.619276643277801
8,rest,55,110,0.41223786033331344,0.47378517370252843,0.3100474458420793,0.43003990239602585,0.4065275955684867
8,rest,56,112,0.70285785533262,0.6010336722316273,0.3876801303069232,0.3810356442322819,0.5181518255258631
8,rest,57,114,0.3682927967101191,0.6158464392207723,0.47211113417438855,0.6796111595777244,0.5339653824207511
8,rest,58,116,0.11566937060671854,0.5311065703966439,0.7062410920226031,0.5055168328224067,0.464633466462093
8,rest,59,118,0.3756895777911647,0.4208372983899148,0.6078766390911284,0.513144688164285,0.47938705085912325
8,rest,60,120,0.7390543824931518,0.7685978363155632,0.23749350023976012,0.4407022594396635,0.5464619946220346
8,rest,61,122,0.691359708652116,0.6236872645838873,0.46037208600009827,0.27245011772313144,0.5119672942398082
8,rest,62,124,0.49302212156022485,0.4580119885453518,0.8952398338297767,0.5326768544995678,0.5947376996087302
8,rest,63,126,0.23732414341312727,0.2837559631824846,0.6098271146756914,0.6424919461980452,0.4433497918673371
8,rest,64,128,0.34534923628690295,0.6681180795122833,0.5784342404340711,0.7432044678485221,0.5837765060204448
8,rest,65,130,0.7162170047443583,0.795800738542318,0.14038635782388895,0.2850620219025266,0.48436653075327296
8,rest,66,132,0.5194017501580318,0.6714518363229259,0.5926366449053434,0.35949735911598657,0.5357468976255719
8,rest,67,134,0.42784169473749717,0.7468368232910084,0.41853837802125793,0.422315198643257,0.5038830236732551
8,rest,68,136,0.3924982777945572,0.8807952175434275,0.6254997314002558,0.2825427075644288,0.5453339835756673
8,rest,69,138,0.6512056338664259,0.65951506648475,0.5487954100256955,0.29637439845885083,0.5389726272089306
8,rest,70,140,0.8038822721967382,0.3184812039605949,0.5390644646493772,0.2390295234167853,0.47511436605587387
8,rest,71,142,0.5512609614595902,0.3786276073127659,0.33466742619087775,0.22613376222465115,0.37267243929697125
8,rest,72,144,0.6810524696196382,0.266182521946855,0.702576153667601,0.7203361896360726,0.5925368337175417
8,rest,73,146,0.6242972169787635,0.470567703604241,0.48343499758829644,0.8088896379165771,0.5967973890219695
8,high,0,0,0.1875829734458122,0.8417342951399502,0.7272739891912268,0.4164443068893056,0.5432588911665737
8,high,1,2,0.02651311289641592,0.7658474841177578,0.6995601128423568,0.47841503791889833,0.49258393694385716
8,high,2,4,0.008041358260786263,0.6993899552331608,0.7894696459646755,0.845451281066388,0.5855880601312526
8,high,3,6,0.3836102997691344,0.8407329543250642,0.471032817289807,0.473331796042495,0.5421769668566252
8,high,4,8,0.6795450708844556,0.7041330185771855,0.6584995319868767,0.8116859846854054,0.7134659015334808
8,high,5,10,0.8294432571559281,0.5318583062240159,0.6683641754386037,0.8965661446086468,0.7315579708567986
8,high,6,12,0.5589636564682388,0.6050703848543186,0.5165999971767319,0.907105057150843,0.6469347739125331
8,high,7,14,0.5971310491893018,0.7456271952184256,0.4704516677273732,0.6607482915827668,0.6184895509294668
8,high,8,16,0.4997253884204237,0.5087917746588118,0.9055228821740344,0.5466976749536849,0.6151844300517386
8,high,9,18,0.14209030987237806,0.4728217914533869,0.8098383121569022,0.3691333143126454,0.44847093194882814
8,high,10,20,0.05158934890220766,0.7928099365348755,0.7606760748501056,0.6099335107956597,0.5537522177707122
8,high,11,22,0.08872448034561552,0.8598236398880279,0.7030046758430964,0.5991976614432524,0.562687614379998
8,high,12,24,0.0217237387373468,0.7161120567909095,0.5044048128161346,0.8560924482714813,0.524583264153968
8,high,13,26,0.0101858414131993,0.7704682821403537,0.9594963244119288,0.9874255862923942,0.681894008564469
8,high,14,28,0.022748250129570623,0.7424269042845599,0.9465332214768425,0.9959922766211255,0.6769251631280246
8,high,15,30,0.21878960110364568,0.5573357431571595,0.34072057314599274,0.4424639179620829,0.3898274588422202
8,high,16,32,0.45233545842355594,0.6091466668030852,0.2407580681850272,0.4217596138219954,0.43099995180841594
8,high,17,34,0.15663721691131643,0.7544528025891928,0.16570184037792554,0.5124406647769245,0.3973081311638398
8,high,18,36,0.08198302023451642,0.8313290240222617,0.4787241227191081,0.521987451259964,0.4785059045589626
8,high,19,38,0.6798467605733682,0.7145577752037375,0.6596059832531553,0.41893035030608833,0.6182352173340874
8,high,20,40,0.4052060268451474,0.7154423550276595,0.27054766113217327,0.43418329148688584,0.4563448336229665
8,high,21,42,0.055576734888369644,0.6759963523260877,0.4884406049001923,0.5830316193237329,0.45076132785959566
8,high,22,44,0.013471824253914869,0.702693292739162,0.5022447486747204,0.7828090728649363,0.5003047346331834
8,high,23,46,0.03604241920646442,0.8686065862338787,0.9627819042294167,0.9312399219233162,0.6996677078982689
8,high,24,48,0.004422477856881621,0.9110112290257958,0.6330484045855457,0.9717693927899963,0.6300628760645548
8,high,25,50,0.006222677520399919,0.7089827831769858,0.3108801682462397,0.9975273768433653,0.5059032514467477
8,high,26,52,0.08180374835329413,0.6274556368765768,0.8095947499044088,0.8055336307574962,0.581096941472944
8,high,27,54,0.13163298225707595,0.73132278762153,0.5788949176961142,0.5845161669887655,0.5065917136408715
8,high,28,56,0.311447574685021,0.5404827682432524,0.30603165702878155,0.3270721614365505,0.37125854034840133
8,high,29,58,0.26947206430428694,0.6658030006933238,0.5356619481428329,0.5148870050863555,0.4964560045566998
8,high,30,60,0.34521019834137895,0.4341923274172922,0.5097001396116276,0.6672455718368333,0.48908705930178303
8,high,31,62,0.008074302295704328,0.7513838284269417,0.7750809196534232,0.7726812667714323,0.5768050792868754
8,high,32,64,0.05056030402493833,0.8186440999501818,0.16960024830469766,0.8113732346246446,0.46254447172611557
8,high,33,66,0.08306270842226529,0.7742286946124258,0.357876025106841,0.45503476209873844,0.41755054756006765
8,high,34,68,0.5460673240944244,0.7226123478168375,0.7320486159226712,0.3740948331366115,0.5937057802426362
8,high,35,70,0.04532541106460968,0.8111063036275755,0.6681354256709641,0.9152489497330752,0.6099540225240562
8,high,36,72,0.022772195653190153,0.7122650193533622,0.40633868080334296,0.8771225456609406,0.504624610367709
8,high,37,74,0.12947463973257567,0.641977843092961,0.7622461121093246,0.5647371239704019,0.5246089297263158
8,high,38,76,0.2978782140617704,0.7122036921401309,0.6328979979896666,0.28669843152887176,0.48241958393010986
8,high,39,78,0.4700021898339138,0.7392085289484597,0.3521218589437094,0.3703084728301386,0.4829102626390554
8,high,40,80,0.019693857528418388,0.7344071263685102,0.2862502126100391,0.7420030177025726,0.445588553552385
8,high,41,82,0.05247946740488229,0.8152880865309347,0.6521396246713381,0.6243834513218179,0.5360726574822433
8,high,42,84,0.010713018857341914,0.6247061862493405,0.2955056930467808,0.7833379139177812,0.4285657030178111
8,high,43,86,0.251239244446987,0.741774230085136,0.40183712742780725,0.39361282072181836,0.44711585567043716
8,high,44,88,0.3931556588663125,0.8395822645101833,0.2978000968534856,0.45577596911291973,0.49657849733572523
8,high,45,90,0.35119325259215317,0.6993656660631619,0.3068230241344658,0.41209274897846476,0.4423686729420614
8,high,46,92,0.3977768427267452,0.47244861033998403,0.8409476036882196,0.5806202711710313,0.572948331981495
8,high,47,94,0.2660308584954357,0.41647312328256064,0.9812467845178843,0.48542047712641856,0.5372928108555748
8,high,48,96,0.39119366346921497,0.7109560400647854,0.6238338721401975,0.5050225051832323,0.5577515202143576
8,high,49,98,0.4574176167192282,0.7657858692043513,0.7922011381521227,0.7927957399850436,0.7020500910151863
8,high,50,100,0.13862216417324863,0.7347475246355142,0.818870297317287,0.5686451549414538,0.5652212852668759
8,high,51,102,0.42278983202956144,0.7553531620880806,0.2394559382645435,0.7477302687472309,0.5413323002823541
8,high,52,104,0.009272252034349043,0.8829141735881992,0.6619126759590157,0.8463662915256029,0.6001163482767917
8,high,53,106,0.33086664900420726,0.8259633409974924,0.6042904594621221,0.9013565925947192,0.6656192605146353
8,high,54,108,0.13328288482378614,0.6573746709418593,0.4714932103833848,0.905216035085557,0.5418417003086469
8,high,55,110,0.011855286044596845,0.6899748963083114,0.6421797656859675,0.9308434998593633,0.5687133619745597
8,high,56,112,0.47444535581095226,0.7110416170604568,0.42275427209243177,0.6177497786771159,0.5564977559102392
8,high,57,114,0.12223839143328445,0.8469906787265539,0.7776015963818103,0.6491860398334777,0.5990041765937816
8,high,58,116,0.07029079771485258,0.6827676048510095,0.8368874185962923,0.7023682719479125,0.5730785232775167
8,high,59,118,0.03177530298422561,0.6798747837681981,0.584336328710956,0.8971361368160132,0.5482806380698483
8,high,60,120,0.0632287885581845,0.709440590149019,0.6502831198007384,0.7524142520114392,0.5438416876298453
8,high,61,122,0.6878053135778572,0.6948518617441108,0.6575609017694536,0.38191915449697267,0.6055343078970985
8,high,62,124,0.19591605104690288,0.6913115040227027,0.8843070164717469,0.7132499270035186,0.6211961246362178
8,high,63,126,0.007020800018756193,0.8777283137697248,0.7183357033828309,0.9945220090721182,0.6494017065608575
8,high,64,128,0.20184411443810912,0.8623096096825416,0.2670030892536522,0.9666684046358052,0.574456304502527
8,high,65,130,0.3047454255789229,0.8599644097346039,0.8201475746683592,0.8717965044656307,0.7141634786118792
8,high,66,132,0.07000254452996524,0.7790558298440506,0.7837210549041392,0.8046424484003682,0.6093554694196308
8,high,67,134,0.1797920174182636,0.804027121953375,0.5475055319341774,0.9751282026526109,0.6266132184896067
8,high,68,136,0.18145000778787865,0.8484951674264659,0.7964581592905272,0.9157732904829119,0.685544156246946
8,high,69,138,0.4783600151530519,0.661444056806894,0.4618261283484735,0.6001319867490528,0.550440546764368
8,high,70,140,0.07992921561549333,0.8077903545230862,0.9142219823137343,0.8084389091638521,0.6525951154040415
8,high,71,142,0.7136258779114759,0.905102408801873,0.9260236341691015,0.5793895451935013,0.781035366518988
8,high,72,144,0.8620157159034636,0.7556086748535812,0.38264220855404546,0.43163952649645865,0.6079765314518871
8,high,73,146,0.5705332984512614,0.7473201662202977,0.3150731892503177,0.4964748330611035,0.5323503717457452
9,rest,0,0,0.5625024874317649,0.3662906065408608,0.26861763055497695,0.44609489376836214,0.4108764045739912
9,rest,1,2,0.6853089599410012,0.28685095835465685,0.5797576834629804,0.9681087191344879,0.6300065802232816
9,rest,2,4,0.7636872851539677,0.26292097289079974,0.9920001875314814,0.8851211218061126,0.7259323918455903
9,rest,3,6,0.6641718408678434,0.3556663841650899,0.5353837060546435,0.661852851927806,0.5542686957538456
9,rest,4,8,0.6604435851137241,0.37569009422176586,0.8134312556408824,0.5315448168507512,0.5952774379567809
9,rest,5,10,0.4978636124287394,0.5482658769154888,0.8933991874192555,0.9526618511585623,0.7230476319805115
9,rest,6,12,0.8225004097259412,0.6132077874601878,0.9389940001532971,0.9083348482211522,0.8207592613901447
9,rest,7,14,0.39048402204216653,0.23857212577913545,0.6004639017405059,0.7365084191789573,0.4915071171851913
9,rest,8,16,0.2318970637176079,0.25864395767521603,0.12102159306026006,0.6173975373953062,0.30724003796209753
9,rest,9,18,0.5021363875712609,0.5139325832387515,0.9055995666180382,0.7171718033334061,0.6597100851903641
9,rest,10,20,0.4361466528612233,0.5393712655612277,0.6626397246691019,0.2404595810876874,0.46965430604481007
9,rest,11,22,0.4279499115673295,0.5943245052209963,0.5672908102998508,0.3383707240272113,0.481983987778847
9,rest,12,24,0.5560719345948324,0.4635248494021516,0.5605802894100312,0.5906700949208507,0.5427117920819664
9,rest,13,26,0.5319058582188207,0.5810643403730795,0.36136428740287097,0.537937563680484,0.5030680124188138
9,rest,14,28,0.8553303709341253,0.7347838211496253,0.4950275241938078,0.7422604940976941,0.7068505525938131
9,rest,15,30,0.462549104119251,0.7371402396425331,0.7104915123308386,0.276557868989729,0.5466846812705879
9,rest,16,32,0.3309176275050586,0.4010820588846649,0.4057632826684625,0.3447287409065912,0.3706229274911943
9,rest,17,34,0.6995854446656579,0.29510962298869486,0.3911675280871459,0.6403926639980224,0.5065638149348802
9,rest,18,36,0.8576511507545326,0.4189583417420696,0.853347929754224,0.760841797391999,0.7226998049107063
9,rest,19,38,0.7117481115006934,0.4414629833802664,0.48538057937908696,0.6331710263591048,0.567940675154788
9,rest,20,40,0.457903252774567,0.4536507981827388,0.25031830648525377,0.6309788636072056,0.4482128052624413
9,rest,21,42,0.8042874804850113,0.34744413363320137,0.576799307584485,0.6132281635131825,0.5854397713039701
9,rest,22,44,0.35759181003810564,0.32945642888982024,0.6788248888479226,0.703098976383706,0.5172430260398886
9,rest,23,46,0.3741813832487472,0.29317127043683555,0.526513447212542,0.5155956951058952,0.42736544900100504
9,rest,24,48,0.20052294166820628,0.45420875198323096,0.4368251677845563,0.40023916757455097,0.37294900725263613
9,rest,25,50,0.2077545441291464,0.5459515336879269,0.9745834097134017,0.2253644503468386,0.4884134844693284
9,rest,26,52,0.26345522420280976,0.48114806378780645,0.8462564277827022,0.16702289266816103,0.43947065211036984
9,rest,27,54,0.783396511191651,0.4395003637363842,0.5196764694635203,0.436396523414206,0.5447424669514404
9,rest,28,56,0.6414678444500488,0.20765178867256592,0.391045855732267,0.6207766136612219,0.4652355256290259
9,rest,29,58,0.5913414506068785,0.30388947844959935,0.9380650898195345,0.8184344090990071,0.6629326069937549
9,rest,30,60,0.25419081397481896,0.18281957226274492,0.4524110362079309,0.7297635165250002,0.4047962347426237
9,rest,31,62,0.3516807841883257,0.2227539635981217,0.6840240688815469,0.39019673348310824,0.4121638875377756
9,rest,32,64,0.7060408525224375,0.29451440788438243,0.24298480995278302,0.6494238971203414,0.4732409918699861
9,rest,33,66,0.35973606579428435,0.30343455072981984,0.2277474011105332,0.4599938232316789,0.3377279602165791
9,rest,34,68,0.25766828045330653,0.40347807427023996,0.3667570702780791,0.1969022634380534,0.30620142210991974
9,rest,35,70,0.40069590601045124,0.38059502987425947,0.7432047014412628,0.3331756229618951,0.46441781507196717
9,rest,36,72,0.16537922168179622,0.4789736356475626,0.6048789758970636,0.8245176609152499,0.5184373735354181
9,rest,37,74,0.20131656462863645,0.439919086283457,0.32813260144487155,0.5795473688622726,0.3872289053048094
9,rest,38,76,0.5852376230784531,0.3456225715984583,0.5049724758061925,0.48172533286414143,0.4793895008368113
9,rest,39,78,0.28189168011689913,0.4572841287564718,0.600827897142719,0.4844043048941048,0.45610200272754864
9,rest,40,80,0.3594077039497472,0.4364852325162526,0.6197468312374632,0.587671421270293,0.5008277972434391
9,rest,41,82,0.19820894802239336,0.5715422017933138,0.15232553463552193,0.29923881272555414,0.3053288742941958
9,rest,42,84,0.23442223114123456,0.3012377799805569,0.649290533313937,0.42347437681655703,0.4021062303130714
9,rest,43,86,0.17764049246896244,0.27045821645332707,0.43187993770790395,0.833265881971825,0.42831113215050465
9,rest,44,88,0.3834118831790606,0.3858855199790593,0.8112581703961582,0.94756210051678,0.6320294185177646
9,rest,45,90,0.44823765683926853,0.48606741676124865,0.33605493733297714,0.16231852764038018,0.3581696346434686
9,rest,46,92,0.29321738742467984,0.4158627213631263,0.7690731089303006,0.22558577233331878,0.42593474751285637
9,rest,47,94,0.6032080751784132,0.6269832181610104,0.3947617455318895,0.19677165046153225,0.45543117233321134
9,rest,48,96,0.6711413076894801,0.6815753057650283,0.16277602889085827,0.14743231206203483,0.4157312386018504
9,rest,49,98,0.3443354753866912,0.8232605451730293,0.452353898400973,0.4626378593574251,0.5206469445795296
9,rest,50,100,0.46552104312841414,0.8267332756837208,0.702642031868578,0.4834437318480479,0.6195850206321902
9,rest,51,102,0.7548679588624269,0.8057063117730751,0.14534662187932665,0.26730220607031874,0.49330577464628683
9,rest,52,104,0.48493263410611104,0.5488154563823818,0.48328605661874263,0.3848410609920666,0.47546880202482555
9,rest,53,106,0.45918464388091806,0.516097064909261,0.9648552963631822,0.7164171513059561,0.6641385391148293
9,rest,54,108,0.6070543889591883,0.7290785208516554,0.43758713631826734,0.40477936134556175,0.5446248518686682
9,rest,55,110,0.7253647861699023,0.7654340862535794,0.17801801839913636,0.5410972528208985,0.5524785359108791
9,rest,56,112,0.7161109476688456,0.7402162090949621,0.20483454343851634,0.5701577420642068,0.5578298605666328
9,rest,57,114,0.5827981937699206,0.7276330462344788,0.28731545148497084,0.8792761731903689,0.6192557161699348
9,rest,58,116,0.7974839604146663,0.6282335542797949,0.36284847312047747,0.31092587513980424,0.5248729657386857
9,rest,59,118,0.49084463770198494,0.5163840415035434,0.8111866764369701,0.7173339863228342,0.6339373354913331
9,rest,60,120,0.6612705702064336,0.5866167552493223,0.27565991080887814,0.7806157230555306,0.5760407398300412
9,rest,61,122,0.5483430280650455,0.8640154082973295,0.37593015595026835,0.3596502805887533,0.5369847182253491
9,rest,62,124,0.7066326718570684,0.8865906356584159,0.6139795340072401,0.6631624946098216,0.7175913340331366
9,rest,63,126,0.3681914342095687,0.8791431455387969,0.6186546058036778,0.9391863496285606,0.701293883795151
9,rest,64,128,0.5383500477951935,0.8751939758830878,0.413978713114916,0.6109833311707107,0.6096265169909769
9,rest,65,130,0.49423072780287425,0.8598834258542348,0.33762378006650484,0.4694207348864535,0.5402896671525168
9,rest,66,132,0.48427105747297006,0.7169138681886547,0.2642426409716105,0.43007337808334295,0.47387523617914457
9,rest,67,134,0.6883437214534603,0.6137692271243886,0.44791831976357105,0.2700114455964414,0.5050106784844653
9,rest,68,136,0.49346716282130176,0.7698238321351518,0.8928453770522666,0.17866405268827396,0.5837001061742486
9,rest,69,138,0.706771162126443,0.9368590352838443,0.7918900928362407,0.4558980710296038,0.7228545903190329
9,rest,70,140,0.8942304484807189,0.9773070498567897,0.3418578474446213,0.36136408927019237,0.6436898587630806
9,rest,71,142,0.889229485817326,0.9317881717227443,0.575084154027148,0.18455754463034257,0.6451648390493901
9,rest,72,144,0.6637431778536393,0.6925001385906169,0.43514142062686917,0.2726830715916798,0.5160169521657013
9,rest,73,146,0.7268958379251965,0.7526133511744626,0.22679837846948242,0.34914212441100034,0.5138624229950355
9,high,0,0,0.8713117125832961,0.9311722643214848,0.5882565252264381,0.5133864909302234,0.7260317482653605
9,high,1,2,0.5936007760603578,0.8951635971762251,0.3134757709318018,0.2902053952237604,0.5231113848480362
9,high,2,4,0.7614373494328159,0.8153616896214171,0.40405033474939595,0.38960346181032396,0.5926132089034882
9,high,3,6,0.9158123728405374,0.8725786099136978,0.8437053368376534,0.31722021155941815,0.7373291327878267
9,high,4,8,0.9591876037550662,0.9515328188583552,0.491492077666623,0.39815447402977516,0.700091743577455
9,high,5,10,0.8989459639854221,0.9651142172053166,0.9686316447160189,0.9876993174241729,0.9550977858327326
9,high,6,12,0.9089821739914931,0.9936723809418122,0.735269093820674,0.9890176161496138,0.9067353162258982
9,high,7,14,0.8156679814276573,0.9860036303622398,0.7448570755065979,0.1379894870890795,0.6711295435963937
9,high,8,16,0.8624221434730109,0.9840554492231847,0.9054267406970538,0.13846684436895068,0.72259279444055
9,high,9,18,0.8958951313035012,0.9563822339159216,0.7831471594470985,0.18508406847138723,0.7051271482844771
9,high,10,20,0.6021151508292718,0.9108930401735207,0.8673474643287631,0.27614467036147544,0.6641250814232578
9,high,11,22,0.5824529508526451,0.9513747111942975,0.7779398513020483,0.3374962478707241,0.6623159403049288
9,high,12,24,0.7115626066950671,0.9308231352978368,0.3813134448546064,0.42013238130617214,0.6109578920384207
9,high,13,26,0.5720232621518824,0.9004566302206375,0.7876909028481967,0.40820781863834665,0.6670946534647657
9,high,14,28,0.6185780755191733,0.8827106755229466,0.3321030786702518,0.39586197648771954,0.5573134515500228
9,high,15,30,0.5575954096902405,0.9946363203626387,0.8298619340427658,0.2540515751733913,0.659036309817259
9,high,16,32,0.903447370029098,0.9954678835708131,0.4473693870215548,0.4268096571975022,0.693273574454742
9,high,17,34,0.949149911789163,0.989999891114095,0.46367777774940044,0.3020588583811918,0.6762216097584626
9,high,18,36,0.7221831607316912,0.9713480411178445,0.4446463103138841,0.19823334324420985,0.5841027138519075
9,high,19,38,0.48861425282403864,0.8742363400172829,0.6069123367013481,0.19389104544379435,0.540913493746616
9,high,20,40,0.9426889048286762,0.9644140185684151,0.5368279101021747,0.7305830900099248,0.7936284808772978
9,high,21,42,0.7738555469699583,0.846639944198375,0.6809347503520389,0.7085816617780764,0.7525029758246121
9,high,22,44,0.6395569734898784,0.8302958140825895,0.8723101497716266,0.9588812797190871,0.8252610542657954
9,high,23,46,0.6757088171785238,0.9562112868717697,0.9144096537279831,0.39886816967112676,0.7362994818623508
9,high,24,48,0.6588456032338263,0.8427652387817134,0.3604291819311849,0.23019909573554043,0.5230597799205663
9,high,25,50,0.5536879201699693,0.765840889822222,0.7368696941880456,0.5273666646148351,0.645941292198768
9,high,26,52,0.6360351248078882,0.668186639153765,0.8892082483720335,0.31306948505897575,0.6266248743481656
9,high,27,54,0.6636418300678517,0.8152706640906741,0.606904479105893,0.14679635699424107,0.5581533325646649
9,high,28,56,0.5116441137236036,0.8471559266176983,0.7384113814617133,0.32090855443564703,0.6045299940596656
9,high,29,58,0.8309002095657989,0.784531667627831,0.2585576063890943,0.22407854263954893,0.5245170065555682
9,high,30,60,0.8305538220529316,0.955390386094328,0.6975936718843273,0.5666428440687021,0.7625451810250723
9,high,31,62,0.5330847144593927,0.9940887548762408,0.11410821429477667,0.7495228433990337,0.597701131757361
9,high,32,64,0.49748673990598075,0.9778716651668682,0.2192505380967108,0.36165701014900303,0.5140664883296407
9,high,33,66,0.624758362707843,0.9362218814826366,0.2582702150627485,0.13843855394788757,0.48942225330027894
9,high,34,68,0.5929325355428532,0.9066723879873821,0.24020633852024698,0.15020549329730648,0.47250418883694717
9,high,35,70,0.8019682059292581,0.9824087731947603,0.16844368642379542,0.1409549065720194,0.5234438930299583
9,high,36,72,0.9485387047538373,0.9550702812499391,0.2361966799342733,0.25785582271826735,0.5994153721640793
9,high,37,74,0.3414914121430833,0.9483187114339372,0.8275531847299106,0.6171920082762269,0.6836388291457896
9,high,38,76,0.9197401443640123,0.9823339882794546,0.20592413492340247,0.29246043043643094,0.6001146745008251
9,high,39,78,0.9337322912645396,0.9127411166910359,0.2870587923179071,0.27961987989919224,0.6032880200431687
9,high,40,80,0.9050022182081792,0.7913747203381359,0.16606310290926718,0.31790070383433977,0.5450851863224806
9,high,41,82,0.9250109179508885,0.9626298524375766,0.11678811457611236,0.43908026975389747,0.6108772886796188
9,high,42,84,0.7379463967255672,0.9522765675799398,0.3229788383661643,0.30188418356676383,0.5787714965596088
9,high,43,86,0.8852050762237271,0.9898387373162177,0.5199880424065532,0.21011470445697542,0.6512866401008683
9,high,44,88,0.7975130761321504,0.979640448195666,0.3338730862734916,0.3091572226666013,0.6050459583169774
9,high,45,90,0.8408651688318736,0.9656336832030874,0.20700867337953874,0.43283880891924975,0.6115865835834373
9,high,46,92,0.8445961650357755,0.9520201576093313,0.41985203946356986,0.304123321057559,0.6301479207915589
9,high,47,94,0.6970308591675834,0.9700968512732981,0.08887644636130028,0.16381347632063403,0.47995440828070396
9,high,48,96,0.9740511616967268,0.9588116017178789,0.43799251730063266,0.28000053080584036,0.6627139528802697
9,high,49,98,0.9431802352673285,0.9583553094450759,0.31009534332252525,0.15213256704205805,0.5909408637692469
9,high,50,100,0.835544987180072,0.9237899340156719,0.484211399000534,0.2678270447076693,0.6278433412259867
9,high,51,102,0.6686471739646038,0.9537317098591331,0.33135615701250626,0.32317670729345566,0.5692279370324247
9,high,52,104,0.41384422615901795,0.9021893516013828,0.2725068153542418,0.80226843331713,0.5977022066079432
9,high,53,106,0.7609781262093112,0.9511687356508646,0.17929755396577074,0.5359515861866265,0.6068490005031433
9,high,54,108,0.8402050139203313,0.9027695080997674,0.8041913127908006,0.453271716740329,0.750109387887807
9,high,55,110,0.5872327443589191,0.9241617810977193,0.2846481037828527,0.4999388820502821,0.5739953778224433
9,high,56,112,0.6623779588966903,0.9373238597178035,0.2765892964070663,0.5338835193262857,0.6025436585869615
9,high,57,114,0.8460526499450226,0.9729139452946944,0.2538411024497696,0.1666106555422467,0.5598545883079333
9,high,58,116,0.9101275431440551,0.9687449624376604,0.2914464429107676,0.3699197443003393,0.6350596731982057
9,high,59,118,0.8333337075986167,0.9551523616415911,0.8114008196077651,0.7577271662760692,0.8394035137810105
9,high,60,120,0.5918882432727928,0.8385336559819221,0.8630814697285467,0.30798647506805,0.6503724610128279
9,high,61,122,0.8847952532389247,0.9085474212681272,0.49738844974577107,0.1632257371110782,0.6134892153409753
9,high,62,124,0.750509498470978,0.9703773774820178,0.8954377994125722,0.21554008099329244,0.7079661890897151
9,high,63,126,0.7217331266517211,0.9384194288998465,0.8268663307691164,0.30650615752479854,0.6983812609613707
9,high,64,128,0.6497502976575203,0.8783957994693088,0.6530214350355255,0.2202385417102472,0.6003515184681504
9,high,65,130,0.6584856446981825,0.8441694416322892,0.10037357484482602,0.22969958244460248,0.45818206090497504
9,high,66,132,0.6979982389352722,0.9756138249878955,0.19596657077412633,0.16466803545280204,0.508561667537524
9,high,67,134,0.5118341411382027,0.793608726959712,0.5118147284220292,0.24015085103333453,0.5143521118883195
9,high,68,136,0.3980025259093817,0.8408174552346305,0.45520571933759585,0.39366222236419296,0.5219219807114502
9,high,69,138,0.5918420193949647,0.8919356206605016,0.34978311237985815,0.16686617503923748,0.5001067318686405
9,high,70,140,0.6369013882500886,0.9108529606307209,0.2547443240143891,0.214384868057264,0.5042208852381157
9,high,71,142,0.6681417001559895,0.9009150913389264,0.834423760554096,0.4236444817859287,0.7067812584587352
9,high,72,144,0.5496237340694589,0.8674834474429137,0.9542717838882041,0.9304346105398611,0.8254533939851094
9,high,73,146,0.9222616763423449,0.9403147928099748,0.2291241593336387,0.7580570383113614,0.71243941669933
10,rest,0,0,0.2433146922747499,0.7681189014319133,0.5326152518908541,0.8483816218708139,0.5981076168670828
10,rest,1,2,0.33563296461282327,0.30133728582122454,0.458921696495203,0.6711767909082502,0.44176718445937524
10,rest,2,4,0.6928603377141549,0.737364989260457,0.9352772511030785,0.3135700463720215,0.669768156112428
10,rest,3,6,0.27209319159662193,0.4190990564471941,0.44681714231870995,0.4706187686067403,0.40215703974231654
10,rest,4,8,0.33770471482461656,0.3685806574696636,0.6045167593839994,0.27640924049350074,0.3968028430429451
10,rest,5,10,0.2666711242514681,0.5022759842567106,0.7605998170597239,0.7491190078005732,0.569666483342119
10,rest,6,12,0.18871376613425622,0.06508842592411344,0.5182784046873331,0.359052746235636,0.28278333574533465
10,rest,7,14,0.1314103497380844,0.0713736090059545,0.4324302118357973,0.7881457328609579,0.35583997586019855
10,rest,8,16,0.13649667159693812,0.2510239709279615,0.666379403197771,0.6690652223343361,0.43074131701425167
10,rest,9,18,0.4361652053254867,0.34432240458858826,0.4813679400649682,0.5844059278886083,0.46156536946691284
10,rest,10,20,0.534185487102488,0.2874880479241317,0.24183762172895643,0.33906441203758736,0.3506438921982909
10,rest,11,22,0.3751081931570028,0.5327346484054932,0.5334667374864189,0.2990518641457469,0.4350903607986655
10,rest,12,24,0.5981238622775635,0.43546759164191273,0.716593674790292,0.24328903271592117,0.49836854035642236
10,rest,13,26,0.6490234562039189,0.19569018638391386,0.26430027897554514,0.6063172114034007,0.4288327832416946
10,rest,14,28,0.3690826667509642,0.17220572727772576,0.2016419851971778,0.48996175601998365,0.3082230338114628
10,rest,15,30,0.49974028583409696,0.6448033745555535,0.3329845056824626,0.4242416948516847,0.4754424652309494
10,rest,16,32,0.529038820990014,0.5354208679010725,0.5220531504438144,0.4915957310924845,0.5195271426068463
10,rest,17,34,0.5829230437590133,0.5743458587575766,0.763514198656446,0.33624211969971757,0.5642563052181884
10,rest,18,36,0.33626350078198963,0.6585186698435197,0.6612414933775738,0.6139505161005672,0.5674935450259125
10,rest,19,38,0.10217661046734319,0.8357127602313119,0.5323636408534195,0.8918733758978613,0.5905315968624839
10,rest,20,40,0.18796756441463183,0.9477604880414875,0.3295784143735088,0.9009094269124144,0.5915539734355106
10,rest,21,42,0.432976929025977,0.9045698993056963,0.46923673097015056,0.8862671609110094,0.6732626800532083
10,rest,22,44,0.7792815208067253,0.6924729608795803,0.6922045828543745,0.5055362646691136,0.6673738323024484
10,rest,23,46,0.26011746138349995,0.5636192457611467,0.7427364258076282,0.4868523225154984,0.5133313638669433
10,rest,24,48,0.18663851006097099,0.6909436356858307,0.5037761325852189,0.9207876871405789,0.5755364913681499
10,rest,25,50,0.535686042900166,0.5784622540413332,0.3227325148947739,0.6612110765566513,0.5245229720982311
10,rest,26,52,0.6042275297767712,0.7586767765533529,0.6881969411474175,0.47820007824647126,0.6323253314310032
10,rest,27,54,0.6266633297720781,0.6441174376614083,0.20292966667443738,0.4592860807895751,0.4832491287243747
10,rest,28,56,0.5861203105727929,0.7158095148826437,0.34130148579064784,0.5217663207288572,0.5412494079937353
10,rest,29,58,0.37509347740887156,0.5008561691330564,0.4190835457435232,0.9393569362404726,0.5585975321314809
10,rest,30,60,0.3650343397053231,0.5440707700024956,0.27179020956042105,0.9323834966820138,0.5283197039875633
10,rest,31,62,0.5757451387106797,0.3720898092105691,0.6070171306388937,0.4071103254524181,0.4904906010031401
10,rest,32,64,0.7833391967142923,0.1510596803066842,0.4435709956421714,0.4356705618154199,0.453410108619642
10,rest,33,66,0.719444392592266,0.3910528325663598,0.4157500810364441,0.656619998242443,0.5457168261093782
10,rest,34,68,0.5002597141659029,0.5430204841694275,0.6867831814233587,0.8529794319040495,0.6457607029156847
10,rest,35,70,0.38331062019023826,0.8481985094842683,0.5837718134060413,0.7094472738171342,0.6311820542244205
10,rest,36,72,0.6349985115868073,0.8251713299863916,0.4962238674147812,0.4231854644995079,0.594894793371872
10,rest,37,74,0.6627206189170647,0.4342749241197989,0.38574946021402473,0.45872581643064314,0.4853677049203829
10,rest,38,76,0.6337133245109934,0.19057902680824584,0.3929781478788301,0.39989469730462024,0.4042912991256724
10,rest,39,78,0.6153871952525944,0.7724841839527593,0.526900422238322,0.49413050271270764,0.6022255760390959
10,rest,40,80,0.18590925283098342,0.45417673706169087,0.8288749506431144,0.8330413206419941,0.5755005652944457
10,rest,41,82,0.10799536270020209,0.5738761369595382,0.6302493836896852,0.9251858851094796,0.5593266921147262
10,rest,42,84,0.2037853780390355,0.9484082480026013,0.4597184361371277,0.8761322347564264,0.6220110742337978
10,rest,43,86,0.8182248487382666,0.5945054009635667,0.29402730820630896,0.2929037401590331,0.4999153245167938
10,rest,44,88,0.6073093249690754,0.4399863525296152,0.9129958060106955,0.3263222300647603,0.5716534283935366
10,rest,45,90,0.30711558046014636,0.4406191974711898,0.7967796009274799,0.8370570108082358,0.5953928474167629
10,rest,46,92,0.4187662232269366,0.4991438308669433,0.34610931396585737,0.6223888355143171,0.4716020508935136
10,rest,47,94,0.48498599365235856,0.40574300078539777,0.5147026728554023,0.7071386298810659,0.5281425742935562
10,rest,48,96,0.7002153753627839,0.30026607823333007,0.7152846079436757,0.6231001999118461,0.584716565362909
10,rest,49,98,0.5979315057891597,0.3764949835135687,0.33622785086084633,0.4617793603832636,0.44310842513670956
10,rest,50,100,0.6746173868462649,0.8091937917238966,0.3334279179679261,0.4331241942183585,0.5625908226891115
10,rest,51,102,0.878777853764876,0.6797241029919009,0.8318969171939024,0.41312003691449867,0.7008797277162945
10,rest,52,104,0.702124950074093,0.42480995998907944,0.8288352075262005,0.5678055802484532,0.6308939244594566
10,rest,53,106,0.7452254261901692,0.35731549651145067,0.8782685299947656,0.41699280316867565,0.5994505639662653
10,rest,54,108,0.7136537703083867,0.6893825684697849,0.8235425585758466,0.3218390040677078,0.6371044753554315
10,rest,55,110,0.9246015509170241,0.7822052505830095,0.3520177720651508,0.557119345656503,0.653985979805422
10,rest,56,112,0.807854057277528,0.48028664511462554,0.30810482706334874,0.36989240695831804,0.49153448410345507
10,rest,57,114,0.2890977009497191,0.3647171223173988,0.44049217742518165,0.7904855900880251,0.47119814769508117
10,rest,58,116,0.36271168629379097,0.5598860164308471,0.6357320154259452,0.39704000030424563,0.4888424296137072
10,rest,59,118,0.5075497048335764,0.6274412528249049,0.2506420601278554,0.4846932592443662,0.46758156925767574
10,rest,60,120,0.6633280818387086,0.6664742995815601,0.7959003974106691,0.2946875639356539,0.605097585691648
10,rest,61,122,0.44057459723653386,0.1324065957861309,0.7939534155542793,0.31173300839403517,0.4196669042427448
10,rest,62,124,0.44701332695422213,0.27747117656114306,0.6841568068167867,0.68797026689483,0.5241528943067455
10,rest,63,126,0.5769407977660702,0.35435029365152215,0.5634601355161609,0.5295001466931237,0.5060628434067193
10,rest,64,128,0.7355007958167784,0.2681150670250133,0.4483692187533374,0.8447237430628377,0.5741772061644917
10,rest,65,130,0.46461133077637073,0.5403503740172022,0.7129584803789206,0.7671772993624165,0.6212743711337275
10,rest,66,132,0.15082722167727391,0.15171977420726257,0.41024222854376896,0.7423913911739148,0.36379515390055506
10,rest,67,134,0.4309751015885759,0.32158126356394245,0.1930229064604984,0.3443974029663999,0.32249416864485414
10,rest,68,136,0.5012188327067629,0.5826533287334026,0.4252608985205044,0.33874418549508806,0.46196931136393954
10,rest,69,138,0.6384699143122603,0.4126854282676453,0.6259763006113919,0.49446373533088644,0.5428988446305459
10,rest,70,140,0.7717347126805496,0.7914948441498469,0.44461122792510244,0.2528208483401698,0.5651654082739173
10,rest,71,142,0.3494183523126179,0.0706621498023664,0.19464081992761423,0.3116145868159719,0.2315839772146426
10,rest,72,144,0.22823587459644876,0.21936138136733024,0.3222583549404746,0.6929537519662923,0.36570234071763646
10,rest,73,146,0.08511634387905528,0.16258036633910003,0.340572424249003,0.9567416844153901,0.3862527047206371
10,high,0,0,0.7813965934678798,0.8099699405809875,0.6340348843697597,0.9975273768433653,0.8057321988154981
10,high,1,2,0.7558294531092914,0.450240580906648,0.33968051982640307,0.9975273768433653,0.635819482671427
10,high,2,4,0.3663098777453815,0.591266803890633,0.5528578619097058,0.5382749219876122,0.5121773663833331
10,high,3,6,0.4948475084893228,0.8974364884540558,0.9557219332937391,0.3297684678675211,0.6694435995261597
10,high,4,8,0.1851918018302819,0.9806436117834909,0.8012514743206551,0.6765453202808304,0.6609080520538145
10,high,5,10,0.5452089433693353,0.8589676757858179,0.5551162720838022,0.677940419838954,0.6593083277694773
10,high,6,12,0.7969151502822452,0.5681725376285385,0.2979434433219919,0.95783930370006,0.6552176087332089
10,high,7,14,0.3592746790430487,0.7488558690863019,0.4019070974745376,0.6815185238213188,0.5478890423563018
10,high,8,16,0.05054409385756083,0.8785561473696055,0.37478198514611466,0.6504331223671147,0.4885788371850989
10,high,9,18,0.08227714425194096,0.8335678432315337,0.638407614444986,0.7295732315447957,0.5709564583683141
10,high,10,20,0.7137759294958576,0.9195244833111611,0.8487069663144182,0.8447641739690478,0.8316928882726211
10,high,11,22,0.6767950838460955,0.7770324650923559,0.8492914968622925,0.9530599281367061,0.8140447434843626
10,high,12,24,0.4930576293017234,0.7343841957703765,0.1969258797397208,0.9682596849924924,0.5981568474510783
10,high,13,26,0.4316929198761909,0.9496708372041738,0.6234583376328126,0.9975273768433653,0.7505873678891356
10,high,14,28,0.9068846314104385,0.9209411128219318,0.5646747474489084,0.9734559601086787,0.8414891129474894
10,high,15,30,0.11973011530032106,0.971111497357862,0.7349574371069736,0.6732025032241254,0.6247503882473205
10,high,16,32,0.059960544350313554,0.9944338809231525,0.40346086336943165,0.7215035361450033,0.5448397061969752
10,high,17,34,0.11829669775597278,0.9921641867995492,0.7320244725988517,0.7979882463148446,0.6601184008673046
10,high,18,36,0.05437743362184919,0.9975273768433653,0.4514879409054296,0.9221958968170973,0.6063971620469353
10,high,19,38,0.15002661727441985,0.9852658049603151,0.6366909215257837,0.759770239369441,0.6329383957824899
10,high,20,40,0.3832786017810625,0.9821092394185135,0.6553862974528174,0.4533564433671405,0.6185326455048835
10,high,21,42,0.14326257870482254,0.9471389396211827,0.761853132513267,0.8155816955173941,0.6669590865891666
10,high,22,44,0.5794620247164006,0.8342772891710607,0.8294397516821845,0.935610901854658,0.7946974918560761
10,high,23,46,0.3075845264002313,0.9951637735746635,0.6406031656639287,0.6883231341567698,0.6579186499488983
10,high,24,48,0.07313505328340583,0.9975273768433653,0.5648465101636578,0.7920721897580754,0.6068952825121261
10,high,25,50,0.43017829661460816,0.7445893996804009,0.3372819553136507,0.35724691107852674,0.4673241406717966
10,high,26,52,0.11368237323545911,0.9969753573376512,0.31057767880570103,0.3879894767971022,0.45230622154397837
10,high,27,54,0.33802570068660187,0.9975273768433653,0.7489273812202117,0.37920195704630194,0.6159206039491203
10,high,28,56,0.33774196035415366,0.9738614824386848,0.5496625635602568,0.5752235316663552,0.6091223845048626
10,high,29,58,0.472343448207523,0.8409155273449583,0.5840827393615078,0.6660815706272087,0.6408558213852995
10,high,30,60,0.15368025256124776,0.7637385911692296,0.2766044705079699,0.5042867285527395,0.4245775106977967
10,high,31,62,0.40273223432537714,0.7917043373068896,0.6709640080004559,0.6140022981779253,0.6198507194526619
10,high,32,64,0.7880130923383198,0.7987994322006275,0.41706321873820174,0.32695481584405967,0.5827076397803022
10,high,33,66,0.23128102285380792,0.9975273768433653,0.3382886587528702,0.8398103558666931,0.6017268535791841
10,high,34,68,0.3843919465923536,0.9955765577451676,0.5091426627905673,0.7088431824101715,0.649488587384565
10,high,35,70,0.4260005841425581,0.9650720203195402,0.4379031770092382,0.8824475066470563,0.6778558220295982
10,high,36,72,0.5884654171701273,0.8876942924336497,0.5344171942321214,0.5116642637599188,0.6305602918989544
10,high,37,74,0.3060578964344856,0.8598160989482972,0.2835813181889124,0.6757307743485813,0.5312965219800692
10,high,38,76,0.2531067965312012,0.973091454919554,0.38211185323673674,0.6931752420572987,0.5753713366861977
10,high,39,78,0.08635279744673202,0.9975273768433653,0.7720783120141084,0.3933875705032413,0.5623365142018618
10,high,40,80,0.27113271702658176,0.9912632558043887,0.8113801312511068,0.6030641847933187,0.669210072218849
10,high,41,82,0.7933714762350168,0.7544238547300753,0.5604558942089612,0.555802895776877,0.6660135302377326
10,high,42,84,0.6589289034857917,0.9028583186878241,0.7012531711372769,0.6801985240170741,0.7358097293319916
10,high,43,86,0.279158216604622,0.8936851046233828,0.34707341184238827,0.8957047584948591,0.6039053728913131
10,high,44,88,0.38613313631096974,0.5837962410900355,0.7670549757713688,0.9968652015320912,0.6834623886761163
10,high,45,90,0.20355670645617635,0.1292754802293178,0.6003958337273297,0.47922803354915905,0.35311401349049576
10,high,46,92,0.3505993053684847,0.3176355563745532,0.5062638706667929,0.4439501713703539,0.4046122259450462
10,high,47,94,0.6078956529521847,0.4192700648919496,0.6639116715028545,0.416584713133688,0.5269155256201692
10,high,48,96,0.9086271584087483,0.20464369618268144,0.5232439797562696,0.7177841553248765,0.588574747418144
10,high,49,98,0.23872622156638448,0.7232004742423342,0.38117542576245805,0.4520155058177553,0.448779406847233
10,high,50,100,0.07706944335695558,0.7829561278273521,0.5754419298315171,0.6287441660394386,0.5160529167638159
10,high,51,102,0.44238045168385237,0.8370139579378535,0.7237364250177886,0.8020486291640132,0.7012948659508769
10,high,52,104,0.9360616459740532,0.8024199928850492,0.6396615456609601,0.8062203290779136,0.796090878399494
10,high,53,106,0.8348708502505499,0.4874326934327908,0.47345708980998163,0.9483414398813274,0.6860255183436624
10,high,54,108,0.6686927681168214,0.9759540901643539,0.6686692789185618,0.9420870841327851,0.8138508053331306
10,high,55,110,0.04628039267893526,0.9897628989920813,0.7769309781569455,0.8950080663588882,0.6769955840467126
10,high,56,112,0.4978929166232147,0.6873952923076504,0.20089637067090152,0.7222442069180552,0.5271071966299554
10,high,57,114,0.41734947462256605,0.9441479803051647,0.741391459039152,0.6856821964341157,0.6971427776002496
10,high,58,116,0.4346975303443493,0.8664018397556681,0.7670347444518663,0.8295496431144201,0.7244209394165759
10,high,59,118,0.29184688266006187,0.9819059957781503,0.7393997530641121,0.4229068989058529,0.6090148826020443
10,high,60,120,0.6422453998223651,0.9140827624050556,0.6411098240420952,0.8732129002799668,0.7676627216373706
10,high,61,122,0.3510331199054482,0.8473521621256669,0.8399246775290534,0.5617300638104082,0.6500100058426442
10,high,62,124,0.3056961980639765,0.9115966491720708,0.2873684868342228,0.4176014464728261,0.4805656951357741
10,high,63,126,0.35036708402328354,0.9925722715447449,0.4370119481662261,0.9288721979443526,0.6772058754196518
10,high,64,128,0.17536616499995403,0.9225562291417937,0.5845123050005464,0.6884058713877801,0.5927101426325185
10,high,65,130,0.16893953347160365,0.9921821061987092,0.27070680163181166,0.5095287386248067,0.4853392949817328
10,high,66,132,0.1021583979264803,0.9411435346015424,0.6377589117624928,0.3114904293654293,0.49813781841398624
10,high,67,134,0.09204189960742026,0.36626023254978857,0.3221585353580945,0.7620203251426233,0.3856202481644817
10,high,68,136,0.649744608692288,0.7133373518131221,0.4361122237906309,0.6834536672966416,0.6206619628981707
10,high,69,138,0.7144761746513886,0.9893680124285669,0.30675657976464715,0.36314618316425806,0.5934367375022152
10,high,70,140,0.4967797001702037,0.9540457535196785,0.36455539413294097,0.7959522877373548,0.6528332838900445
10,high,71,142,0.4398143261599187,0.9841255827173258,0.5681808312384212,0.9603447766753582,0.738116379197756
10,high,72,144,0.288094734481299,0.9028569040559017,0.9292560292324317,0.428093587444182,0.6370753138034535
10,high,73,146,0.5780951219554581,0.7313551697642015,0.27022170270574425,0.37639067861100794,0.4890156682591029
11,rest,0,0,0.9677073467611048,0.39359060204554414,0.5029453561474545,0.5607415297233189,0.6062462086693556
11,rest,1,2,0.6141394126313009,0.20592845525279188,0.2304421290799592,0.5583326747726023,0.4022106679341636
11,rest,2,4,0.37235933043943986,0.16890231620904034,0.29446369809472445,0.6452291023434239,0.3702386117716572
11,rest,3,6,0.13186702211557771,0.06880347983156013,0.7591836623074881,0.7904985523510845,0.4375881791514276
11,rest,4,8,0.5943157163137959,0.1531374473936443,0.4543134946646228,0.8327743897240197,0.5086352620240207
11,rest,5,10,0.8017213684289254,0.5577237124979196,0.0977225678109854,0.216915831255753,0.4185208699983959
11,rest,6,12,0.06104746696322252,0.06553414674040181,0.22347751425039267,0.4366664746683638,0.1966814006555952
11,rest,7,14,0.08945309032778441,0.07129165833679896,0.6070918864911667,0.5858962001362643,0.33843320882300365
11,rest,8,16,0.47646768223482816,0.24433397328729214,0.5200078794255714,0.43329195319718283,0.4185253720362186
11,rest,9,18,0.6294640123274687,0.6622992568893072,0.4496627832197997,0.3288247779344672,0.5175627075927607
11,rest,10,20,0.7120128313443604,0.6937678099095089,0.9752642356186552,0.5210480170708379,0.7255232234858406
11,rest,11,22,0.5284779431539565,0.72238698823193,0.4120483014844158,0.8303096035954605,0.6233057091164407
11,rest,12,24,0.5112014866438679,0.34225812981684256,0.08008910106501406,0.6975037804434886,0.4077631244923033
11,rest,13,26,0.37587553857529,0.2309014723139459,0.5636503733584456,0.2901478973703405,0.36514382040450544
11,rest,14,28,0.2751358253349666,0.37355011306278546,0.22460999307348342,0.5137997800882229,0.3467739278898646
11,rest,15,30,0.3105207229451399,0.43885836389089133,0.37522009185699656,0.6264196709958911,0.43775471242222974
11,rest,16,32,0.7781056064228619,0.6394226506157357,0.5271776023916,0.833856967869735,0.6946407068249831
11,rest,17,34,0.7028154219616395,0.6195227793146361,0.6360374946731783,0.6838259895144758,0.6605504213659824
11,rest,18,36,0.3318962573776706,0.45805992364174475,0.9003106327361721,0.9035233225394605,0.648447534073762
11,rest,19,38,0.4118062812005001,0.5062212890141259,0.45610133836417616,0.485984324968714,0.46502830838687903
11,rest,20,40,0.6275595577596438,0.5940156593415524,0.6424265750139455,0.41830272532814183,0.5705761293608209
11,rest,21,42,0.722351077569544,0.40528917649928586,0.652917483861107,0.5944112758036192,0.593742253433389
11,rest,22,44,0.7418380038307436,0.5660956476492678,0.22406159604178064,0.24885421386609952,0.44521236534697295
11,rest,23,46,0.6711309143947596,0.5673428151559795,0.49495218151265363,0.6633912428765392,0.599204288484983
11,rest,24,48,0.5673521557506361,0.4937787109858742,0.26542256685294824,0.6060086288567565,0.4831405156115538
11,rest,25,50,0.7304130255622839,0.7281912733440529,0.5137004615811799,0.7282717618477467,0.6751441305838158
11,rest,26,52,0.5376265103393455,0.6649706435738387,0.408210929120292,0.8133876269622953,0.6060489274989429
11,rest,27,54,0.5824147891020807,0.8616669192901482,0.3213853871661666,0.2881834734348483,0.513412642248311
11,rest,28,56,0.6728689869542166,0.5349870082443643,0.5179621095778818,0.6155937790180731,0.5853529709486339
11,rest,29,58,0.6881554544616264,0.5565262152162151,0.7742893825769022,0.6569795960169785,0.6689876620679306
11,rest,30,60,0.6840515503888338,0.5804374246098518,0.41905145270961236,0.49750710954607974,0.5452618843135945
11,rest,31,62,0.7471665251585476,0.3559686924115247,0.6607103472188232,0.6602408868759182,0.6060216129162035
11,rest,32,64,0.466008602777097,0.4914208652168187,0.17895288595857287,0.7247606501366971,0.4652857510222964
11,rest,33,66,0.32836101541061685,0.7652739476288742,0.41007691820357023,0.9747876688908923,0.6196248875334884
11,rest,34,68,0.5896182797479573,0.6566373625864944,0.25261604294580525,0.5024928904539202,0.5003411439335443
11,rest,35,70,0.4021233198064854,0.7070044877083125,0.2694923267304663,0.18256440767819887,0.3902961354808658
11,rest,36,72,0.5395971862810605,0.7456196269713755,0.6328183065245572,0.4191333149365041,0.5842921086783743
11,rest,37,74,0.41416092174289304,0.8034291053263468,0.2682431977978584,0.2832608764190459,0.442273525321536
11,rest,38,76,0.3961104810335621,0.6617459718222918,0.2553245830487085,0.3200370538618507,0.40830452244160326
11,rest,39,78,0.4512475358091256,0.3821072079884273,0.16401644994698922,0.3506794762864574,0.33701266750774983
11,rest,40,80,0.6568663375446472,0.5604443999586864,0.11826105335322784,0.9667666961622747,0.575584621754709
11,rest,41,82,0.5033313838340663,0.6004737117226682,0.571866291989563,0.5958315391285269,0.5678757316687061
11,rest,42,84,0.5166306600241127,0.5415910303525788,0.4726189473211167,0.19491402401991748,0.4314386654294314
11,rest,43,86,0.07413003575918937,0.11654453182011869,0.5614167566578869,0.42252144546201503,0.2936531924248025
11,rest,44,88,0.028991736248942877,0.06027964842271224,0.7737459775610389,0.3115530174152328,0.2936425949119817
11,rest,45,90,0.3286812803887553,0.08806224566711668,0.5437333694002925,0.6616235914693523,0.4055251217313792
11,rest,46,92,0.16652702733368285,0.08316080141935392,0.6643009374930746,0.516511869163089,0.35762515885230006
11,rest,47,94,0.2762295656270107,0.08776888236615682,0.5708314107305202,0.668561579445494,0.4008478595422954
11,rest,48,96,0.03794799345734274,0.06847250293352279,0.5153424618988283,0.368465866307398,0.24755720614927296
11,rest,49,98,0.035806868974087,0.0670347782999304,0.636031701714506,0.20737095320354676,0.23656107554801753
11,rest,50,100,0.03052305103624326,0.07218443361855507,0.8114098740432558,0.3940476262105627,0.32704124622715425
11,rest,51,102,0.2669728950385537,0.36839447649737106,0.7568794685696313,0.15822415091883119,0.38761774775609675
11,rest,52,104,0.49431720043188887,0.5423898683310808,0.2768605664841841,0.5748792999190174,0.4721117337915428
11,rest,53,106,0.6102471216072345,0.6856916367283629,0.5942350426838885,0.27309294721530836,0.5408166870586986
11,rest,54,108,0.41829816310938417,0.5094070831958939,0.7255503573452055,0.11870968758045544,0.44299132280773473
11,rest,55,110,0.605554845165806,0.4358279530225104,0.5943050707341215,0.15079379921798872,0.44662041703510663
11,rest,56,112,0.4060626211962302,0.482450005524461,0.5723906499116818,0.2624353171377277,0.43083464844252517
11,rest,57,114,0.3872439232916049,0.6364650228432969,0.5448649570965395,0.48634705150731294,0.5137302386846886
11,rest,58,116,0.6435246304564713,0.737300507392318,0.3012033222003882,0.710767585403001,0.5981990113630447
11,rest,59,118,0.542428560044027,0.8542864714377004,0.26686908432653106,0.5805082127597312,0.5610230821419975
11,rest,60,120,0.7284115917046904,0.6070375926896538,0.5417260454187618,0.6121048455799446,0.6223200188482627
11,rest,61,122,0.7333377558944421,0.6066176425716744,0.8219182662253492,0.18556387622690992,0.5868593852295938
11,rest,62,124,0.6815348900077182,0.7189168808863222,0.3028671008224645,0.1606887797095085,0.4660019128565034
11,rest,63,126,0.5709712069805967,0.746138272545022,0.4047491189782993,0.36175630760989763,0.5209037265284538
11,rest,64,128,0.49666861616593383,0.520316792665504,0.7099024763620048,0.3954000579260815,0.5305719857798811
11,rest,65,130,0.20821422113551333,0.09145863561701274,0.19453666705279873,0.3566326896300525,0.2127105533588443
11,rest,66,132,0.1965254684611712,0.10521247570871885,0.10555055808517559,0.46724966094558884,0.21863454080016362
11,rest,67,134,0.5133547138929234,0.3372833503649258,0.4970546438525455,0.3805428919825787,0.4320589000232433
11,rest,68,136,0.3453535142440105,0.42302733086190863,0.7151190169669934,0.6123235432632896,0.5239558513340505
11,rest,69,138,0.2235986866613935,0.1325755766473766,0.2683045354075132,0.51867375338947,0.2857881380264383
11,rest,70,140,0.24721406816847527,0.13520098337414346,0.3346227005119588,0.30262663612827273,0.25491609704571255
11,rest,71,142,0.6292098911187035,0.6269011843720362,0.6748859209419257,0.13239057726303005,0.5158468934239238
11,rest,72,144,0.37800767753437003,0.1559378958094114,0.6366024588183681,0.878541897996016,0.5122724825395414
11,rest,73,146,0.010081863338942778,0.06295891326878698,0.4748065871216104,0.12836294868323853,0.16905257810314467
11,high,0,0,0.7806396422331894,0.6523325033177696,0.4102679499914457,0.9912425436502712,0.708620659798169
11,high,1,2,0.6020508374092439,0.7247078733092557,0.6952461676106461,0.9874513056367064,0.7523640459914629
11,high,2,4,0.634663841890757,0.8258123892711591,0.6260887097151526,0.9975273768433653,0.7710230794301085
11,high,3,6,0.4426230235934651,0.4273320010828539,0.16517296168454634,0.9975273768433653,0.5081638408010577
11,high,4,8,0.5174048049559049,0.41244350314621286,0.13086768528226714,0.9587327873813085,0.5048621951914234
11,high,5,10,0.3820740098571353,0.6719599148751229,0.7815291339431464,0.6220215811821382,0.6143961599643857
11,high,6,12,0.4437927910784483,0.8050733791418877,0.446599730330113,0.9958548553477578,0.6728301889745517
11,high,7,14,0.6564495716753141,0.6821708420482375,0.43281378478171906,0.9975273768433653,0.692240393837159
11,high,8,16,0.9808934998738903,0.9178357321725357,0.4315606936625887,0.9975273768433653,0.831954325638095
11,high,9,18,0.9795320850641459,0.9689918662106597,0.17302829808219308,0.9026157228955148,0.7560419930631284
11,high,10,20,0.8824552993281491,0.8062041434679319,0.8360126158416399,0.9781710902218731,0.8757107872148986
11,high,11,22,0.7679004977000055,0.8599081308249577,0.6468969915568078,0.9975273768433653,0.818058249231284
11,high,12,24,0.8436578197403005,0.8837227269272594,0.5302098066269659,0.9975273768433653,0.8137794325344727
11,high,13,26,0.6649905212070271,0.8832404286282545,0.20131159760349104,0.9975273768433653,0.6867674810705344
11,high,14,28,0.4751397120260435,0.6227442261391258,0.8583858768302423,0.9975273768433653,0.7384492979596942
11,high,15,30,0.5386810046896288,0.573131970674725,0.7097121662774513,0.9975273768433653,0.7047631296212926
11,high,16,32,0.27123725073754074,0.6540961837639407,0.36951334128622343,0.9975273768433653,0.5730935381577675
11,high,17,34,0.558640632436806,0.7100765889163998,0.1397495497733095,0.9975273768433653,0.6014985369924701
11,high,18,36,0.7253037109448645,0.7592282449382024,0.34325428784191697,0.9975273768433653,0.7063284051420873
11,high,19,38,0.5118832073141815,0.630591815435661,0.22129747806845765,0.9975273768433653,0.5903249694154163
11,high,20,40,0.5154355303153302,0.7234706232054923,0.5264031347584652,0.9975273768433653,0.6907091662806633
11,high,21,42,0.668451101398598,0.7895004636180316,0.9516965423521323,0.9975273768433653,0.8517938710530317
11,high,22,44,0.4436202346678081,0.56804787254365,0.8925026811609595,0.9434261120524068,0.7118992251062062
11,high,23,46,0.37254170264954406,0.45068232042636097,0.44940740809968566,0.9372855885857836,0.5524792549403436
11,high,24,48,0.5205849023951782,0.7814952365503175,0.11348756535082004,0.9866495337977556,0.6005543095235178
11,high,25,50,0.6112626511207998,0.8007954825818182,0.47752942209520677,0.9938037968561447,0.7208478381634924
11,high,26,52,0.19600742665923968,0.3721127644390528,0.7208101173816771,0.12134694338557485,0.35256931296638616
11,high,27,54,0.43646269173413976,0.4156592613225929,0.2738578165668821,0.06661292743615235,0.2981481742649418
11,high,28,56,0.973389348160244,0.8071306364626595,0.13658692600208241,0.9654706505357595,0.7206443902901865
11,high,29,58,0.918930026942072,0.8683197641287531,0.04154358086698253,0.9975273768433653,0.7065801871952933
11,high,30,60,0.4717188979192112,0.5646720837853717,0.3972590981880442,0.9975273768433653,0.6077943641839981
11,high,31,62,0.739368903815294,0.8128714348399281,0.26777694610940833,0.9975273768433653,0.7043861654019989
11,high,32,64,0.7361592407433006,0.8406782552562698,0.6615079725625759,0.49679048130535186,0.6837839874668745
11,high,33,66,0.7830138425162514,0.7616753773880617,0.7148543836097168,0.8279852714415623,0.7718822187388981
11,high,34,68,0.6049453009022556,0.6304771807497018,0.520272554235029,0.5696916467791712,0.5813466706665394
11,high,35,70,0.9756080841911082,0.9277344799606866,0.41013666139725496,0.317405406831646,0.657721158095174
11,high,36,72,0.9123259337528459,0.789687874354041,0.35405343433312214,0.21686761789817177,0.5682337150845452
11,high,37,74,0.5320585584009835,0.7424681645025807,0.290889446370101,0.9972636407114829,0.640669952496287
11,high,38,76,0.6888529999464257,0.9238232627703771,0.3144296580678393,0.9779152743920366,0.7262552987941696
11,high,39,78,0.5028624418628891,0.9656475730531693,0.5469287218537243,0.3349500544743755,0.5875971978110395
11,high,40,80,0.32781906056888355,0.18155881551204037,0.23420236014141482,0.5020672509293972,0.31141187178793395
11,high,41,82,0.5875825456095504,0.2547017196164431,0.12260561693138408,0.9946511062887201,0.48988524711152437
11,high,42,84,0.7520698283210472,0.6934033473044413,0.29914999795101593,0.9975273768433653,0.6855376376049674
11,high,43,86,0.7115227806033503,0.5879281465220478,0.8158380057433101,0.9975273768433653,0.7782040774280183
11,high,44,88,0.784586144305725,0.6908792762064928,0.7948851036378974,0.9975273768433653,0.81696947524837
11,high,45,90,0.720193838855818,0.7615678243912868,0.9512348530894124,0.9975273768433653,0.8576309732949706
11,high,46,92,0.8019646017876277,0.8038806438439138,0.842877658032221,0.9964598015673811,0.8612956763077859
11,high,47,94,0.6954503752963549,0.6707663411044809,0.946585189118618,0.9975273768433653,0.8275823205907047
11,high,48,96,0.5921254260035125,0.6255610044713811,0.5173775776798456,0.9975273768433653,0.6831478462495261
11,high,49,98,0.36799793989197044,0.5496500522567919,0.7474046374967507,0.9514283259634407,0.6541202389022385
11,high,50,100,0.5030334908507802,0.4701983912782045,0.6407159619207277,0.9898459010483829,0.6509484362745238
11,high,51,102,0.6172954633916744,0.6927296243479747,0.07137241886414546,0.9930648392911906,0.5936155864737462
11,high,52,104,0.47307802287050693,0.6777788175010765,0.4559340763554131,0.9975273768433653,0.6510795733925905
11,high,53,106,0.8787881490404478,0.8510021667289744,0.21563420731472974,0.9975273768433653,0.7357379749818793
11,high,54,108,0.8069133337853099,0.863487773905391,0.21942792065957464,0.9975273768433653,0.7218391012984102
11,high,55,110,0.4993022746414168,0.8700173076224471,0.31787221032179863,0.9849712959743137,0.668040772139994
11,high,56,112,0.6164338058890779,0.7470246565591124,0.6472503154150617,0.9919553309000965,0.7506660271908372
11,high,57,114,0.6111903667496874,0.8199497601498668,0.5005872075230869,0.9975273768433653,0.7323136778165016
11,high,58,116,0.5108909324995837,0.5958199916104028,0.4711696909574685,0.9975273768433653,0.6438519979777051
11,high,59,118,0.5585851392783163,0.7486066557928921,0.3039232240295586,0.9463093909365221,0.6393561025093223
11,high,60,120,0.7613173778633541,0.7820144190175365,0.3877243572332629,0.9697809237716326,0.7252092694714465
11,high,61,122,0.782334042154023,0.7979373682223905,0.5811054320345392,0.9975199628864915,0.789724201324361
11,high,62,124,0.8379512456752515,0.9180752548332353,0.7508603715198527,0.9975273768433653,0.8761035622179262
11,high,63,126,0.7000083186608527,0.9746198747822578,0.18106836127683365,0.9929087394217954,0.7121513235354349
11,high,64,128,0.7482431824582487,0.9301403250085657,0.6937388151763446,0.9628730372844141,0.8337488399818933
11,high,65,130,0.9330005374042464,0.9303769505091377,0.5560021294219974,0.9859072809078051,0.8513217245607967
11,high,66,132,0.8097146631854015,0.7129001292834027,0.2489078369090639,0.9975273768433653,0.6922625015553083
11,high,67,134,0.5752935042273376,0.7294924157447474,0.188880768237131,0.9975273768433653,0.6227985162631453
11,high,68,136,0.5542063803297502,0.8162598954618756,0.36702983904799413,0.9879327797482643,0.6813572236469712
11,high,69,138,0.3444353735232644,0.3990171439499343,0.8070246218338635,0.8690792530732939,0.6048890980950891
11,high,70,140,0.9677642418095804,0.8681766982872278,0.7125479777110907,0.9975273768433653,0.886504073662816
11,high,71,142,0.9056101235099328,0.9472410479397335,0.4149716166579435,0.9975273768433653,0.8163375412377437
11,high,72,144,0.5103734839668249,0.9581960585237095,0.1421400816836398,0.9937706053695137,0.6511200573859219
11,high,73,146,0.6388046085816017,0.8137109793395173,0.5225966112582465,0.9335340187392357,0.7271615544796503
12,rest,0,0,0.422735393554062,0.9860366866689112,0.43250781187411236,0.5557363645249672,0.5992540641555132
12,rest,1,2,0.5017061433194072,0.9965696562271155,0.8472348642899222,0.9438780535485152,0.82234717934624
12,rest,2,4,0.3744288606821838,0.8807418506557295,0.7576428697308824,0.2726081647633004,0.571355436458024
12,rest,3,6,0.20060253904433173,0.470062275206788,0.48170231232424093,0.2303520921847716,0.3456798046900331
12,rest,4,8,0.10507557603659365,0.3684743155984359,0.5385959710877456,0.20895967803765458,0.30527638519010747
12,rest,5,10,0.12632390357461568,0.24478571834599022,0.3779386734274545,0.20783056552577467,0.23921971521845875
12,rest,6,12,0.19347555882333217,0.3329631855818442,0.5047514654982305,0.25257956043962226,0.3209424425857572
12,rest,7,14,0.14476716890223687,0.27531265615506073,0.7738877910687231,0.27077388617690634,0.3661853755757317
12,rest,8,16,0.18464335366486267,0.38453865653113983,0.898966140569556,0.6615317478812275,0.5324199746616964
12,rest,9,18,0.3060634047950996,0.3286854926164505,0.6959849424163984,0.697075222086753,0.5069522654786753
12,rest,10,20,0.3320781338002613,0.23094418821341708,0.29048911203447747,0.5926205296180332,0.3615329909165473
12,rest,11,22,0.48304687065967683,0.4435303394501471,0.4953208782987677,0.5319155440552017,0.48845340811594834
12,rest,12,24,0.546642476809068,0.589837696186031,0.6437031869611122,0.7959143815855502,0.6440244353854403
12,rest,13,26,0.28595896467486215,0.31578312851468193,0.6115697198854421,0.4732158785010528,0.4216319228940097
12,rest,14,28,0.2007745699004059,0.2982231768569555,0.5046791217012323,0.6680144281644971,0.4179228241557727
12,rest,15,30,0.2148064208675367,0.3185740191769424,0.7442964011521063,0.80251697598627,0.5200484542957138
12,rest,16,32,0.4140774707324628,0.367375005777147,0.4725356839945562,0.6838535564581002,0.48446042924056654
12,rest,17,34,0.5500110554317569,0.3822820458121908,0.4650246344141923,0.6955066064777499,0.5232060855339724
12,rest,18,36,0.5688586708863569,0.4741050146157799,0.6566141771875441,0.5463524597473988,0.5614825806092698
12,rest,19,38,0.31476644649698354,0.32478881483114275,0.633037581501078,0.3474241486659954,0.40500424787379996
12,rest,20,40,0.18355558350995368,0.20434543702495647,0.14821455721656726,0.4945178499800725,0.25765835693288747
12,rest,21,42,0.45681597000428387,0.4942891319417969,0.24340707884132062,0.6283202342828723,0.45570810376756843
12,rest,22,44,0.513900179803325,0.6385705819524747,0.3400553276024672,0.792755466766658,0.5713203890312313
12,rest,23,46,0.3232069518436357,0.29373174406571667,0.29006833419621914,0.527313541055711,0.35858014279032063
12,rest,24,48,0.27702016807356056,0.35805930304051875,0.5425493826302025,0.7643012002367436,0.4854825134952564
12,rest,25,50,0.4982938566805927,0.5057108680582031,0.32853895188577037,0.8026084713531113,0.5337880369944193
12,rest,26,52,0.5900433751851604,0.4833593090201814,0.407476578319518,0.8292704722462325,0.5775374336927731
12,rest,27,54,0.6595192930144589,0.9023957394735826,0.38545477843218295,0.8368419233482863,0.6960529335671277
12,rest,28,56,0.576287902661245,0.4120054076021821,0.5061429190207721,0.852498577865661,0.586733701787465
12,rest,29,58,0.5146310762735146,0.27640088433788995,0.677318278258599,0.8792816654269671,0.5869079760742426
12,rest,30,60,0.6324911475350646,0.5149286904915404,0.738301304482961,0.94644104074656,0.7080405458140315
12,rest,31,62,0.7314945037765086,0.4637975244956725,0.40077018152124744,0.981680348421844,0.6444356395538181
12,rest,32,64,0.6627540433127372,0.5170637432685795,0.37038993237230633,0.7936409159282463,0.5859621587204673
12,rest,33,66,0.7109353319618701,0.6068883114462889,0.6978695728071217,0.5290189742694376,0.6361780476211796
12,rest,34,68,0.7212789334780363,0.44881072996146515,0.6675077848977967,0.5897146743913022,0.6068280306821501
12,rest,35,70,0.6753513346674352,0.4437677250780598,0.8037617256417955,0.883657969051247,0.7016346886096344
12,rest,36,72,0.6669964084016753,0.5812636235022258,0.34356235887535536,0.45422451283994786,0.5115117259048011
12,rest,37,74,0.7054554377837943,0.8787679458298351,0.25405745052150813,0.49030450906867856,0.582146335800954
12,rest,38,76,0.7102963454102292,0.5603386482107426,0.3555777893395851,0.8684798052199553,0.6236731470451281
12,rest,39,78,0.7759158814890196,0.4337504053032968,0.313793188664428,0.8415225810264104,0.5912455141207887
12,rest,40,80,0.6598482278515159,0.5725372448415376,0.671273174442822,0.3570681965148027,0.5651817109126696
12,rest,41,82,0.4489153778709289,0.5568660360798865,0.26576954306520134,0.47888476697041205,0.43760893099660725
12,rest,42,84,0.2378518697195407,0.32937860527716717,0.26902079782246824,0.4644681341604323,0.3251798517449021
12,rest,43,86,0.2869706239535779,0.6999403716129157,0.16045207316537954,0.2599989331533525,0.35184050047130644
12,rest,44,88,0.3078947801750288,0.5410504097817157,0.8898333429030973,0.38455625423291023,0.530833696773188
12,rest,45,90,0.4791925418361777,0.35307882488885023,0.5958808494327349,0.6264828406060918,0.5136587641909636
12,rest,46,92,0.7192638290905089,0.7230513856356163,0.5511200343063817,0.4791581269249472,0.6181483439893636
12,rest,47,94,0.5355867527482588,0.7853179607812448,0.8737549669567727,0.681321715589471,0.7189953490189368
12,rest,48,96,0.6888866121852255,0.7328948295461719,0.621561694899232,0.6742237532357647,0.6793917224665986
12,rest,49,98,0.5814580484385071,0.9091622249488455,0.4248775551118055,0.2911114454284114,0.5516523184818924
12,rest,50,100,0.3513221863220162,0.8625003568086247,0.1480451201283161,0.45288054697830066,0.4536870525593144
12,rest,51,102,0.5261882411188537,0.7849526456390189,0.28752709537599086,0.49042992654649664,0.52227447717009
12,rest,52,104,0.7070996492462192,0.8389156226359691,0.25829914255847636,0.37270184945256735,0.5442540659733079
12,rest,53,106,0.5344690588779917,0.3901334577847947,0.18731176590838977,0.5254522652140657,0.4093416369463104
12,rest,54,108,0.55883173112565,0.3756379039643178,0.4303149222533565,0.5009999724429869,0.46644613244657773
12,rest,55,110,0.5258899347794468,0.6252406191906684,0.3349382182018167,0.31021487604421155,0.44907091205403593
12,rest,56,112,0.46929150628609384,0.5926308810293748,0.4759963874135526,0.25034269970000644,0.44706536860725693
12,rest,57,114,0.35929120881896076,0.47431018900565175,0.571144293313509,0.26663085035480577,0.41784413537323184
12,rest,58,116,0.37667579215561797,0.7090992224622467,0.774411866171447,0.22106041672360727,0.5203118243782298
12,rest,59,118,0.34218713112252397,0.955301992331234,0.4062579168948903,0.49900002755701295,0.5506867669764153
12,rest,60,120,0.35354364082647377,0.9332836320505434,0.7677665330268462,0.45364099916319,0.6270587012667633
12,rest,61,122,0.2544435849505461,0.812194607420997,0.34641162176107576,0.295951347016004,0.4272502902871557
12,rest,62,124,0.23164444460375888,0.3400850537920955,0.34068673257185716,0.4029187059724123,0.32883373423503093
12,rest,63,126,0.21426943014953614,0.2308833734922874,0.42972111732770046,0.4067449735558149,0.3204047236313347
12,rest,64,128,0.2443294908362173,0.33490871357441365,0.7185178511004003,0.3365171614362215,0.40856830423681323
12,rest,65,130,0.7613831833799677,0.8340481709396538,0.7082774405316329,0.6036211956829177,0.7268324976335431
12,rest,66,132,0.6844688320224465,0.6568943043527684,0.6536474671527074,0.3905698784066026,0.5963951204836313
12,rest,67,134,0.4818870640784158,0.3186360071660166,0.7165912960953928,0.37142592194618257,0.472135072321502
12,rest,68,136,0.5108598942720555,0.28197454354858464,0.6405065691049885,0.6110064129486568,0.5110868549685713
12,rest,69,138,0.6121662573762456,0.5081515075837484,0.2910220728041518,0.48060424332315954,0.47298602027182635
12,rest,70,140,0.6824048664582265,0.666124644558857,0.1703457862392942,0.4933725012184735,0.5030619496187128
12,rest,71,142,0.5985437611791343,0.5222843071914577,0.5425369094569928,0.5029006401121383,0.5415664044849308
12,rest,72,144,0.631104284663843,0.6581052602026082,0.7322112918253174,0.29247525273641145,0.5784740223570449
12,rest,73,146,0.6622618384823845,0.9224315652352788,0.5386088761487908,0.3652310799793147,0.6221333399614423
12,high,0,0,0.37479326853246836,0.9130631599709274,0.5797828597409176,0.5192253705025796,0.5967161646867232
12,high,1,2,0.26568809861867915,0.937360253004386,0.3686881097232599,0.493867214522711,0.516400918967259
12,high,2,4,0.2540805179255774,0.9021412908362825,0.6740259275028746,0.43621732310231465,0.5666162648417623
12,high,3,6,0.35234422899648143,0.9358195403252545,0.6839465686958701,0.4971771719467627,0.6173218774910922
12,high,4,8,0.29419904904701766,0.9347384498602688,0.8065325622286826,0.42352197764719635,0.6147480096957914
12,high,5,10,0.27845838622460084,0.9317361935054068,0.25738354038479916,0.31295623796089433,0.44513358951892523
12,high,6,12,0.24399903990022945,0.8309993101797514,0.5586233027144618,0.36259135766630024,0.49905325261518574
12,high,7,14,0.28102002934601406,0.9064978908078061,0.1872827728429124,0.31509853875360244,0.42247480793758374
12,high,8,16,0.24782434026158626,0.9421361079431361,0.32380774998215767,0.4065137861756961,0.480070496090644
12,high,9,18,0.18832340029818415,0.9264137181215389,0.2883972792523866,0.612097296805259,0.5038079236193421
12,high,10,20,0.214343080172239,0.9057620981877039,0.6282763914999256,0.3933408269894163,0.5354305992123212
12,high,11,22,0.2647623665123206,0.8377974617891478,0.6714257885778708,0.3846114185421031,0.5396492588553606
12,high,12,24,0.37811869412375454,0.6817884153193546,0.4146097437863,0.179448691092762,0.4134913860805428
12,high,13,26,0.24109871799242175,0.5138040783747301,0.3560260736218045,0.18531840069997582,0.324061817672233
12,high,14,28,0.1712816398805004,0.911540414783083,0.6876917394857992,0.2864501126755535,0.514240976706234
12,high,15,30,0.1232539808824881,0.9564360179755863,0.8060560383350884,0.5173439509822434,0.6007724970438516
12,high,16,32,0.2515760597646288,0.8891531004967393,0.28169117317612574,0.29955160602631176,0.4304929848659514
12,high,17,34,0.26135802351948184,0.937190634565943,0.5309086957768067,0.2594655204008212,0.4972307185657632
12,high,18,36,0.3669777516364981,0.9727075164387676,0.3491244634637716,0.41219274201249617,0.5252506183878833
12,high,19,38,0.044166007096863635,0.9975273768433653,0.8281850831872707,0.6049820857525519,0.6187151382200129
12,high,20,40,0.08074557189670634,0.9975273768433653,0.6458263574396227,0.6555202064460609,0.5949048781564388
12,high,21,42,0.14802395261919973,0.9874606499964471,0.9685980574521081,0.2517402421511983,0.5889557255547384
12,high,22,44,0.44061400675906404,0.8638534478701211,0.4583656353480338,0.3481049404546282,0.5277345076079618
12,high,23,46,0.2746568144899597,0.9309278294223224,0.1951352109052287,0.3982873200878134,0.44975179372633106
12,high,24,48,0.09681184094250492,0.9975273768433653,0.8270077040306153,0.37228295783966686,0.5734074699140381
12,high,25,50,0.1351624671401395,0.9944758020116726,0.8425835239085742,0.2924402376426484,0.5661655076757587
12,high,26,52,0.3372569859087549,0.8857739789172655,0.30915116894758093,0.3249612557613687,0.46428584738374257
12,high,27,54,0.3653929334118487,0.8904004640657187,0.5918437226266569,0.34361389830779465,0.5478127546030047
12,high,28,56,0.3948169126151198,0.8845097778067887,0.3928305601238669,0.22733665049076318,0.47487347525913465
12,high,29,58,0.34490740825468,0.8973251610523241,0.5066017406697559,0.270395301389348,0.504807402841527
12,high,30,60,0.43726164393176115,0.9518885111264495,0.5354363758910389,0.4148112239357593,0.5848494387212522
12,high,31,62,0.4929488216272311,0.9404109749736431,0.5246856305739737,0.2509694329459686,0.552253715030204
12,high,32,64,0.5053984747806342,0.9669449987783343,0.2260667523912673,0.23329998938283153,0.48292755383326685
12,high,33,66,0.4054280460925896,0.8907369703776155,0.48252266712673736,0.19494870342711768,0.49340909675601496
12,high,34,68,0.3384185172417279,0.9135987891592866,0.15797861701522206,0.21138517240663143,0.40534527395571696
12,high,35,70,0.30199009018414325,0.883791703750571,0.2083988772880003,0.27364392114598707,0.41695614809217546
12,high,36,72,0.342476555333221,0.8319165308788237,0.21490688001857583,0.3088574136355721,0.42453934496654816
12,high,37,74,0.40434786792789185,0.7599417382166517,0.3276717793930864,0.27735574657747797,0.44232928302877694
12,high,38,76,0.39583735656609426,0.8254287334102396,0.2552746691090847,0.3798640821878271,0.4641012103183114
12,high,39,78,0.3280823146192234,0.9581760930470747,0.29655052340344557,0.2164794327630476,0.4498220909581978
12,high,40,80,0.5211159605703202,0.9860956045721592,0.5095661733867931,0.26545365514549973,0.5705578484186931
12,high,41,82,0.5340908688684544,0.9328690665120634,0.334188542094709,0.30283052077839423,0.5259947495634052
12,high,42,84,0.1884484465969263,0.9851595346225346,0.5920267941960504,0.28425924592495755,0.5124735053351173
12,high,43,86,0.1961738262000647,0.9975273768433653,0.9309573491618763,0.8790809443747405,0.7509348741450117
12,high,44,88,0.1453488043467153,0.9975273768433653,0.32102913518976117,0.9587465148249394,0.6056629578011954
12,high,45,90,0.14659088773675355,0.9974492674974321,0.14869869566704003,0.4825394420206405,0.4438195732304665
12,high,46,92,0.19657877627865805,0.9874872565189245,0.6329921561354893,0.3023036174391862,0.5298404515930645
12,high,47,94,0.10981867188303879,0.9975273768433653,0.8508240036633655,0.4741712308774606,0.6080853208168076
12,high,48,96,0.2196726460333786,0.9975273768433653,0.9562685868764459,0.37898241770193886,0.6381127568637822
12,high,49,98,0.2760235279309996,0.9218053876108702,0.6371601127837851,0.2723697466023991,0.5268396937320134
12,high,50,100,0.3489246681725186,0.8494740466993176,0.3112886574779725,0.28446458277204945,0.4485379887804646
12,high,51,102,0.24863847928337648,0.9469858532563321,0.30557787837214734,0.2862802063149451,0.44687060430670034
12,high,52,104,0.3614720011554272,0.8104798153416068,0.3506219494741608,0.2035461370274388,0.4315299757496584
12,high,53,106,0.24316311614483696,0.669321460279858,0.5499394674517238,0.1917829131988837,0.41355173926882566
12,high,54,108,0.2617979753956135,0.928025270271836,0.7164484704586187,0.23126914512190835,0.5343852153119941
12,high,55,110,0.418877196250178,0.9948586888332067,0.5659353608533678,0.3209124787821422,0.5751459311797237
12,high,56,112,0.2715222064505822,0.9911851081847598,0.5592659370589169,0.3744375599136749,0.5491027029019835
12,high,57,114,0.22064920802266536,0.9631071095414155,0.24225661736193338,0.4175644745210439,0.4608943523617645
12,high,58,116,0.22994658373222315,0.7021701848658094,0.3203327199700825,0.4018973180491674,0.4135867016543206
12,high,59,118,0.18828575992564883,0.6387468542447199,0.4004251489620077,0.36398970030325456,0.39786186585890776
12,high,60,120,0.24596583102947714,0.7039378659118937,0.3533405897932098,0.32792333565408255,0.40779190559716577
12,high,61,122,0.2285788026558502,0.9267004188965661,0.43376155928178006,0.5103915922791914,0.524858093278347
12,high,62,124,0.14085365359951071,0.8964691919784548,0.5111333493437376,0.43527041157208307,0.49593165162344655
12,high,63,126,0.28979659519066475,0.9573527538396635,0.3873278710391404,0.3070741241155534,0.4853878360462555
12,high,64,128,0.40649727099694494,0.9725725734365395,0.3777259276289288,0.23651793919737246,0.4983284278149464
12,high,65,130,0.34806239285990276,0.969021820984517,0.7119050517540004,0.35970713832182377,0.5971741009800609
12,high,66,132,0.29032578324698244,0.9217564349164044,0.3601822131005966,0.2523107789525591,0.4561438025541356
12,high,67,134,0.21496201819194502,0.9212484268687097,0.320543941487791,0.41297868982860986,0.4674332690942639
12,high,68,136,0.3461872132171724,0.9210794961045843,0.19285206027866622,0.4260184313300877,0.47153430023262766
12,high,69,138,0.35225390645688803,0.9409912909482326,0.44896803905401567,0.5399112365191305,0.5705311182445667
12,high,70,140,0.28689475295881284,0.9703163533110506,0.8397825533478894,0.4166038889579867,0.6283993871439348
12,high,71,142,0.25076900214747155,0.9438367391676585,0.7346520915750312,0.36446254347829743,0.5734300940921147
12,high,72,144,0.2704813423575886,0.8714007380985427,0.47472337196282793,0.17532500929252764,0.4479826154278717
12,high,73,146,0.1584373498129256,0.8230346951356146,0.2548729272737562,0.24075157582073034,0.3692741370107567
13,rest,0,0,0.6538312959957225,0.32752809284175993,0.7881855230707474,0.2092029534039456,0.49468696632804393
13,rest,1,2,0.37467804578696473,0.39212297181794836,0.3251548883185501,0.2378693666379612,0.33245631814035614
13,rest,2,4,0.3668499748901346,0.21642169891489862,0.26973169610921643,0.2895578024550011,0.2856402930923127
13,rest,3,6,0.2689641642873598,0.2625671199201859,0.3598725033178388,0.41565303695966865,0.3267642061212633
13,rest,4,8,0.4032345907467964,0.34752759595995036,0.25681464872844567,0.3310449412755583,0.33465544417768767
13,rest,5,10,0.49200810592431204,0.46338460706368234,0.7522522786588877,0.2576839477027856,0.49133223483741695
13,rest,6,12,0.4562210749727258,0.533186922209881,0.6212264747976515,0.6921817153845866,0.5757040468412111
13,rest,7,14,0.15461102994187495,0.489683447976061,0.451874697607673,0.9826603134146696,0.5197073722350696
13,rest,8,16,0.19567724270445855,0.8453501395479593,0.3682079097560775,0.7835867971753614,0.5482055222959642
13,rest,9,18,0.5721740222115952,0.6711315673191782,0.35839788349572305,0.24232646249738762,0.461007483880971
13,rest,10,20,0.5111601921091071,0.4486824114271187,0.324926026137887,0.2796388889906567,0.39110187966619236
13,rest,11,22,0.7868328696887326,0.684582367293947,0.5313842455423072,0.393000065671342,0.5989498870490821
13,rest,12,24,0.46910288946165263,0.4243188158402055,0.6869995314343701,0.7731926378659071,0.5884034686505338
13,rest,13,26,0.6500439856619192,0.49402163323173304,0.7515131583727858,0.5482193775828142,0.6109495387123131
13,rest,14,28,0.6098323439039882,0.3206315309136346,0.62020115046908,0.3931229677274781,0.48594699825354526
13,rest,15,30,0.36837864336676324,0.43788820728708333,0.3146305673375336,0.5718233715717319,0.42318019739077806
13,rest,16,32,0.7401782069207337,0.5950531695968313,0.1940145249237309,0.5477811692930317,0.5192567676835819
13,rest,17,34,0.8683701896939376,0.6689337713941361,0.6293296351941218,0.49466151291739663,0.665323777299898
13,rest,18,36,0.37478486153912566,0.5160427361192232,0.8131827342908213,0.6610817171021759,0.5912730122628365
13,rest,19,38,0.6430892612936565,0.4856521651869861,0.7137814675590926,0.3814935471053177,0.5560041102862632
13,rest,20,40,0.8869441588088668,0.33891378467716954,0.6105411581028911,0.2679993215639868,0.5260996057882286
13,rest,21,42,0.6246931274594874,0.5309444108008949,0.2825321651061516,0.42331321042584535,0.4653707284480948
13,rest,22,44,0.7126437839984054,0.6970327180746192,0.3875257546213295,0.38402510953456215,0.5453068415572291
13,rest,23,46,0.5363015312421663,0.5050134889971923,0.5829793664267428,0.3313821579792238,0.48891913616133126
13,rest,24,48,0.6667214655194371,0.63445376983256,0.657153637671993,0.5053384870826034,0.6159168400266484
13,rest,25,50,0.8210812095083554,0.7039294429779849,0.5235921813158294,0.6494351903601698,0.6745095060405849
13,rest,26,52,0.7566190877495089,0.49609389625215367,0.770176831933512,0.2728501306250268,0.5739349866400504
13,rest,27,54,0.374186495890761,0.5039061037478463,0.9090010953134409,0.5811394813647676,0.592058294079204
13,rest,28,56,0.5691027920621543,0.6779325503953015,0.8442389925567573,0.5716939128626397,0.6657420619692132
13,rest,29,58,0.6852614306030582,0.2652289475264042,0.32590433485000847,0.3537961932001267,0.40754772654489935
13,rest,30,60,0.40748426119931197,0.1872895786555243,0.6049040072884805,0.328155395211025,0.3819583105885854
13,rest,31,62,0.29113159934485006,0.5838673933995268,0.5845498022403727,0.2925231363316462,0.43801798282909893
13,rest,32,64,0.9040934953363245,0.27452223011261606,0.6281156751568305,0.4891991746716726,0.5739826438193609
13,rest,33,66,0.4423833197300424,0.7156071718481518,0.3357411975553083,0.7373853040857381,0.5577792483048102
13,rest,34,68,0.5079918940756879,0.7929129893586369,0.30573905540937446,0.6245517989228264,0.5577989344416314
13,rest,35,70,0.5779584365599978,0.8139144333667279,0.6846177118789709,0.6147868015177206,0.6728193458308543
13,rest,36,72,0.9174466587191221,0.5165411893588796,0.7059080038705295,0.5659139339185947,0.6764524464667815
13,rest,37,74,0.6283154450497811,0.6765355909212711,0.21101206047615723,0.3686739010991359,0.4711342493865863
13,rest,38,76,0.32627579366676734,0.622675376845606,0.41668553799066393,0.8096405957746808,0.5438193260694295
13,rest,39,78,0.21463045657250057,0.2740397632208736,0.5177889756594499,0.9719979356409407,0.4946142827734412
13,rest,40,80,0.1551815573841104,0.12064625820015071,0.2785044966697866,0.9873843620758685,0.3854291685824791
13,rest,41,82,0.7694767290593882,0.3479297539970559,0.6971897650361232,0.5530858159858669,0.5919205160196086
13,rest,42,84,0.862332077755144,0.4772307006445293,0.3852508018553094,0.7317965240916527,0.6141525260866588
13,rest,43,86,0.6616336267179707,0.36523838504495554,0.37088777203211815,0.8279042459943117,0.556416007447339
13,rest,44,88,0.2385171997281642,0.33607317781092566,0.8246311259562072,0.9314156288018601,0.5826592830742894
13,rest,45,90,0.1848535563855265,0.516973152853011,0.38562539917746025,0.9321178000268922,0.5048924771107225
13,rest,46,92,0.7739062685876476,0.6916578332114708,0.30593583641609295,0.5511006801579075,0.5806501545932796
13,rest,47,94,0.3244644916381772,0.6343176302182745,0.6646556539700541,0.9018187495646551,0.6313141313477902
13,rest,48,96,0.4337143287071727,0.5547337126158657,0.3742555148954218,0.7376668463952812,0.5250926006534353
13,rest,49,98,0.9213856343676987,0.6329074351757153,0.23228747593515273,0.32806688540125667,0.5286618577199559
13,rest,50,100,0.466860071822205,0.5593017105887095,0.7545921151878486,0.5398737653954476,0.5801569157485527
13,rest,51,102,0.388730491919815,0.4793080824983581,0.38956579782842365,0.8279462663332466,0.5213876596449609
13,rest,52,104,0.6470997630521051,0.38857043993976437,0.30992133836151636,0.7714613685795179,0.529263227483226
13,rest,53,106,0.37907345319156677,0.5709151804914951,0.6303041796896621,0.6639313018449542,0.5610560288044195
13,rest,54,108,0.7064379975340936,0.672055593847011,0.27359270189994817,0.3283749882857059,0.4951153203916897
13,rest,55,110,0.5983476292674721,0.7846439087963218,0.36415936693756257,0.4333149357554601,0.5451164601892041
13,rest,56,112,0.5832226696765052,0.7303163927884198,0.5466477333225669,0.4285880290938521,0.5721937062203359
13,rest,57,114,0.8100758528387628,0.6977615387398788,0.17986205145250608,0.26831853829455443,0.48900449533142554
13,rest,58,116,0.3366187667655553,0.6870536253650349,0.9190978531212163,0.5445184252158516,0.6218221676169144
13,rest,59,118,0.7459668119043412,0.6699334980568186,0.3612601282283047,0.2972231682717579,0.5185959016153057
13,rest,60,120,0.27618735880405787,0.6804867600318508,0.339247299841637,0.5351157554277576,0.45775929352632583
13,rest,61,122,0.3355495683299889,0.6479325023070759,0.36212797554491233,0.5116352872802618,0.46431133336555974
13,rest,62,124,0.8619012847893344,0.5804640655953437,0.9409093585654592,0.25350106849076853,0.6591939443602265
13,rest,63,126,0.4416014286287267,0.41909704024255556,0.8999872451203892,0.5232669982172621,0.5709881780522333
13,rest,64,128,0.6094088103265533,0.4908274876196682,0.5910573112413007,0.4237564543114666,0.5287625158747472
13,rest,65,130,0.8465716796619684,0.29322808880037143,0.4021329928667028,0.4310612869216723,0.4932485120626788
13,rest,66,132,0.3810002196773881,0.10119308625110916,0.5541935733808311,0.7338235285461336,0.4425526019638655
13,rest,67,134,0.29812077690054334,0.08401201918551963,0.4126218262668721,0.6238168154523279,0.3546428594513158
13,rest,68,136,0.4551603890939005,0.44684452395168395,0.9292665262886899,0.3138147717459835,0.5362715527700644
13,rest,69,138,0.3917122373220221,0.253502476639349,0.34717867004286507,0.346182523271407,0.3346439768189108
13,rest,70,140,0.36157576533914804,0.22301210989721576,0.4421784888901966,0.3269787508845908,0.33843627875278776
13,rest,71,142,0.20774717144060487,0.11291130408117679,0.7456772428746994,0.4199953424235336,0.37158276520500366
13,rest,72,144,0.1011649237389513,0.11323452652724364,0.49847163457774624,0.40430412072988126,0.2792938013934556
13,rest,73,146,0.23542343155047665,0.20153908188547226,0.5015283654222535,0.3479699949430112,0.3216152184503034
13,high,0,0,0.7531231853381682,0.6515015197985776,0.4450349903560571,0.1906714553458546,0.5100827877096644
13,high,1,2,0.7063120141339927,0.7399218300723106,0.30997310266547257,0.2192935506547304,0.4938751243816266
13,high,2,4,0.7615059745383468,0.7411654525055928,0.7842160850370593,0.25915969843767217,0.6365118026296678
13,high,3,6,0.7211113837875722,0.7377990600834945,0.36148957167972884,0.3173557279084693,0.5344389358648162
13,high,4,8,0.8462432062632123,0.8198440439109781,0.7027883821609714,0.26124515743935356,0.6575301974436288
13,high,5,10,0.912924820003441,0.8733722687506513,0.6333968711676018,0.6684535555132538,0.7720368788587371
13,high,6,12,0.6347033900554929,0.7799146169222205,0.23334029254117603,0.2618770371344419,0.47745883416333285
13,high,7,14,0.7886737956911403,0.8048853002559363,0.3533083555533969,0.22573557924752521,0.5431507576869996
13,high,8,16,0.6600308549195186,0.7095670460403264,0.4219774354462958,0.2224684731255261,0.5035109523829168
13,high,9,18,0.814863073804326,0.6897764179548205,0.3669805917399599,0.21245560749667683,0.5210189227489458
13,high,10,20,0.9120529728478972,0.6415586994493907,0.6137646289302776,0.15585438339465466,0.5808076711555551
13,high,11,22,0.8524944558088736,0.7575168001237975,0.14427627542856186,0.18250096455662482,0.48419712397946446
13,high,12,24,0.8101895871468078,0.5182577803158398,0.2573285214583238,0.20491260826103133,0.4476721242955007
13,high,13,26,0.5532176125168988,0.6217793683118965,0.542161961768364,0.17108215695062345,0.4720602748869457
13,high,14,28,0.5105409342976988,0.7406889635077879,0.2186982718319106,0.23234014152952642,0.425567077791731
13,high,15,30,0.7676329207178175,0.8272058958950966,0.44453766159738567,0.26012473076942666,0.5748753022449316
13,high,16,32,0.7650920504404654,0.6693205405699031,0.4758447019176722,0.21347277414493318,0.5309325167682435
13,high,17,34,0.7301709041446209,0.7632283806808303,0.15513779754505266,0.1701524313361382,0.4546723784266606
13,high,18,36,0.21100640238685722,0.8597249092007071,0.10149612806974005,0.41613003109543817,0.3970893676881856
13,high,19,38,0.39225976951515823,0.8635721209038244,0.5329670713680156,0.22691697338093517,0.5039289837919834
13,high,20,40,0.42300857176553963,0.8348865730848669,0.14650750951169117,0.2776956280784579,0.4205245706101389
13,high,21,42,0.45408815895897575,0.9297343704990343,0.7864807998671859,0.20377208416601492,0.5935188533728027
13,high,22,44,0.47088158217130566,0.7850746777839311,0.384532130521593,0.27168436196449297,0.47804318811033064
13,high,23,46,0.7380091982082283,0.5871799043710284,0.7958216603770784,0.27150145704737016,0.5981280550009263
13,high,24,48,0.4855857972636974,0.5496088829916588,0.3513277614090858,0.2839123772578893,0.4176087047305828
13,high,25,50,0.5228820785788028,0.6734513658693437,0.52930854503146,0.29677581339633347,0.505604450718985
13,high,26,52,0.6857848631271776,0.7095856337179248,0.5693048211009406,0.2577885792368928,0.555615974295734
13,high,27,54,0.46330281574351373,0.7813078432937575,0.5611718679838175,0.32867617829327206,0.5336146763285902
13,high,28,56,0.6883328648666263,0.906313935238191,0.17109988413962135,0.292024769431046,0.5144428634188711
13,high,29,58,0.7497161067062442,0.9092925190210819,0.7012560311283882,0.22302517805474145,0.6458224587276139
13,high,30,60,0.6329527901910794,0.7178919121296129,0.46355300152794504,0.21447560557564144,0.5072183273560696
13,high,31,62,0.6657201548112158,0.7538123641936262,0.30359793587276246,0.18563860145678526,0.47719226408359744
13,high,32,64,0.7510520721946998,0.6915333288969512,0.4880696091325696,0.19895177182401977,0.5324016955120601
13,high,33,66,0.8137313759857936,0.7363447645949561,0.6057042770210702,0.3009796975572999,0.6141900287897799
13,high,34,68,0.7320841582248382,0.742197483050489,0.7006102313260556,0.301308991515185,0.619050216029142
13,high,35,70,0.465888125142681,0.6879209506386864,0.30335675271032847,0.3838320158785962,0.46024946109257303
13,high,36,72,0.521711338460532,0.8642635196140871,0.24296954362355652,0.38659624629115535,0.5038851619973327
13,high,37,74,0.589370912786595,0.9244511122017119,0.41672696186785996,0.25500374630997774,0.5463881832915362
13,high,38,76,0.6029804137722844,0.9419547603116003,0.33813571821930577,0.2566347537071582,0.5349264115025871
13,high,39,78,0.5359287271983287,0.4183578730287433,0.37709515329986715,0.34818217454484823,0.41989098201794683
13,high,40,80,0.4463157423806452,0.4363357152493546,0.40128730222674736,0.40807682042706406,0.4230038950709528
13,high,41,82,0.2539094761317564,0.763396927427083,0.6442615626084526,0.367245727944613,0.5072034235279762
13,high,42,84,0.6560325013681969,0.8407722488160628,0.42981552749070173,0.29664479292666307,0.5558162676504061
13,high,43,86,0.40098837291110484,0.9107434508618134,0.2438946338864519,0.34557787272483026,0.4753010825960501
13,high,44,88,0.197846175545479,0.7759577602710632,0.20564569703276517,0.37044696636774593,0.3874741498042633
13,high,45,90,0.2684310690701762,0.8076576795040439,0.13946492423591278,0.39239966931981224,0.40198833553248625
13,high,46,92,0.3803167850999634,0.9665653830031201,0.24947165487293652,0.19951925317575384,0.4489682690379435
13,high,47,94,0.36886627218193674,0.8234694759439247,0.3554899167849303,0.21232130294751714,0.4400367419645772
13,high,48,96,0.3836094781299114,0.7346440182400282,0.7370076049721407,0.2519865619497241,0.5268119158229511
13,high,49,98,0.7837472127604671,0.8463363844647473,0.6575634029604778,0.17714953434067446,0.6161991336315916
13,high,50,100,0.7718348886103126,0.7582867046478851,0.6562273869961835,0.21537656584529016,0.6004313865249178
13,high,51,102,0.7345478470237501,0.816850099263572,0.6358755853971436,0.22228881013141694,0.6023905854539706
13,high,52,104,0.7053527264133548,0.8296642584495547,0.44000523426796484,0.33135998421931684,0.5765955508375478
13,high,53,106,0.5552464203353326,0.7407279687028996,0.7557552086778615,0.3230649429819678,0.5936986351745153
13,high,54,108,0.19833963388960013,0.722242094410473,0.7379741833166714,0.3472559759195063,0.5014529718840627
13,high,55,110,0.48159803209455915,0.8626339102937846,0.27856122111008036,0.2519674960429481,0.46869016488534304
13,high,56,112,0.7768177352868666,0.6990276329429911,0.495829971214915,0.22537253475616081,0.5492619685502333
13,high,57,114,0.4230685174409398,0.6818640985838661,0.7359278307174036,0.3337606453896184,0.543655273032957
13,high,58,116,0.5976706717672027,0.6846810466032535,0.3776387384126638,0.5222584006475386,0.5455622143576646
13,high,59,118,0.8491539705704056,0.8649297360453949,0.5574524813393142,0.47100010653377955,0.6856340736222236
13,high,60,120,0.1271928207727003,0.8494848515626672,0.45017486829052483,0.4928913282186916,0.47993596721114595
13,high,61,122,0.4299425100848345,0.9230289671986817,0.3874347219041864,0.24763765637519874,0.4970109638907253
13,high,62,124,0.7059777728214202,0.8712782694616434,0.5702676404966827,0.2823092287770036,0.6074582278891875
13,high,63,126,0.7312586292411849,0.7445212760926615,0.4650702372291187,0.24480083583334303,0.546412744599077
13,high,64,128,0.6676455775851252,0.7224601201533456,0.20199596135915449,0.21932324081687943,0.45285622497862615
13,high,65,130,0.7116546263365694,0.8129877792668134,0.2752958808826793,0.20505547385889622,0.5012484400862396
13,high,66,132,0.6171383066298172,0.7083863464612083,0.5043135829480249,0.21178816799514863,0.5104066010085497
13,high,67,134,0.4065297060320748,0.5657025242000924,0.45333526969126997,0.3038477596298134,0.43235381488831265
13,high,68,136,0.35491184988714014,0.78855128650459,0.5401923351954292,0.37758355266393107,0.5153097560627726
13,high,69,138,0.3299332017712661,0.9561056665853154,0.2884879853892029,0.2624184982646333,0.45923633800260444
13,high,70,140,0.45774160296034244,0.49824139003549,0.9951503581627277,0.364898402181759,0.5790079383350798
13,high,71,142,0.3848565628682606,0.42068867925657083,0.9688615781742755,0.239659759213387,0.5035166448781235
13,high,72,144,0.8162175277899448,0.380144416834793,0.9927667869846494,0.4482483456517507,0.6593442693152844
13,high,73,146,0.9918870932911144,0.9156530364456414,0.9975273768433653,0.5840318473761081,0.8722748384890573
14,rest,0,0,0.6964370454521187,0.600209920746922,0.8279218775893235,0.6564369150556819,0.6952514397110114
14,rest,1,2,0.6557075299025791,0.6137520776289761,0.5463916271347663,0.6921935630863528,0.6270111994381685
14,rest,2,4,0.5771972594575954,0.4617410730182783,0.5723365109599686,0.6030305092107641,0.5535763381616516
14,rest,3,6,0.23702173641857804,0.8986991815065779,0.5819569399488796,0.5399804628081368,0.5644145801705431
14,rest,4,8,0.17594933193280374,0.6780787266228862,0.14498851842516253,0.5163748793970141,0.3788478640944666
14,rest,5,10,0.3391672526837946,0.3141814822819846,0.7911430526869172,0.7799359518499469,0.5561069348756609
14,rest,6,12,0.4289437436138304,0.5478436733673833,0.9938673227990602,0.5604577304072583,0.6327781175468831
14,rest,7,14,0.6179575933070784,0.545475062742907,0.9640807188524251,0.3317986866198168,0.6148280153805568
14,rest,8,16,0.5110237653247268,0.46437308545564476,0.8344523462957348,0.47000713491122315,0.5699640829968324
14,rest,9,18,0.16616547921313193,0.3400206356987379,0.6715475776221492,0.9902946742650617,0.5420070916997701
14,rest,10,20,0.18686234078751254,0.8090908526020338,0.39773635511447425,0.21166337611598707,0.4013382311550019
14,rest,11,22,0.3949347464273132,0.7099370355455353,0.5717112978925563,0.17377783842067765,0.4625902295715206
14,rest,12,24,0.1720043232170649,0.7896633857745873,0.3976532191006502,0.4759184597089074,0.45880984695030247
14,rest,13,26,0.247314838762934,0.7534323063386679,0.6680325306337397,0.6190231841389081,0.5719507149685624
14,rest,14,28,0.5102532341511363,0.36509546947668625,0.5992213605536408,0.7551630136676906,0.5574332694622885
14,rest,15,30,0.4077579870282573,0.5437494396192968,0.3904121440279059,0.8917386498909993,0.5584145551416149
14,rest,16,32,0.40561971527742435,0.7322210995940224,0.6745427058742364,0.6417075259562707,0.6135227616754885
14,rest,17,34,0.7376108432502758,0.7606920655451381,0.3701166894079903,0.25203047682746066,0.5301125187577163
14,rest,18,36,0.7496403645469776,0.8864387614661553,0.4824695951942073,0.3638658827099256,0.6206036509793165
14,rest,19,38,0.23286571995895336,0.9136276567786832,0.785086322691662,0.26473984154569113,0.5490798852437474
14,rest,20,40,0.8107542995092135,0.34824561628106104,0.7454382545789718,0.31126009004409244,0.5539245651033348
14,rest,21,42,0.5075132518579365,0.25047918847420103,0.8638722269712529,0.6508119559296754,0.5681691558082664
14,rest,22,44,0.31942894764547763,0.19237776829190528,0.6961197796407315,0.30159039282676026,0.37737922210121866
14,rest,23,46,0.39060223650131815,0.3491654375805144,0.37993695980644887,0.46507067789205625,0.3961938279450844
14,rest,24,48,0.39764879221543786,0.6090611437200623,0.4686833864537706,0.6284296083132475,0.5259557326756296
14,rest,25,50,0.6799932704313961,0.7184591869989783,0.6326606909712027,0.6478715261372365,0.6697461686347033
14,rest,26,52,0.6247672987369555,0.6852381176451804,0.24621908703475165,0.5458429756112143,0.5255168697570254
14,rest,27,54,0.43775691601150013,0.193553291707504,0.8103297138512983,0.39263307929564223,0.4585682502164862
14,rest,28,56,0.614378698322943,0.5138189541566789,0.44102738417627,0.37477541396700664,0.4860001126557246
14,rest,29,58,0.7149351995418367,0.5194571398341628,0.4948962040946143,0.5916216707023505,0.5802275535432411
14,rest,30,60,0.7761807308330304,0.5928681691232723,0.7147996292552335,0.3948004691892425,0.6196622496001947
14,rest,31,62,0.6765222433140841,0.6070962543630694,0.2599204118124381,0.24148677416253933,0.4462564209130327
14,rest,32,64,0.2254943396478896,0.09909305319411885,0.6274537135718898,0.9445535058763511,0.4741486530725624
14,rest,33,66,0.0843486215893459,0.19654783541021031,0.38027662329651984,0.9874883584082019,0.4121653596760695
14,rest,34,68,0.30891979304724876,0.14471442787334726,0.7984658700771746,0.34498759195124384,0.3992719207372536
14,rest,35,70,0.519569758181875,0.051638665070165214,0.7334889408814008,0.48362512060298585,0.44708062118410674
14,rest,36,72,0.6513655634893096,0.1506440131828805,0.3607559381689065,0.17938295897465345,0.3355371184539375
14,rest,37,74,0.7765931410017217,0.4442808521645918,0.19560765537206862,0.1339731417652105,0.3876136975758982
14,rest,38,76,0.6826594722067199,0.4985260206157877,0.4724070616544673,0.2270935756477301,0.4701715325311763
14,rest,39,78,0.5822711919156563,0.24586730526231074,0.31119991200557195,0.2857444731213345,0.3562707205762184
14,rest,40,80,0.31741701745230305,0.15951760489310804,0.34153455564822194,0.9309202070240357,0.4373473462544172
14,rest,41,82,0.38194365641795025,0.31708435839930627,0.3118963740774329,0.40109894838007515,0.35300583431869115
14,rest,42,84,0.4491974094250426,0.4640164484671985,0.19445737201348923,0.15933173950483764,0.316750742352642
14,rest,43,86,0.7012887908880613,0.3678690928690648,0.8037697528091275,0.12354747987803168,0.49911877911107133
14,rest,44,88,0.5977511018688864,0.34436231628752867,0.13978334852301275,0.17522282339451745,0.3142798975184863
14,rest,45,90,0.5963469493365919,0.569031929874917,0.5051037959053856,0.306938896317149,0.49435539285851093
14,rest,46,92,0.4671326981363945,0.5778486036597543,0.08407035893598908,0.4313395026303609,0.3900977908406247
14,rest,47,94,0.3127560732409746,0.5046370836329611,0.45951511422989494,0.9511254274051624,0.5570084246272482
14,rest,48,96,0.3986612299953514,0.8525177603167609,0.7341988138845921,0.606563268951592,0.647985268287074
14,rest,49,98,0.4924867481420635,0.6564635756459767,0.6217554203050917,0.29543308093895104,0.5165347062580207
14,rest,50,100,0.6379952518733614,0.7544134898299254,0.4275615356546244,0.37714539039966544,0.5492789169393942
14,rest,51,102,0.7105276907813759,0.4931727438919351,0.40377937438531813,0.2987732316790095,0.4765632601844097
14,rest,52,104,0.6863575780265049,0.21952837554850066,0.6665269090521435,0.4337349705121552,0.5015369582848261
14,rest,53,106,0.48851131288004934,0.3349726547441963,0.5263202704350243,0.6793281901802651,0.5072831070598838
14,rest,54,108,0.5111433562722516,0.6107629393749973,0.5648069270256778,0.645278872674724,0.5829980238369127
14,rest,55,110,0.7472608208420428,0.6988545377766346,0.32412891916330655,0.3952251277161206,0.5413673513745262
14,rest,56,112,0.7223793176133452,0.6994854096327149,0.5240742963639343,0.2639220253658849,0.5524652622439699
14,rest,57,114,0.6552056242898469,0.24445509923975026,0.38761149216318364,0.35234972868760095,0.4099054860950954
14,rest,58,116,0.4094844230628826,0.35124620466294093,0.9359467512071347,0.4645335056087577,0.540302721135429
14,rest,59,118,0.3358208470328701,0.32577788621484766,0.9604732737684112,0.9815188970070837,0.6508977260058032
14,rest,60,120,0.4432696206440289,0.49562347546927055,0.40499299439980796,0.8234253796438962,0.5418278675392509
14,rest,61,122,0.7400066416127482,0.3977886627647962,0.11761925479484686,0.24518533868785025,0.3751499744650604
14,rest,62,124,0.72846116136661,0.45587279207192843,0.5945600026195234,0.5401606573526738,0.5797636533526839
14,rest,63,126,0.6675801649416296,0.8338232756047189,0.2225454111934071,0.592295458483197,0.5790610775557381
14,rest,64,128,0.6740696338676702,0.8562657165516271,0.2502895765564282,0.6567671457252598,0.6093480181752463
14,rest,65,130,0.7467310308471082,0.5385123577696046,0.17937068040373605,0.7434841665234875,0.5520245588859841
14,rest,66,132,0.47416079888524953,0.5101577669424029,0.43360819904803594,0.9006401361723442,0.5796417252620081
14,rest,67,134,0.5243274147337585,0.3608477273987661,0.9006276303187446,0.6524490291813013,0.6095629504081427
14,rest,68,136,0.4588373799083497,0.501473979384212,0.39996891119965705,0.6049550585622252,0.491308832263611
14,rest,69,138,0.32979435856513695,0.5368212447824176,0.5209185795765169,0.4089598354598705,0.4491235045959855
14,rest,70,140,0.2613002537631985,0.37715762226319255,0.4345962315918696,0.8151107944471808,0.4720412255163604
14,rest,71,142,0.4571119978694414,0.20570413646354793,0.355194677216758,0.5347564439947056,0.38819181388611324
14,rest,72,144,0.3717943818293371,0.14883385850474426,0.11135325462669791,0.7479126921873155,0.3449735467870237
14,rest,73,146,0.10486054061059331,0.060469285895149716,0.564271638650502,0.9966316155399889,0.43155827017405846
14,high,0,0,0.9140654739556668,0.5995297897099497,0.7386297303122412,0.9957305681027143,0.811988890520143
14,high,1,2,0.8503005595505299,0.3399581658125235,0.6012769926528787,0.768400622305565,0.6399840850803743
14,high,2,4,0.8261155426605007,0.4159619313148228,0.5559089141456213,0.6856042844232985,0.6208976681360608
14,high,3,6,0.8780729671255513,0.4512908425479579,0.33829409597941235,0.832107752169298,0.6249414144555548
14,high,4,8,0.7733307473744409,0.31817343256311853,0.25618688943897466,0.7714643576837964,0.5297888567650826
14,high,5,10,0.895818561866538,0.21294293060681732,0.45030424214556564,0.8865040918957908,0.6113924566286779
14,high,6,12,0.7633078439862158,0.25126725589196397,0.48948829639971164,0.9879056341353799,0.6229922576033178
14,high,7,14,0.6862937233557209,0.42000526504147306,0.381421418403652,0.8321431413423002,0.5799658870357866
14,high,8,16,0.34873236205591274,0.24696696079166,0.40886227638248107,0.9302714497284852,0.48370826223963476
14,high,9,18,0.7267598299506252,0.5104008853083843,0.46842327744827295,0.8884096158157112,0.6484984021307484
14,high,10,20,0.7888463171717257,0.4746354906888509,0.5373560618276202,0.9911329691350055,0.6979927097058006
14,high,11,22,0.6488442908153386,0.18737084279696087,0.8736087120205518,0.899725179576098,0.6523872563022373
14,high,12,24,0.45564672795170885,0.1292059024175923,0.5687804501886857,0.9771810097334969,0.5327035225728709
14,high,13,26,0.7274473912474263,0.12765701540980792,0.15208136158539798,0.9883500235823742,0.49888394795625157
14,high,14,28,0.6514012144007628,0.32561002461031713,0.5201706786508621,0.9545663653146427,0.6129370707441462
14,high,15,30,0.6022697919027926,0.14344912428428658,0.291071568799582,0.8706873100403851,0.47686944875676157
14,high,16,32,0.9102232221487335,0.18647614189821726,0.6082690381987769,0.94504789958017,0.6625040754564745
14,high,17,34,0.7911549147664767,0.41339695692090395,0.49499206678403873,0.6954391627155497,0.5987457752967423
14,high,18,36,0.5762841362181134,0.10151128565289001,0.4464418303071173,0.8776733343092995,0.500477646621855
14,high,19,38,0.4313120424716245,0.3719654949367544,0.9820278898679947,0.6432575688876132,0.6071407490409967
14,high,20,40,0.6335668432573149,0.3761180184024262,0.9380304418824746,0.7889865289139202,0.684175458114034
14,high,21,42,0.7989684210049989,0.3246050168283876,0.5794276876058678,0.9284615477452414,0.6578656682961239
14,high,22,44,0.7251981887181771,0.2792587484953062,0.3834814646110944,0.988869691720606,0.5942020233862959
14,high,23,46,0.45196566438595615,0.16982678009506677,0.25033005330300795,0.9894733360388472,0.46539895845571955
14,high,24,48,0.6404620542803701,0.2195144124743513,0.1237617557307652,0.6844717235857964,0.4170524865178208
14,high,25,50,0.5789993224693226,0.14166644233265047,0.5765861327520531,0.731370180048409,0.5071555194006088
14,high,26,52,0.8839253231840747,0.27619654638429547,0.5584589575807087,0.9886176097881144,0.6767996092342983
14,high,27,54,0.8466776991740056,0.5516474401515212,0.5406834005081571,0.9609199584060084,0.7249821245599231
14,high,28,56,0.5660757501976467,0.25345033709458,0.5384412517419395,0.9623752724689703,0.5800856528757841
14,high,29,58,0.6327246000074336,0.10902860493353775,0.6715090157284311,0.7414209362227802,0.5386707892230456
14,high,30,60,0.8741897536613101,0.24597569844780393,0.27389846241283966,0.9557503821590876,0.5874535741702603
14,high,31,62,0.7735043661013228,0.2089381156872896,0.6858829904003503,0.9091306374026152,0.6443640273978944
14,high,32,64,0.5463018204407752,0.24474212464641024,0.6116423624565756,0.9563180892322626,0.5897510991940059
14,high,33,66,0.5403532549198228,0.20118410318346525,0.3934895078956224,0.9680956620583403,0.5257806320143127
14,high,34,68,0.8347970850195084,0.2557516885844544,0.38804064742173594,0.812112506818393,0.5726754819610229
14,high,35,70,0.6202402553224045,0.1603374012750379,0.535694869227311,0.9798294550877701,0.5740254952281308
14,high,36,72,0.6918770019871642,0.14689218580201185,0.4809783380974783,0.8407658450388993,0.5401283427313884
14,high,37,74,0.47326734668796605,0.1979353138962258,0.381663836184262,0.9975273768433653,0.5125984684029548
14,high,38,76,0.6277490265891893,0.2303348186804765,0.4906487669202255,0.9922941863746486,0.585256699641135
14,high,39,78,0.7930085688460893,0.08907641363081349,0.18197433922625877,0.827808503431091,0.4729669562835631
14,high,40,80,0.8542423781942504,0.24630250022428796,0.6449798848383779,0.49485332743364197,0.5600945226726395
14,high,41,82,0.8793971092232756,0.23632841977123056,0.7704344238188371,0.9512005494987479,0.7093401255780228
14,high,42,84,0.9026657722921235,0.37400703681233133,0.6559505401180636,0.9751136163849465,0.7269342414018662
14,high,43,86,0.8367755419033776,0.38350835254747306,0.6759707069148847,0.9208869991903197,0.7042854001390138
14,high,44,88,0.6957839006299796,0.16234619078036708,0.49352041225942844,0.9423030411208225,0.5734883861976494
14,high,45,90,0.7786372069704337,0.4608709417287294,0.5816887386195672,0.9852837191975727,0.7016201516290757
14,high,46,92,0.7900049140700108,0.49973311222321826,0.6548756562978093,0.9454084474131625,0.7225055325010503
14,high,47,94,0.6896633455899308,0.07278036007568424,0.3165175502494521,0.8127033394324223,0.4729161488368724
14,high,48,96,0.7552703862672002,0.06617239142583418,0.2508401806391659,0.9290090435056917,0.500323000459473
14,high,49,98,0.8350899547015561,0.0623674139140314,0.24988691335286384,0.9689874073970298,0.5290829223413703
14,high,50,100,0.9366075784683721,0.3678191535385102,0.46003978993730815,0.9909608118827086,0.6888568334567248
14,high,51,102,0.91629720223499,0.5620286485389976,0.7514053622241473,0.9975273768433653,0.806814647460375
14,high,52,104,0.9161389460946215,0.4949988172425212,0.2829604495523451,0.9971195783951879,0.6728044478211689
14,high,53,106,0.5358809610938988,0.5302679476116391,0.8693836455172737,0.9975273768433653,0.7332649827665443
14,high,54,108,0.642662976495611,0.21196881965159017,0.4669448161059508,0.9971999248937325,0.5796941342867211
14,high,55,110,0.7467022300093633,0.3519006044498926,0.29711848125809154,0.9045863428735335,0.5750769146477203
14,high,56,112,0.867928734258067,0.50550324993845,0.5825414511379514,0.963934985916563,0.7299771053127578
14,high,57,114,0.24026521366449602,0.08483217913647238,0.7337790926453948,0.9894103377606814,0.5120717058017612
14,high,58,116,0.6019065340973655,0.07219385670730429,0.8108863325609439,0.9622053502014145,0.6117980183917571
14,high,59,118,0.6524268576258856,0.3343760655034986,0.5327861569152197,0.9750867076871516,0.6236689469329388
14,high,60,120,0.6063376545377828,0.21624162065495614,0.4656670547257588,0.8735527685801436,0.5404497746246604
14,high,61,122,0.7454196411534268,0.20591870445899937,0.4141593214096242,0.9324145531897754,0.5744780550529565
14,high,62,124,0.695452214564384,0.06854046050959213,0.4782136348016805,0.8355518905400239,0.5194395501039202
14,high,63,126,0.715079972269034,0.0798173412526514,0.20440956167766122,0.6630533913270314,0.4155900666315945
14,high,64,128,0.7993207656096889,0.17318879498003054,0.46839827658290817,0.8249535626790199,0.5664653499629119
14,high,65,130,0.5431905147333261,0.4660331536822117,0.6490488607539399,0.979808552278911,0.6595202703620971
14,high,66,132,0.6035505685300848,0.2157388038624981,0.8330344197915086,0.9811674125729387,0.6583728011892576
14,high,67,134,0.6485362989015803,0.4366722409440508,0.7472829951568323,0.9781687093580096,0.7026650610901182
14,high,68,136,0.8485936305443126,0.5252681479762352,0.3938520214861628,0.8977356688921526,0.6663623672247158
14,high,69,138,0.5255817340034423,0.08885558147089398,0.38173994087197205,0.9975273768433653,0.49842615829741843
14,high,70,140,0.7538565614788412,0.2410527245107061,0.1963893531861449,0.9949699444108229,0.5465671458966288
14,high,71,142,0.6543441357249563,0.22620363822906164,0.5925205520200524,0.9960834091304971,0.6172879337761419
14,high,72,144,0.6126582140187555,0.1216717772910491,0.5319839811325136,0.9942616793852105,0.5651439129568822
14,high,73,146,0.24218724346899245,0.032485161905291486,0.8360645029511424,0.9975273768433653,0.527066071292198
15,rest,0,0,0.21594916594327868,0.43921957193994066,0.5339256062375055,0.7327005071056417,0.4804487128065916
15,rest,1,2,0.338110244869015,0.49170821769282047,0.3120347645851797,0.8645216767490768,0.501593725974023
15,rest,2,4,0.6038704828027803,0.543524138820017,0.23700486865416312,0.6352558121671156,0.504913825611019
15,rest,3,6,0.695841696030923,0.4197908616704395,0.2360205262706423,0.6871116856655033,0.509691192409377
15,rest,4,8,0.7320232622555395,0.36176505007260845,0.13659055251840949,0.3456842898361096,0.3940157886706668
15,rest,5,10,0.7428679217802076,0.39970626261470527,0.8169847328702858,0.36789870814209175,0.5818644063518227
15,rest,6,12,0.6668551672655592,0.3191466464116424,0.18910724739463747,0.5335507694084932,0.4271649576200831
15,rest,7,14,0.663125659619077,0.6806062183362224,0.2743098564533135,0.35246496642159547,0.4926266752075521
15,rest,8,16,0.3983913508759902,0.857945947594375,0.19132120055829335,0.809381207951609,0.5642599267450669
15,rest,9,18,0.5963934533849999,0.8942169649901631,0.5138564208528545,0.5020971190282586,0.626640989564069
15,rest,10,20,0.6923597130838116,0.8696885399845031,0.6173234030113172,0.39972663000484443,0.644774571521119
15,rest,11,22,0.6900005851947365,0.4449315726914278,0.6288380754387941,0.38224261653239683,0.5365032124643387
15,rest,12,24,0.8566890332718156,0.22594146900505968,0.3440290689967085,0.19162247033156016,0.40457051040128594
15,rest,13,26,0.3409649918586155,0.7769410889608866,0.4354043336353784,0.9779285092408366,0.6328097309239293
15,rest,14,28,0.6104941752095568,0.7035992145943991,0.3653496787399507,0.5062071757436193,0.5464125610718815
15,rest,15,30,0.24015387967078855,0.41816936893189766,0.44694542701827117,0.8892584016911815,0.4986317693280347
15,rest,16,32,0.22314029216344328,0.8268307083954487,0.21846062131292615,0.9010232746535443,0.5423637241313406
15,rest,17,34,0.12167224572042734,0.5296529147162758,0.5306389235066483,0.6587840536366746,0.4601870343950065
15,rest,18,36,0.4552538198840319,0.8720977323235991,0.5444351655242006,0.7974105972800758,0.6672993287529768
15,rest,19,38,0.7882160044273963,0.647018407769205,0.3748599335346697,0.3065732391536341,0.5291668962212263
15,rest,20,40,0.6501252341835184,0.5726144573022788,0.24091308052854168,0.4872573967151956,0.4877275421823837
15,rest,21,42,0.46406137266100567,0.648260688576782,0.5192487875988216,0.5770420243062527,0.5521532182857155
15,rest,22,44,0.39032918827009716,0.7408878532389913,0.7175835916445926,0.3793495006559095,0.5570375334523977
15,rest,23,46,0.13675491550420818,0.08875121272401179,0.9042669441540143,0.07671361671823368,0.301621672275117
15,rest,24,48,0.6175408612088054,0.4295209497153754,0.7596403082612443,0.2739944377592591,0.5201741392361711
15,rest,25,50,0.7912896887818325,0.45610584631214934,0.2840354339575938,0.20882166714947567,0.4350631590502628
15,rest,26,52,0.4996522236839027,0.2030925069007502,0.4688577239226117,0.3715402012019463,0.38578566392730274
15,rest,27,54,0.7023817000617939,0.8211741996729925,0.5469893733997294,0.4979028809717414,0.6421120385265644
15,rest,28,56,0.34242756160429755,0.6078829876861519,0.3594620629247961,0.12617317386426996,0.3589864465198789
15,rest,29,58,0.5049164199870936,0.9817333070840245,0.5010869446584681,0.2557701184231532,0.5608766975381848
15,rest,30,60,0.054785939471313154,0.9975273768433653,0.589892437796744,0.19713217841434214,0.45983448313144115
15,rest,31,62,0.0433672731095178,0.9975273768433653,0.7053644650040436,0.33224995063224777,0.5196272663972936
15,rest,32,64,0.2639039812599635,0.8993983412765416,0.7897732976218462,0.7989654209842689,0.688010260285655
15,rest,33,66,0.5003477763160973,0.43870656298746236,0.4989130553415316,0.5382482512196131,0.49405391146617605
15,rest,34,68,0.5283567940484318,0.17862072183225164,0.3352610768760498,0.42419704663910757,0.3666089098489602
15,rest,35,70,0.5225258338521067,0.2942186277058924,0.1588471133320906,0.4437709053749485,0.35484062006625955
15,rest,36,72,0.452179613433738,0.5432434552148602,0.43016820642209497,0.6421865155150487,0.5169444476464354
15,rest,37,74,0.47591364548854476,0.15229841380844467,0.9228736281878038,0.4172350019999614,0.4920801723711886
15,rest,38,76,0.3226258405504271,0.16794530958247822,0.5458674818247816,0.8144341098196127,0.46271818544432497
15,rest,39,78,0.4897693391370068,0.5980004566084837,0.7695912436779415,0.9721805642280642,0.707385400912874
15,rest,40,80,0.9550226672901596,0.23628578831458447,0.3801385589351641,0.37837953572384525,0.4874566375659383
15,rest,41,82,0.9316802965174289,0.2018972353519257,0.47711592921171536,0.3200531849374581,0.482686661504632
15,rest,42,84,0.7405683991915251,0.39067918769075494,0.6260547384742912,0.1473694281091786,0.47616793836643745
15,rest,43,86,0.3858608613614077,0.3844234300445602,0.38022926282461705,0.3502334880617719,0.3751867605730892
15,rest,44,88,0.5122165465165517,0.6063606259072097,0.7980604788751772,0.5454368986095992,0.6155186374771344
15,rest,45,90,0.349307609509395,0.5696283420885522,0.5050065916132204,0.6037398838461375,0.5069206067643263
15,rest,46,92,0.22108432688962196,0.31270760808712816,0.36034249087993475,0.7412752092163887,0.4088524087682684
15,rest,47,94,0.18758638095786304,0.19172308909364505,0.779053574381061,0.8415166823606562,0.4999699316983064
15,rest,48,96,0.36913809035539075,0.4208548664159005,0.579624238631889,0.8580659168944552,0.5569207780744089
15,rest,49,98,0.8464581167051382,0.5478086922977045,0.6201465349928568,0.44551885518759266,0.614983049795823
15,rest,50,100,0.3341658304633831,0.7522298166587942,0.46998899304140507,0.2573906507539063,0.4534438227293721
15,rest,51,102,0.31366686601242955,0.8113889970841711,0.16539182318070433,0.18617388559475503,0.369155392968015
15,rest,52,104,0.5071942082529988,0.6200468776121687,0.8558895603113449,0.4953483407337623,0.6196197467275687
15,rest,53,106,0.3028321979453762,0.24239288465187767,0.7947467014057739,0.596322571907809,0.48407358897770913
15,rest,54,108,0.6261562234410202,0.7499569127686423,0.3739585614591758,0.5291352101172742,0.5698017269465281
15,rest,55,110,0.22875419532276028,0.19517759698677697,0.9809567241060413,0.08069817991388249,0.3713966740823652
15,rest,56,112,0.42978512109908756,0.39521092212885844,0.4960793223523274,0.4113640687188154,0.4331098585747722
15,rest,57,114,0.5776910354234123,0.38427305132130657,0.8747249388287356,0.2061537457565308,0.5107106928324963
15,rest,58,116,0.6947926126468893,0.6278137194877706,0.8292909548455101,0.37698918255779923,0.6322216173844923
15,rest,59,118,0.663858115047116,0.5275320631584782,0.37743946583849064,0.6804729738590582,0.5623256544757858
15,rest,60,120,0.6887411857058178,0.4504989262181193,0.5785986349940311,0.4354633504712029,0.5383255243472927
15,rest,61,122,0.4617064788406528,0.36796180024477254,0.8338893119302642,0.3337881335450125,0.4993364311401755
15,rest,62,124,0.5718139598916697,0.6764662048984709,0.31493168431318547,0.6864626971259884,0.5624186365573286
15,rest,63,126,0.20805864864280776,0.8488900220032348,0.2731864154394337,0.9272291786911913,0.5643410661941668
15,rest,64,128,0.11716745655140924,0.7494114253677167,0.4313714945475389,0.6157524686372089,0.47842571127596845
15,rest,65,130,0.2792394165517667,0.601542512395785,0.7510100664600896,0.7872752078909635,0.6047668008246512
15,rest,66,132,0.3775544159329153,0.42513694581773837,0.6788271904397875,0.5622107912217592,0.5109323358530501
15,rest,67,134,0.3762348939266006,0.4006628622769303,0.33973021160392314,0.7202477345326204,0.4592189255850186
15,rest,68,136,0.4072917865421011,0.19635339216041897,0.6218155964413246,0.5030788640260306,0.4321349097924688
15,rest,69,138,0.6163112633416156,0.36603663635716327,0.2458371388383362,0.9093038270477297,0.5343722163962112
15,rest,70,140,0.5188524423331152,0.8818840657952532,0.6327774247208624,0.9281649402343201,0.7404197182708877
15,rest,71,142,0.8260756403256556,0.5082917823071795,0.6949987919507374,0.3553807553103841,0.5961867424734892
15,rest,72,144,0.6361900555264501,0.3691168302736219,0.22387939443415494,0.5846394306197646,0.45345642771349787
15,rest,73,146,0.5236318695518293,0.3016270012218163,0.28988249408700245,0.43638007948968877,0.3878803610875842
15,high,0,0,0.116756818813324,0.279374189121178,0.42710761869525177,0.9691443674368405,0.4480957485166486
15,high,1,2,0.2548245008162109,0.4011781198061853,0.4584325931915794,0.7336456430437649,0.46202021421443507
15,high,2,4,0.7080315025349279,0.2120220915718205,0.7901659234273875,0.17604957767867377,0.4715672738032024
15,high,3,6,0.4440471972316376,0.9975273768433653,0.47010788120807184,0.12148973884626953,0.5082930485323361
15,high,4,8,0.37272398084651426,0.9975273768433653,0.4215555615377485,0.11459177141209256,0.47659967265993014
15,high,5,10,0.34678852732627974,0.04617311328231388,0.07086764682895239,0.19754088725911367,0.16534254367416493
15,high,6,12,0.38557211800705016,0.18119347227876922,0.20772518667885903,0.5404717334996176,0.32874062761607403
15,high,7,14,0.3653189385400662,0.5881537206534893,0.8920116232925799,0.39803574029392486,0.5608800056950151
15,high,8,16,0.256045829278118,0.3997686053349237,0.6018472584654103,0.6799114135402274,0.4843932766546699
15,high,9,18,0.05117697052955592,0.9953620815921671,0.13820276680706484,0.975078124170518,0.5399549857748265
15,high,10,20,0.3971469421214507,0.9902772782820796,0.3190271735936577,0.4109873990376123,0.5293596982587001
15,high,11,22,0.22723289885209874,0.18725587447637174,0.5681886541588336,0.754486376251288,0.434290950934648
15,high,12,24,0.23415142266250083,0.14446927226446518,0.90293661539173,0.556721566451976,0.459569719192668
15,high,13,26,0.7617921360503273,0.7270504539338952,0.2482713058494822,0.2081338377867612,0.4863119334051164
15,high,14,28,0.698846044315681,0.5301654172177704,0.21804173617333047,0.19826858434609132,0.4113304455132183
15,high,15,30,0.8754729605319638,0.45131175819373004,0.27373311958618496,0.13930220230694462,0.43495501015470583
15,high,16,32,0.6614995485176882,0.4313879561985034,0.696025909477275,0.21749549495477338,0.5016022272870599
15,high,17,34,0.0728292193213412,0.7630524307332388,0.5049210283246202,0.8031159825488254,0.5359796652320064
15,high,18,36,0.037157430825045454,0.7004683689947718,0.5663835603303724,0.9059527595164925,0.5524905299166705
15,high,19,38,0.20010502905919098,0.6737816332173158,0.32839441443679807,0.6096522694598562,0.45298333654329026
15,high,20,40,0.6619315531824482,0.6614270007831834,0.4793233550162684,0.3478456373845263,0.5376318865916065
15,high,21,42,0.5641426412963639,0.4953501828697651,0.1781652942449532,0.3375352908281043,0.39379835230979665
15,high,22,44,0.4738781274274055,0.3953643277893801,0.0826759664777751,0.40066684129976343,0.338146315748581
15,high,23,46,0.6730772810670297,0.4248327810543087,0.2646318552225027,0.5494792481474525,0.47800529137282344
15,high,24,48,0.5766357184861802,0.3888591272863613,0.6891835197632781,0.33463814168934475,0.49732912680629104
15,high,25,50,0.34935641390716937,0.996959227798397,0.25026964730514484,0.13925974604621194,0.4339612587642308
15,high,26,52,0.8930191544706076,0.95836202015652,0.2538994515305755,0.3074678465771011,0.6031871181837011
15,high,27,54,0.9089035938528391,0.2931135396686836,0.3974678380666448,0.19401956731333053,0.4483761347253745
15,high,28,56,0.9005891886868774,0.6182361497898429,0.9050344953559527,0.10362349354563051,0.6318708318445758
15,high,29,58,0.6447317174749124,0.3548504540994993,0.32160545710816607,0.1757606543686699,0.37423707076281193
15,high,30,60,0.7176836964649417,0.1640894853377554,0.42781486531724305,0.11934099567722393,0.35723226069929104
15,high,31,62,0.5915343370921918,0.22509241474074654,0.8516983765087414,0.25468065224961695,0.4807514451478242
15,high,32,64,0.59166868567713,0.29692512651572833,0.6126785556516771,0.37770177436003605,0.4697435355511429
15,high,33,66,0.6095742431064928,0.9148247443682659,0.34320888760991103,0.3068464977568278,0.5436135932103744
15,high,34,68,0.6249695825806217,0.36963986869483184,0.531869147441797,0.3628889054961323,0.47234187605334566
15,high,35,70,0.5483089360752719,0.20348043600184376,0.6444001334806586,0.28929532013169257,0.4213712064223667
15,high,36,72,0.6886836793182247,0.567482426896647,0.15366418511683186,0.4874577359851212,0.4743220068292062
15,high,37,74,0.8245782572350872,0.41458752280871924,0.3910617511515074,0.1730639876032603,0.45082287969964346
15,high,38,76,0.8264833909721364,0.1346367323050424,0.6639513628593746,0.10898637217306138,0.43351446457740367
15,high,39,78,0.5741202126363862,0.6798475363768367,0.07755347020278547,0.2587242206122303,0.39756135995705966
15,high,40,80,0.45628796909366753,0.40031316158905395,0.3846124888908055,0.449476361128949,0.422672495175619
15,high,41,82,0.5285212377991821,0.27049819227795,0.25539913923194496,0.35649864337983816,0.35272930317222884
15,high,42,84,0.7887909719801325,0.7020840375000874,0.6088381479955989,0.24672369221116652,0.5866092124217462
15,high,43,86,0.7595197446809641,0.8698843828318787,0.7615197224927208,0.3248504408276555,0.6789435727083047
15,high,44,88,0.3623857423749493,0.8316755338372399,0.3493438752147053,0.3696347276952617,0.47825996978053903
15,high,45,90,0.41822135001149163,0.24470718053958174,0.5037435486657732,0.3081519930307027,0.3687060180618873
15,high,46,92,0.40697832452770405,0.2566917214077296,0.7748787781046295,0.3142208712497367,0.43819242382245
15,high,47,94,0.38081278089417353,0.5744973240299307,0.3211693892066645,0.3459040449955807,0.40559588478158737
15,high,48,96,0.8299036629175056,0.5652946209736479,0.4332877613718731,0.34440812010562866,0.5432235413421638
15,high,49,98,0.9249143738391721,0.5124608355072386,0.4643841542758053,0.17158029605523986,0.518334914919364
15,high,50,100,0.29454228125509324,0.4720788696281666,0.3924982545918616,0.733378664178624,0.47312451741343636
15,high,51,102,0.7196077235635819,0.35644320166815535,0.18913149438968116,0.2902986267814386,0.38887026160071425
15,high,52,104,0.8764367585613269,0.31759156856097087,0.37943457614481535,0.6752923795682332,0.5621888207088366
15,high,53,106,0.9332905427438392,0.22715347107039782,0.337510003222695,0.3743913527555502,0.46808634244812053
15,high,54,108,0.8425248236945276,0.1686748557849162,0.45953378656479865,0.2035027428564914,0.4185590522251834
15,high,55,110,0.48028009470922456,0.24214037411375697,0.5498646737050742,0.1623345767366416,0.3586549298161743
15,high,56,112,0.7588299873422952,0.3902521055105835,0.6767279189719019,0.21278792698843102,0.5096494847033028
15,high,57,114,0.7737557071464781,0.6109596115801103,0.29256668906183386,0.41468304661585703,0.5229912636010698
15,high,58,116,0.8230121548603888,0.3542152156737235,0.29068961689303924,0.40866216803659694,0.46914478886593713
15,high,59,118,0.8181353507680276,0.8039197599834559,0.21085561881972728,0.1999357175128796,0.5082116117710226
15,high,60,120,0.7842263083148231,0.9595403443580629,0.14719805100982003,0.16469897696368083,0.5139159201615967
15,high,61,122,0.6567721163455964,0.41219984749878175,0.7095031340803697,0.17774084530250306,0.48905398580681275
15,high,62,124,0.49675960395642804,0.49922555665459123,0.30082660427510577,0.407166958449435,0.42599468083389
15,high,63,126,0.11408999269016207,0.9906595509593005,0.3659000195380839,0.23970419126004694,0.4275884386118983
15,high,64,128,0.17127899293300716,0.0665507337731531,0.667380843003186,0.48881333833093044,0.34850597701006913
15,high,65,130,0.5323202470494881,0.15030607707522695,0.22712342572994015,0.733463504172042,0.4108033135066743
15,high,66,132,0.6005393389416819,0.30757119412246986,0.4222022631751483,0.2209647957074255,0.38781939798668136
15,high,67,134,0.5980603405564506,0.46427129285450225,0.582145330540891,0.15927811343938653,0.45093876934780763
15,high,68,136,0.7482643039889398,0.628964714057238,0.11191605134989777,0.5256442674759811,0.5036973342180142
15,high,69,138,0.5320440582055407,0.37530457665681877,0.13941328856208451,0.31665404995063196,0.340853993343769
15,high,70,140,0.8631721518707196,0.6152139213069758,0.41887090956264955,0.23666094310891955,0.5334794814623162
15,high,71,142,0.9546700272921899,0.5902785081736939,0.28492621784687566,0.32369234053116513,0.5383917734609811
15,high,72,144,0.6860415323440634,0.45358191538927894,0.45627831800091123,0.31768442462391616,0.47839654758954236
15,high,73,146,0.6789970118994219,0.2287437321072619,0.2634833470402999,0.47136049330529556,0.4106461460880698
16,rest,0,0,0.40239013904383025,0.2843603576836206,0.34347239527346096,0.6659404673464826,0.42404083983684865
16,rest,1,2,0.6321929692564295,0.516855311280264,0.5453941631932956,0.7319679405345848,0.6066025960661435
16,rest,2,4,0.4237737126443758,0.2963512494371596,0.3454764142301219,0.8862777693250132,0.48796978640916766
16,rest,3,6,0.351706758163456,0.6496395728000738,0.6684368246140793,0.9359355099712026,0.6514296663872029
16,rest,4,8,0.3698856342404443,0.8102305460717247,0.5020034061558236,0.8638892475615679,0.6365022085073901
16,rest,5,10,0.3981839094609051,0.5029593412413633,0.36807708499493025,0.8256624960146293,0.523720707927957
16,rest,6,12,0.48915508387040785,0.4570328848825181,0.34681935785807827,0.5923451323889616,0.47133811474999143
16,rest,7,14,0.3192831347759971,0.46984934721012467,0.11920438463466973,0.46742747796727185,0.34394108614701585
16,rest,8,16,0.30511874337561457,0.37959373239946403,0.7273984158783072,0.47712797000526025,0.47230971541466155
16,rest,9,18,0.39246433998092756,0.3396161154395052,0.5282188420165648,0.6892063720619103,0.4873764173747269
16,rest,10,20,0.43660827205078867,0.25940310413161516,0.5917766267507248,0.5879231740234087,0.46892779423913433
16,rest,11,22,0.6403590412020764,0.8807347210768349,0.3493357421612802,0.5095282369436642,0.5949894353459639
16,rest,12,24,0.7398238635318805,0.7555031089105179,0.4398405150343502,0.5379710070455658,0.6182846236305786
16,rest,13,26,0.6352282024488789,0.4806528165827579,0.23330444401856598,0.49116846766567274,0.4600884826789689
16,rest,14,28,0.5745952080354403,0.4372142759348925,0.5077953099271224,0.8657878353333294,0.5963481573076961
16,rest,15,30,0.5787969819379747,0.948916981024306,0.538565513361888,0.3609950581119431,0.606818633609028
16,rest,16,32,0.7389039864467558,0.5661813119164552,0.45696334644178277,0.384371694550591,0.5366050848388962
16,rest,17,34,0.7105817115465953,0.3288480610595527,0.08750380769359993,0.20391429363322447,0.33271196848324314
16,rest,18,36,0.15028436975334858,0.8434984545454082,0.7403956775133294,0.21878724245201803,0.48824143606602605
16,rest,19,38,0.16430280478950995,0.7955635260751207,0.7410749335261784,0.21162037884826193,0.47814041080976777
16,rest,20,40,0.2857870194079485,0.24614220475839194,0.38034162988549025,0.3046193809724479,0.3042225587560696
16,rest,21,42,0.4266744865748164,0.351960571696469,0.622062077980734,0.3667620934556483,0.4418648074269169
16,rest,22,44,0.3711698892979081,0.44086786261245614,0.878765477376988,0.49610719034454903,0.5467276049079753
16,rest,23,46,0.4147676287352035,0.49704065875863657,0.4940526498050303,0.7499389611118398,0.5389499746026775
16,rest,24,48,0.2661518053829148,0.49552754363854695,0.5740783582538764,0.3796759094880285,0.42885840419084165
16,rest,25,50,0.4356727328191355,0.43599298354823185,0.5781069180186874,0.46047589039701764,0.47756213119576807
16,rest,26,52,0.6149127045128093,0.6646255470287694,0.4214236274176289,0.2767613444955353,0.4944308058636857
16,rest,27,54,0.6322216962194281,0.392612211495167,0.26664861318058947,0.333096940997031,0.4061448654730539
16,rest,28,56,0.4805060826297602,0.4537863177185731,0.2358600597194485,0.3005054494277907,0.36766447737389313
16,rest,29,58,0.49772002845241897,0.3994302360958883,0.19812516411765543,0.4610539668767373,0.389082348885675
16,rest,30,60,0.42601125501575254,0.2626126519353686,0.45343520471255544,0.8412689030205557,0.49583200367105806
16,rest,31,62,0.2606603412136227,0.46854604139775646,0.2929019208462166,0.22455159539692698,0.3116649747136307
16,rest,32,64,0.20007623348471953,0.5497114620339276,0.45626585680636006,0.2978298237743193,0.3759708440248316
16,rest,33,66,0.8299067386964969,0.39466179264232265,0.6358391712010086,0.5038928096554509,0.5910751280488198
16,rest,34,68,0.7859137908765925,0.3603250801782234,0.38014345671866095,0.5810035830123802,0.5268464776964643
16,rest,35,70,0.5266918424391747,0.3751038037905145,0.851921157993696,0.3139524587826455,0.5169173157515077
16,rest,36,72,0.6409800817161535,0.6110253619288288,0.24499796462419096,0.2577398139233326,0.4386858055481265
16,rest,37,74,0.7456868362668279,0.43535634296549175,0.5077593670296497,0.2649994423505336,0.4884504971531257
16,rest,38,76,0.826626904716823,0.454236446476957,0.8688998197192406,0.3556898802600837,0.6263632627932761
16,rest,39,78,0.774554773481902,0.5714825942777764,0.602622323450489,0.6175808127179123,0.64156012598202
16,rest,40,80,0.5740719305228252,0.4503919334411791,0.26969625226095534,0.7822441746485508,0.5191010727183776
16,rest,41,82,0.7927237587504151,0.6062586540740027,0.26617567736438064,0.41777022110587037,0.5207320778236673
16,rest,42,84,0.3481755863413675,0.20420520916150314,0.35566016332844236,0.8445898724275989,0.43815770781472796
16,rest,43,86,0.2449608712460827,0.21130017663698672,0.2593825855074481,0.8452066394784896,0.3902125682172518
16,rest,44,88,0.8419301832721944,0.3410238606498538,0.32853877700311135,0.2616700200948379,0.4432907102549994
16,rest,45,90,0.2337828607131099,0.9731617093890466,0.911313139289126,0.30159466638435073,0.6049630939439083
16,rest,46,92,0.3363335194158137,0.9915466971054089,0.9588043616309282,0.5828884728929715,0.7173932627612806
16,rest,47,94,0.8829370261371601,0.3857955379235956,0.3086352814748376,0.3753882766235821,0.48818903053979384
16,rest,48,96,0.3961161822950143,0.8210701551331214,0.9609142499367442,0.44842276059612546,0.6566308369902514
16,rest,49,98,0.695493516122269,0.3904777339199814,0.7684620237593865,0.6086709560581527,0.6157760574649473
16,rest,50,100,0.5166557856842159,0.5861567853594295,0.3947871273135577,0.5979146774881421,0.5238785939613363
16,rest,51,102,0.5022799715475813,0.5843584195893242,0.5660487440129085,0.4874049384066072,0.5350230183891053
16,rest,52,104,0.8259403892822343,0.26842622368151964,0.3279530025222582,0.5902427749941106,0.5031405976200307
16,rest,53,106,0.6129318750594416,0.697507766505894,0.4217662489145256,0.6590582901825264,0.5978160451655969
16,rest,54,108,0.43680546124205255,0.33217876589346607,0.8346798528710395,0.7141042921550065,0.5794420930403912
16,rest,55,110,0.39841089206319663,0.3765305067404225,0.8610112378683041,0.6460748656634474,0.5705068755838427
16,rest,56,112,0.833939756030585,0.28105087165232484,0.13300948363414541,0.27314167179918264,0.38028544577905943
16,rest,57,114,0.008498799025866444,0.9965955190965664,0.805987871906867,0.3508403582425875,0.5404806370679718
16,rest,58,116,0.0039940773753058545,0.9975273768433653,0.8905352049755789,0.4746403128506181,0.5916742430112171
16,rest,59,118,0.09603302982266619,0.9975273768433653,0.7216453476382916,0.509082676015678,0.5810721075800003
16,rest,60,120,0.22194485915235476,0.9975273768433653,0.7350320839516409,0.5169402711346505,0.6178611477705029
16,rest,61,122,0.6655320773734066,0.5235533185159775,0.19498368751525136,0.6494006154847762,0.5083674247223529
16,rest,62,124,0.8304064502988713,0.8267176819713257,0.7950315557627434,0.6848476073316525,0.7842508238411482
16,rest,63,126,0.9254801109749684,0.7460046239449112,0.2601743698833999,0.6905886835429886,0.655561947086567
16,rest,64,128,0.7795021490433157,0.8755410795204415,0.5681694952715107,0.3024048126897626,0.6314043841312577
16,rest,65,130,0.8180767807086854,0.7534868024878908,0.5087432555532252,0.4014775172217433,0.6204460889928862
16,rest,66,132,0.8384918803738,0.6673366897213641,0.4793164958636632,0.3886170921983624,0.5934405395392974
16,rest,67,134,0.5711182408347059,0.7870705904029202,0.5703522179915554,0.316623539905091,0.5612911472835681
16,rest,68,136,0.37731778930544563,0.9871322830605629,0.49799659384417616,0.4541977308031367,0.5791610992533304
16,rest,69,138,0.3360293135176956,0.9898218866122445,0.48268769991743193,0.8597871589533487,0.6670815147501802
16,rest,70,140,0.5489035250587674,0.9206208189256632,0.5315148039438974,0.8031783252189505,0.7010543682868196
16,rest,71,142,0.6613475350428721,0.972779549298546,0.7017312897797157,0.6080591384147354,0.7359793781339674
16,rest,72,144,0.8870058347559517,0.4023114982459602,0.5267709228062928,0.6826532422959061,0.6246853745260277
16,rest,73,146,0.3570001807996641,0.8266370327015617,0.19379164732027865,0.971064552566314,0.5871233533469546
16,high,0,0,0.3808145548116939,0.303734007458552,0.7952838567057062,0.4445868691400175,0.4811048220289924
16,high,1,2,0.28819364109670403,0.5641966030347063,0.7713777106366211,0.5636993004010862,0.5468668137922794
16,high,2,4,0.573741731029222,0.7626078748553591,0.1446409672849208,0.6196497045702639,0.5251600694349414
16,high,3,6,0.7115800565134571,0.2737716314774023,0.6259795756439415,0.8830129259499121,0.6235860473961783
16,high,4,8,0.7576116567578829,0.34464666855134235,0.721400429574238,0.8820769079876914,0.6764339157177887
16,high,5,10,0.9560545385289076,0.7721990280993699,0.28346481489421843,0.7692423282167442,0.69524017743481
16,high,6,12,0.784221560414571,0.5327177609887894,0.20564268845578387,0.5228257594401695,0.5113519423248285
16,high,7,14,0.7846433059631105,0.5060932598786652,0.47283327837004363,0.308153140549881,0.517930746190425
16,high,8,16,0.6705056856395656,0.7522799870410576,0.6705761105769233,0.4705845883985653,0.6409865929140279
16,high,9,18,0.6463283327661655,0.6266426157642664,0.8635020714007018,0.42747749944382507,0.6409876298437397
16,high,10,20,0.4345137081249785,0.573403957360473,0.15393454934874531,0.4964462725841102,0.41457462185457683
16,high,11,22,0.698979787120557,0.5160521015295522,0.18415587100385386,0.29045925676042317,0.42241175410359655
16,high,12,24,0.728146632577412,0.5505183261093811,0.13309653580323164,0.2922947393161712,0.426014058451549
16,high,13,26,0.7292116041415393,0.6371574858126354,0.5641391193020675,0.4617586178400814,0.5980667067740809
16,high,14,28,0.7072112961849137,0.6489218418662126,0.35754127413659925,0.2646806920130045,0.49458877605018253
16,high,15,30,0.3276439585536986,0.55424274216638,0.1415615439315499,0.532572746208405,0.38900524771500833
16,high,16,32,0.36215180153136667,0.7100099855756519,0.43738794291103356,0.4775767197163198,0.496781612433593
16,high,17,34,0.3128518332210247,0.6253950302152345,0.19105677412235986,0.5020643471881923,0.4078419961867028
16,high,18,36,0.6905841491680095,0.5516523877024752,0.3937920555875183,0.2349603048890788,0.4677472243367704
16,high,19,38,0.716563712634967,0.8689954378296337,0.47848145749217463,0.3906292579218257,0.6136674664696503
16,high,20,40,0.9902678616470685,0.8363077811818185,0.33096089456925015,0.6029829838951588,0.690129880323324
16,high,21,42,0.9975273768433653,0.8270952214652135,0.8600016404202429,0.3827424371791157,0.7668416689769844
16,high,22,44,0.9975273768433653,0.6229150458119823,0.7932925875278515,0.36457239180267653,0.6945768504964689
16,high,23,46,0.9975273768433653,0.6074524488340737,0.5349724136375761,0.7072062882693795,0.7117896318960986
16,high,24,48,0.43365512149468566,0.7001960817476816,0.351123166663341,0.4634457873449549,0.4871050393126658
16,high,25,50,0.266203448815649,0.8375250143649153,0.4229680543956086,0.45887372151559735,0.49639255977294255
16,high,26,52,0.1842551624914906,0.30064278450096005,0.48684531266794495,0.38790559706061173,0.33991221418025186
16,high,27,54,0.4814004104901692,0.24869525959120128,0.16692763978655772,0.464338005915296,0.340340328945806
16,high,28,56,0.8678895478439652,0.5523305865502794,0.27933746677059296,0.5887227623551902,0.5720700908800069
16,high,29,58,0.7913733092457919,0.6449973310343295,0.7053672419436013,0.5874377146321673,0.6822938992139725
16,high,30,60,0.5035629241987328,0.7572773204214251,0.6768511235827006,0.5733990185488687,0.6277725966879317
16,high,31,62,0.27563219936396166,0.5609898797190089,0.4167735928597516,0.3111406752724763,0.39113408680379963
16,high,32,64,0.9480182623996406,0.8481691986231554,0.4626691158725639,0.7202890243244938,0.7447864003049635
16,high,33,66,0.886254186140776,0.887332507834483,0.60282899549667,0.7339999703138259,0.7776039149464388
16,high,34,68,0.7846059742422495,0.5993810010723202,0.4760860893043664,0.5646935791257244,0.606191660936165
16,high,35,70,0.7850667592544254,0.42746927559917214,0.5137073271467775,0.2513734820329969,0.4944042110083429
16,high,36,72,0.5349549803064714,0.5665923631103267,0.2964831655984184,0.3243142782333527,0.4305861968121423
16,high,37,74,0.7339288509374835,0.7439964377187085,0.3745259618371565,0.2714879112429412,0.5309847904340724
16,high,38,76,0.7609612315034605,0.7130389044422638,0.3188951898696304,0.28562472497847513,0.5196300126984574
16,high,39,78,0.622985280946026,0.6531515439538153,0.5581150973303609,0.451939944480921,0.5715479666777807
16,high,40,80,0.8529767515802331,0.8285861063348865,0.7684099944704749,0.19902932526533856,0.6622505444127332
16,high,41,82,0.9864583495373939,0.9257499849668026,0.6070028435834756,0.26297580368739343,0.6955467454437664
16,high,42,84,0.9966325327201667,0.6951881605455746,0.3759115160689877,0.2552095555532443,0.5807354412219934
16,high,43,86,0.9975273768433653,0.5709432290260773,0.479885079454059,0.7218166818825813,0.6925430918015207
16,high,44,88,0.8183637367971884,0.41928524568884734,0.16801572359607342,0.8434373063400699,0.5622755031055447
16,high,45,90,0.5235584655120463,0.46177206694858175,0.23880891563055254,0.7236977278326577,0.4869592939809596
16,high,46,92,0.81158784928203,0.6365714985334402,0.4330531458315125,0.5230984382081055,0.6010777329637721
16,high,47,94,0.8529405290687619,0.7435539624236315,0.20449822438874612,0.47833076290130233,0.5698308696956105
16,high,48,96,0.6599986643109187,0.46944193560332276,0.5661397877614325,0.4201642756452798,0.5289361658302384
16,high,49,98,0.7194265184494409,0.5137482950205806,0.5787305931464993,0.38066688513391433,0.5481430729376088
16,high,50,100,0.36465930649151174,0.5585574755834585,0.20422452670996455,0.4211265771874459,0.38714197149309515
16,high,51,102,0.4077972059805688,0.6035974845420823,0.37089039330382106,0.5673255337543139,0.48740265439519653
16,high,52,104,0.7136369177002355,0.6588674542791929,0.3668012159753783,0.6910919654447262,0.6075993883498831
16,high,53,106,0.9067652714618544,0.8227638195565509,0.5821962947778049,0.732272249753659,0.7609994088874673
16,high,54,108,0.858744206779705,0.7824184523140558,0.29010953447791377,0.7147372510880154,0.6615023611649224
16,high,55,110,0.776717846428402,0.5765882772909449,0.5712620761799942,0.5339629859985393,0.6146327964744701
16,high,56,112,0.6914756911455125,0.5497505451298064,0.208499950437241,0.4204556795180621,0.46754546655765555
16,high,57,114,0.8923805707389391,0.7215587143354434,0.5100853013345262,0.5092159108468357,0.6583101243139362
16,high,58,116,0.8622911114111846,0.6982760378707253,0.4518413681716981,0.24838509667662229,0.5651984035325576
16,high,59,118,0.8792325864502115,0.6134599941910681,0.223647678512562,0.2519234747448157,0.4920659334746643
16,high,60,120,0.7455158702339991,0.47975254416191654,0.4151204753546691,0.49888278708232964,0.5348179192082286
16,high,61,122,0.7196186495434941,0.5657756001566105,0.2746841851148142,0.6648710086189381,0.5562373608584643
16,high,62,124,0.6711401122508729,0.5471819776674598,0.3635075739941424,0.5682361649312471,0.5375164572109306
16,high,63,126,0.8311278245501404,0.5299415007982502,0.7865052124998703,0.5047753975802514,0.663087483857128
16,high,64,128,0.9526057736700663,0.6633139017811956,0.2936584831236035,0.27648826055462644,0.546516604782373
16,high,65,130,0.7406281087153943,0.5122742255393129,0.18293537790832767,0.2836729492777026,0.42987766536018435
16,high,66,132,0.9919609988767488,0.8217994576460735,0.4715480899357302,0.5713080312747132,0.7141541444333165
16,high,67,134,0.8498983563348813,0.6200374929286538,0.41495688171528267,0.3832895272122573,0.5670455645477688
16,high,68,136,0.7476348353092728,0.6406678215245005,0.7427290599825264,0.3194570453676345,0.6126221905459835
16,high,69,138,0.9242629878432629,0.6069638266616795,0.40903430657862344,0.270811151261662,0.552768068086307
16,high,70,140,0.9862998353532269,0.5526398001769159,0.3376740859136147,0.34554496731011747,0.5555396721884688
16,high,71,142,0.9688867563931447,0.5123446656428166,0.21023601586672322,0.4178140306033089,0.5273203671264983
16,high,72,144,0.8488485475268523,0.7969207276093007,0.3064142063501437,0.2782351085112235,0.5576046474993801
16,high,73,146,0.7890433315902072,0.7485705605810364,0.2405024316211859,0.2734791274351068,0.5128988628068841
17,rest,0,0,0.6880277653159996,0.683079414131636,0.3268692317289758,0.42434659408363823,0.5305807513150624
17,rest,1,2,0.7472905474483794,0.8199305948860044,0.816023551166329,0.686372446117798,0.7674042849046276
17,rest,2,4,0.52005202537094,0.8461174496578939,0.7843080467778025,0.5875803927047382,0.6845144786278436
17,rest,3,6,0.9162500749596845,0.7609127538776982,0.7967441574346356,0.6470632960455297,0.780242570579387
17,rest,4,8,0.8939423847732177,0.6037758860885852,0.50428334380411,0.8274275464589633,0.7073572902812191
17,rest,5,10,0.661099924502349,0.5702948627544503,0.5555988409480815,0.5722304755317299,0.5898060259341527
17,rest,6,12,0.43225400692473726,0.42605176372976555,0.8523853251039678,0.48312325351819746,0.548453587319167
17,rest,7,14,0.33549575516400676,0.5400382299313407,0.5638011395490785,0.6105388767539334,0.5124685003495898
17,rest,8,16,0.2247454769130344,0.50327136785386,0.7286295504911906,0.7358808810027366,0.5481318190652054
17,rest,9,18,0.11795807521690604,0.17333206475245821,0.6240656341045651,0.8479071669386508,0.440815735253145
17,rest,10,20,0.08394496288546621,0.239352329117754,0.4898245547233964,0.7462099766910124,0.38983295585440725
17,rest,11,22,0.11561077981394867,0.8711060297420665,0.45574148445871054,0.7424735308303317,0.5462329562112643
17,rest,12,24,0.4397853786898707,0.9129606231518741,0.22888462558704098,0.7030128969671474,0.5711608810989832
17,rest,13,26,0.41308261393746665,0.26658210123183157,0.18745162510803803,0.7032910749840168,0.3926018538153383
17,rest,14,28,0.17517887963183199,0.22699803472660804,0.15073908322177113,0.9327691042175846,0.3714212754494489
17,rest,15,30,0.7302269962717374,0.3471228776739508,0.3271251545175021,0.29258155579389417,0.4242641460642711
17,rest,16,32,0.8802035150879889,0.7908717660888278,0.5027957234575852,0.36337493184414726,0.6343114841196373
17,rest,17,34,0.6043637165067186,0.7829824928996142,0.7428914493007253,0.6297117755615671,0.6899873585671563
17,rest,18,36,0.6760838086421884,0.425313685073525,0.37274127482430436,0.6230579404805724,0.5242991772551475
17,rest,19,38,0.537205985095498,0.29967592378214103,0.5258426564723777,0.7290495797905361,0.5229435362851382
17,rest,20,40,0.17004086871114032,0.3606573372363828,0.5084314434154603,0.9391571253953545,0.4945716936895844
17,rest,21,42,0.25780707200203534,0.1309358127281921,0.3350703335096911,0.7164503699618087,0.3600658970504318
17,rest,22,44,0.07884515589674353,0.2859583133334972,0.41977375717030535,0.6054860687073189,0.3475158237769662
17,rest,23,46,0.3810078823982192,0.45417501001493404,0.5199043908558751,0.3784784539222049,0.43339143429780835
17,rest,24,48,0.6141457426198867,0.5051891171042933,0.11881701809170377,0.35446377240560395,0.39815391255537197
17,rest,25,50,0.3360868307713767,0.5072225111575558,0.4680124301315582,0.45179478181464516,0.4407791384687839
17,rest,26,52,0.7540654140449491,0.6881948160686997,0.5900099494968746,0.46376677341953165,0.6240092382575138
17,rest,27,54,0.5984752993219643,0.5183578307962848,0.2972154515577148,0.5512350133045518,0.49132089874512896
17,rest,28,56,0.34334906086334344,0.29550816839725114,0.2892216901367868,0.4310025141082132,0.33977035837639863
17,rest,29,58,0.6573774268154163,0.6065248162261659,0.36516996954915726,0.3216115498256966,0.48767094060410904
17,rest,30,60,0.7348045962518345,0.49672863214614005,0.5733468243027878,0.3587077335591063,0.5408969465649671
17,rest,31,62,0.6471718905651465,0.6023160892959378,0.3332632945109151,0.4968562276943529,0.5199018755165881
17,rest,32,64,0.5055844505001716,0.4027251663691194,0.1777251522327283,0.31008137968498534,0.34902903719675116
17,rest,33,66,0.3543630246711895,0.34847460282527976,0.636240703527892,0.31076280926290695,0.41246028507181703
17,rest,34,68,0.341488915408684,0.2604261203273808,0.32603537013405576,0.41789677689913457,0.33646179569231377
17,rest,35,70,0.6544138031303318,0.583808374490209,0.22676223041527788,0.3012480286661931,0.441558109175503
17,rest,36,72,0.7706700028659327,0.4423028611403368,0.22980779941021862,0.28564345630827465,0.4321060299311906
17,rest,37,74,0.6847421253879509,0.41615847964011476,0.7131265702549276,0.9064298696643844,0.6801142612368445
17,rest,38,76,0.6169802251588205,0.3439055838840721,0.5118881827055244,0.9700033310084233,0.6106943306892101
17,rest,39,78,0.24369732833468516,0.5337215979724328,0.17010820506891827,0.9762428122065538,0.48094248589564753
17,rest,40,80,0.2254537562700377,0.7490218210529851,0.5841703955359853,0.825681102705712,0.59608176889118
17,rest,41,82,0.7483900158923563,0.7954849113968946,0.6972347155511432,0.3125412110799484,0.6384127134800857
17,rest,42,84,0.6897301078635685,0.5617412659381138,0.3489784877238903,0.4876872228899315,0.522034271103876
17,rest,43,86,0.6256476887930934,0.30935780135078234,0.3689542365593338,0.3176679284490216,0.40540691378805777
17,rest,44,88,0.4824696655743191,0.39641946629523,0.4972042765424146,0.39868464731421593,0.4436945139315449
17,rest,45,90,0.3487038864320725,0.6342462738804692,0.18375209895036015,0.2658422535388168,0.3581361282004296
17,rest,46,92,0.49441554949982836,0.42883926597585087,0.7099339135852545,0.3189305959958048,0.48802983126418464
17,rest,47,94,0.5407898735926867,0.3020195120556043,0.5670665033355172,0.3656991880407313,0.4438937692561349
17,rest,48,96,0.1393922005784411,0.2856475117057413,0.9547487333266442,0.5031437723056471,0.47073305447911845
17,rest,49,98,0.08946453077721832,0.3585381410853699,0.6071295220233973,0.7572316054940428,0.4530909498450071
17,rest,50,100,0.39658134638791315,0.29284079059576396,0.6600777484310236,0.8142002432790463,0.5409250321734367
17,rest,51,102,0.5772610873989191,0.36960614000012265,0.5228058884737131,0.7474408096353771,0.554278481377033
17,rest,52,104,0.15662072295697352,0.38140735283885313,0.2608470779293619,0.7893299049952449,0.3970512646801084
17,rest,53,106,0.22244899212364322,0.3311376868849968,0.6020032515788142,0.5937814488006244,0.4373428448470197
17,rest,54,108,0.09964246628804947,0.2261931416874536,0.7213287323523135,0.6905698610533915,0.434433550345302
17,rest,55,110,0.017911512667671808,0.9373425152060074,0.8872767753397051,0.904442629470257,0.6867433581709104
17,rest,56,112,0.03150365087546605,0.9499206777960737,0.2683684628201226,0.9025443378920442,0.5380842823459266
17,rest,57,114,0.5575560784017052,0.30042871913588953,0.28367613724332424,0.49681028163657204,0.40961780410437276
17,rest,58,116,0.3998634659621175,0.1787019831397246,0.15025998936900037,0.46080180960375383,0.2974068120186491
17,rest,59,118,0.38032466673930404,0.2689851590214905,0.38101873267324815,0.3809959711811679,0.35283113240380265
17,rest,60,120,0.46973473914094277,0.3799279820335818,0.43078972681581434,0.48109378708990497,0.440386558770061
17,rest,61,122,0.3124356335292388,0.47396286713764707,0.505066775745769,0.5898470335492887,0.4703280774904859
17,rest,62,124,0.41778594489935683,0.5055556457751795,0.3467180819406175,0.6306942871924316,0.47518848995189633
17,rest,63,126,0.5974263558982567,0.7880209868621763,0.31156483391917,0.4719211036010801,0.5422333200701708
17,rest,64,128,0.4840749189457653,0.5701268017509604,0.5240164678911187,0.4013734870629462,0.4948979189126977
17,rest,65,130,0.8163500569729203,0.5791439594444846,0.17049368223049718,0.6822322221190895,0.5620549801917479
17,rest,66,132,0.714751071346309,0.654741238373146,0.5907116268246998,0.41953743197467275,0.594935342129707
17,rest,67,134,0.5778775647559656,0.4274014340153366,0.8307280265391489,0.4041345519988906,0.5600353943273354
17,rest,68,136,0.7086691714669653,0.6717787186158163,0.4178528366543783,0.2128899323245116,0.5027976647654179
17,rest,69,138,0.6430000589876691,0.7920970776292644,0.48693273358367817,0.21305598391849023,0.5337714635297754
17,rest,70,140,0.680901045019243,0.9197958889407735,0.5556271221657223,0.32238645608304034,0.6196776280521948
17,rest,71,142,0.34097479952697696,0.5815710430674504,0.24162044987216855,0.4158673680136271,0.39500841512005574
17,rest,72,144,0.5919934104251842,0.7605749982061017,0.625232369197885,0.486371167038814,0.6160429862169963
17,rest,73,146,0.5600758273495734,0.8826071239018417,0.6794636945731858,0.5316298275037599,0.6634441183320902
17,high,0,0,0.46573511704834114,0.5450248993577247,0.2794775744937173,0.7669860567368181,0.5143059119091502
17,high,1,2,0.6221401074239961,0.6923788423829809,0.2410963773484673,0.2887215432669114,0.46108421760558893
17,high,2,4,0.6339552508077348,0.756385103190919,0.552370340741461,0.25690335293742417,0.5499035119193847
17,high,3,6,0.812873739699709,0.8947630421925348,0.9093044464805922,0.5208910850194273,0.7844580783480658
17,high,4,8,0.9065604692565663,0.7628098503882168,0.2777281796167608,0.33804403248731907,0.5712856329372158
17,high,5,10,0.7978281607254628,0.7128575426254101,0.603234801927762,0.32096588721207575,0.6087215981226777
17,high,6,12,0.7205348702940897,0.5099819028976356,0.33201570670663627,0.6470207409711944,0.552388305217389
17,high,7,14,0.6560908392312601,0.5762666448973773,0.4586896890350851,0.3080869042488317,0.4997835193531386
17,high,8,16,0.8052294928707813,0.6386860988757962,0.3673740068597892,0.39845565688926576,0.5524363138739081
17,high,9,18,0.7862801664048931,0.36933595609571135,0.27691518644865815,0.7919304649402489,0.5561154434723778
17,high,10,20,0.669624362773897,0.8108678170271362,0.5451762863409196,0.32972908793721845,0.5888493885197927
17,high,11,22,0.7276184315076542,0.777466489480263,0.46058984730090285,0.3536728280177424,0.5798368990766406
17,high,12,24,0.5488732014590851,0.750531379597072,0.5402581454476401,0.8170450203718069,0.664176936718901
17,high,13,26,0.6072973850775316,0.9871650167267633,0.6068443779170108,0.3211208819406119,0.6306069154154793
17,high,14,28,0.5154464946663162,0.985706700055717,0.5224166768662691,0.2757871544003556,0.5748392564971645
17,high,15,30,0.7097990522377794,0.8353778891731986,0.4332516562188668,0.3138777210146509,0.5730765796611239
17,high,16,32,0.8075349308492334,0.8507605956411888,0.3171883338354952,0.4005808467170028,0.59401617676073
17,high,17,34,0.3549990273707297,0.7921480534653927,0.142767262570968,0.42740405172622087,0.42932959878332777
17,high,18,36,0.5905976156718913,0.7936605957749868,0.3716371067594102,0.4252412105593979,0.5452841321914216
17,high,19,38,0.5299628490600305,0.704801991858322,0.1783593749111549,0.40909627353762223,0.4555551223417824
17,high,20,40,0.6386121788016804,0.8478899950463278,0.20554855052411872,0.40308049695638526,0.5237828053321281
17,high,21,42,0.6950242817014396,0.789693209229024,0.30293293370598473,0.448149796316659,0.5589500552382769
17,high,22,44,0.47563356847787763,0.9348665856138679,0.45594894413353065,0.31766584196382625,0.5460287350472756
17,high,23,46,0.8768676947791781,0.9309174338477009,0.4836006538093444,0.33324339235667,0.6561572936982234
17,high,24,48,0.9613506852474669,0.8641493754216732,0.3520497723612104,0.8066382333002209,0.7460470165826428
17,high,25,50,0.8047503055936891,0.6515984556066514,0.23256267804838832,0.5026124510883682,0.5478809725842743
17,high,26,52,0.49565820890462775,0.5978105926451727,0.22243922010239586,0.4634721243014885,0.4448450364884212
17,high,27,54,0.4434553973618628,0.8866099973461944,0.3481348014071476,0.45792733344842645,0.5340318823909078
17,high,28,56,0.4163694939259689,0.9616779398599589,0.26077978057796175,0.7266118382650885,0.5913597631572445
17,high,29,58,0.7723559859079241,0.8645073394272422,0.16584457330123903,0.30611334506280546,0.5272053109248027
17,high,30,60,0.6344638179873798,0.748075049416192,0.18104312043708215,0.282154266704372,0.4614340636362565
17,high,31,62,0.7193173515533782,0.7758266066571263,0.2586684683399704,0.35642332290397866,0.5275589373636134
17,high,32,64,0.8115775711500312,0.8191948463953708,0.5775994872605431,0.3162332216267881,0.6311512816081832
17,high,33,66,0.8049104107656118,0.7212252862767095,0.9161302031833913,0.33665573690844197,0.6947304092835387
17,high,34,68,0.6341502413380566,0.33871319432593633,0.4211102252999429,0.5521819183987126,0.48653889484066215
17,high,35,70,0.8616814228730422,0.5647454728906272,0.4389920743461479,0.7098693755728849,0.6438220864206755
17,high,36,72,0.8188830402146383,0.8547367237404006,0.5139964976044514,0.30289577101991905,0.6226280081448523
17,high,37,74,0.4912687746788413,0.6576016882231303,0.33316714583913604,0.4314440431462882,0.47837041297184896
17,high,38,76,0.28851746297834174,0.688419532305098,0.36410546051046033,0.5046470669670513,0.46142238069023783
17,high,39,78,0.400879300876469,0.906460903989919,0.09494648933656787,0.44365717396907406,0.4614859670430075
17,high,40,80,0.740228697179368,0.8645701790360768,0.26746000007235615,0.326374543876468,0.5496583550410672
17,high,41,82,0.696652539739666,0.8811488697341918,0.5130313016589205,0.5287596567264454,0.654898091964806
17,high,42,84,0.6670800461231545,0.778272961749784,0.8274513319095035,0.599334882813237,0.7180348056489197
17,high,43,86,0.5753872760173083,0.5137250185678001,0.46683255849027194,0.5959343330358385,0.5379697965278047
17,high,44,88,0.6117579970233862,0.4434122539053514,0.5663493554353216,0.3980870088697629,0.5049016538084555
17,high,45,90,0.35098960166536985,0.4462268118283037,0.6552101198508082,0.45262830170010815,0.47626370876114754
17,high,46,92,0.668546965052569,0.88839480806351,0.33389128872864443,0.4213591905269529,0.5780480630929191
17,high,47,94,0.6455331036740474,0.6755948936279538,0.605894865471559,0.3773663980923413,0.5760973152164753
17,high,48,96,0.5811017084200107,0.6161570965912153,0.40889297625511417,0.4432132821970256,0.5123412658658415
17,high,49,98,0.7387998619482029,0.6989640721406108,0.21440193344092826,0.3814069676533529,0.5083932087957737
17,high,50,100,0.5541972964631343,0.7745442225944863,0.26122080724686936,0.5991619691440202,0.5472810738621275
17,high,51,102,0.24508525671138226,0.6727316204462389,0.5105454702657253,0.42443397771244235,0.4631990812839472
17,high,52,104,0.7794929350081535,0.6412422752001513,0.4789957673495126,0.4191190276096378,0.5797125012918638
17,high,53,106,0.5588140743275027,0.7512177666407602,0.4149178298276536,0.5621808178130424,0.5717826221522397
17,high,54,108,0.4172353153143873,0.7565262074481883,0.6371393748596356,0.6161623417824516,0.6067658098511657
17,high,55,110,0.37085919184906585,0.8475580206523896,0.3888384985033499,0.5836342565554822,0.5477224918900718
17,high,56,112,0.7468246552244164,0.9022714722774189,0.5150456513523018,0.29543404578466814,0.6148939561597014
17,high,57,114,0.7787546620509688,0.7842992465716488,0.36807081733151575,0.2646378676883752,0.5489406484106272
17,high,58,116,0.62443741008235,0.8957281112780888,0.25030934705708136,0.2661980587167191,0.5091682317835599
17,high,59,118,0.7227526634393923,0.6011795449114808,0.6910518232309264,0.25671016123736484,0.5679235482047911
17,high,60,120,0.6966748179935319,0.5854259440265737,0.8481259838652956,0.6523390015232974,0.6956414368521746
17,high,61,122,0.8398750021021503,0.7761628163337003,0.2443708854154605,0.8591457345607455,0.6798886096030141
17,high,62,124,0.14381047518692175,0.9975273768433653,0.7599644307045802,0.25274934701641777,0.5385129074378213
17,high,63,126,0.6587922520181536,0.8853753244391342,0.9258272661002782,0.31676025198127933,0.6966887736347114
17,high,64,128,0.5294222489282808,0.7703386634507017,0.4802053885580583,0.8158929414157282,0.6489648105881923
17,high,65,130,0.4029492075456317,0.678905838920296,0.1782748233158842,0.7669220059163123,0.506762968924531
17,high,66,132,0.16848511552249992,0.4828971693654888,0.29226129191380573,0.6111571021361364,0.38870016973448274
17,high,67,134,0.3287091253238912,0.6404385211864453,0.6700159706512206,0.47791723548327697,0.5292702131612085
17,high,68,136,0.7101711017178666,0.8226205103008848,0.16032250101476378,0.6283061825954963,0.5803550739072528
17,high,69,138,0.8685526496748853,0.7619551030474445,0.6490003476571995,0.9423596934905349,0.8054669484675161
17,high,70,140,0.9196381494913827,0.759467348189182,0.1803905995928522,0.9677039083230339,0.7068000013991127
17,high,71,142,0.798061951699449,0.8384621908779462,0.22786361608910694,0.8160900553839463,0.6701194535126122
17,high,72,144,0.5147766826792446,0.774093032527834,0.11430072616950611,0.37135317010887736,0.44363090287136553
17,high,73,146,0.6867287335118657,0.5850559965677591,0.4957242105554241,0.4327289934424236,0.5500594835193681
18,rest,0,0,0.46937459940329973,0.8302271793035847,0.28222674816872795,0.4563876587612944,0.5095540464092266
18,rest,1,2,0.6623225053165703,0.8273541284508282,0.218095113572884,0.32653941393009783,0.5085777903175951
18,rest,2,4,0.4537139347171315,0.7878961747969175,0.37613532328766747,0.34179167879332684,0.4898842778987608
18,rest,3,6,0.46246998659062455,0.45493610157124786,0.29249445775475696,0.5593081032427206,0.44230216228983754
18,rest,4,8,0.5455869188430847,0.5389360729695075,0.303397337836215,0.6176157612295812,0.5013840227195971
18,rest,5,10,0.6298819564979143,0.28001507673136494,0.2376317172794613,0.4494344074443181,0.3992407894882647
18,rest,6,12,0.38104042700574764,0.381124223050607,0.5642703631711928,0.7377351664997042,0.5160425449318129
18,rest,7,14,0.5491634279433161,0.26349837476526533,0.7269292534552991,0.4916402792348254,0.5078078338496765
18,rest,8,16,0.1550114790937092,0.37346739883844365,0.26290983707725757,0.776059331673217,0.3918620116706568
18,rest,9,18,0.1235316945423871,0.5876500838517146,0.6926429021725118,0.9196983977419706,0.5808807695771461
18,rest,10,20,0.4324568479327933,0.6398029196878756,0.737500296989271,0.9749452658229261,0.6961763326082164
18,rest,11,22,0.12342388549514864,0.7479455841925985,0.7046590910621299,0.9497694087660654,0.6314494923789856
18,rest,12,24,0.24406314080905794,0.4115933687036303,0.4507022786995039,0.8334730155335527,0.48495795093643623
18,rest,13,26,0.41936847449911974,0.16170645354600086,0.5408860142700753,0.20747741868518677,0.33235959025009565
18,rest,14,28,0.7939589150499629,0.37240556890432785,0.3461911612337456,0.2130841293510539,0.43140994363477253
18,rest,15,30,0.503587471875929,0.2234802340982334,0.6738401926299226,0.601192201078475,0.50052502492064
18,rest,16,32,0.21616092725084787,0.4497433942593754,0.9769707756561977,0.7683954914168913,0.6028176471458281
18,rest,17,34,0.5430369750680359,0.413216704404056,0.6903524177722117,0.8615399689965353,0.6270365165602096
18,rest,18,36,0.3733035885988839,0.29629084324876426,0.6524534713367984,0.5762247135584152,0.4745681541857154
18,rest,19,38,0.3984798900391001,0.3815359156319995,0.496059931858929,0.3137746306603662,0.3974625920475987
18,rest,20,40,0.6702321386151078,0.3566491794143077,0.5603410584435242,0.5889064367364065,0.5440322033023366
18,rest,21,42,0.9095041751881163,0.31795212573507287,0.46183547150561827,0.3508698572621872,0.5100404074227487
18,rest,22,44,0.3370694814901248,0.4752868835324629,0.45085824607637004,0.7163859846292542,0.494900148932053
18,rest,23,46,0.16950454562880418,0.36054637199079925,0.6952394291276583,0.7618920049890707,0.4967955879340831
18,rest,24,48,0.2024765838330362,0.32232978564047393,0.45480699215829806,0.7079199842621224,0.42188333647348264
18,rest,25,50,0.8161373686824873,0.19348360230206232,0.32890149798924767,0.40736963378190605,0.4364730256889259
18,rest,26,52,0.6580067311694098,0.30183642590821363,0.4547640254920634,0.32123281920108926,0.433960000442694
18,rest,27,54,0.6013840342263758,0.6546558828787279,0.7301068844098635,0.28454985032061486,0.5676741629588955
18,rest,28,56,0.2954271039181655,0.8839206833604986,0.5039400681410711,0.8465915122834972,0.632469841925808
18,rest,29,58,0.418328478664587,0.7241665208033556,0.18354064455050884,0.7411137549688459,0.5167873497468244
18,rest,30,60,0.5487006769642927,0.5542644733986938,0.6184792535922413,0.6479890408694229,0.5923583612061627
18,rest,31,62,0.7409676804016316,0.4370341737540823,0.5451470793561267,0.4835304238737753,0.551669839346404
18,rest,32,64,0.48053565237983337,0.3591911927618744,0.5610766943803007,0.5344845366573464,0.4838220190448387
18,rest,33,66,0.49641252812407094,0.3452585900077427,0.3177349643004865,0.362072111046659,0.3803695483697398
18,rest,34,68,0.5534882515281884,0.775453519971053,0.37584647161550216,0.3733902255584079,0.5195446171682878
18,rest,35,70,0.8210423207585836,0.57123088400867,0.25720319861155166,0.507410637526167,0.5392217602262431
18,rest,36,72,0.3696205307468205,0.7914427636279384,0.5904159311379756,0.3742705785482327,0.5314374510152418
18,rest,37,74,0.3870656972678852,0.9103336639162802,0.5898406070069715,0.43202540260952044,0.5798163427001644
18,rest,38,76,0.20570837825395696,0.7190915610082914,0.4345157433712616,0.7382293094993639,0.5243862480332184
18,rest,39,78,0.5177065109872286,0.8806169919247554,0.3067674122803111,0.5169158943538827,0.5555017023865445
18,rest,40,80,0.45715429985204786,0.7335118558215792,0.8010343107129095,0.495830502102665,0.6218827421223004
18,rest,41,82,0.5523483508565059,0.8547058542225385,0.19367938379035116,0.4887217046174387,0.5223638233717086
18,rest,42,84,0.4852544645138761,0.5385880693441978,0.5113925195742721,0.3567081175843295,0.47298579275416885
18,rest,43,86,0.9263477712083227,0.2240395304584557,0.5835660820106836,0.2519154782503814,0.4964672154819609
18,rest,44,88,0.9092186474870646,0.32752649512300025,0.446055905205552,0.30562902696659494,0.4971075186955529
18,rest,45,90,0.8265179261304411,0.481337450928118,0.5606759690741666,0.20079315828692879,0.5173311261049136
18,rest,46,92,0.7697884028558547,0.565763497463437,0.6133757675217496,0.2803158081928704,0.5573108690084779
18,rest,47,94,0.36779408274033637,0.5193104848462479,0.290715732451813,0.504169497897335,0.4204974494839331
18,rest,48,96,0.36921989825937407,0.5743025733340572,0.12061973427924587,0.5076167407572549,0.392939736657483
18,rest,49,98,0.8517381841112438,0.5182877523538449,0.60998442289035,0.23933334566659212,0.5548359262555077
18,rest,50,100,0.7077736840452648,0.6344351827073698,0.6190416622465242,0.23578115663123528,0.5492579214075984
18,rest,51,102,0.5511523827810266,0.6000400877722761,0.6872353809489424,0.39709125860827577,0.5588797775276302
18,rest,52,104,0.22940642392466745,0.2695085433944412,0.2385329472879831,0.5802062560931597,0.32941354267506284
18,rest,53,106,0.24101375089827173,0.4498141668709898,0.40831679642824426,0.6315908813156966,0.4326838988783006
18,rest,54,108,0.3861792785697822,0.3245664456858617,0.46722930768211873,0.344116871017975,0.3805229757389344
18,rest,55,110,0.6626934145240585,0.4040292544443459,0.2847449170958666,0.26549865058965305,0.404241559163481
18,rest,56,112,0.7911280064801752,0.13913216605537684,0.3790661613256549,0.3045472130727835,0.4034683867334976
18,rest,57,114,0.4354798603914391,0.34290124652636134,0.5279066751444931,0.8061949422222506,0.528120681071136
18,rest,58,116,0.8585315476638942,0.5444458875148346,0.7722958229758854,0.23869064031677134,0.6034909746178463
18,rest,59,118,0.814376333658329,0.29730174146893046,0.5062715196019036,0.20839014594619107,0.4565849351688385
18,rest,60,120,0.4359159741392505,0.5122941541419197,0.3019604888147964,0.5807780876632614,0.457737176189807
18,rest,61,122,0.3791461287319582,0.48770584585808024,0.798814556785176,0.5942962425287578,0.5649906934759931
18,rest,62,124,0.5272942613925152,0.5818633438320506,0.9524615492389424,0.5061563758512967,0.6419438825787012
18,rest,63,126,0.27480097671360737,0.901037550454961,0.7582159533457807,0.36991744530407933,0.5759929814546072
18,rest,64,128,0.3143912255307206,0.7959377876970247,0.4407756247109847,0.6911530312979768,0.5605644173091766
18,rest,65,130,0.32404004100474726,0.6463816064249727,0.7867235659481735,0.34451755954467667,0.5254156932306425
18,rest,66,132,0.7362430838394719,0.17987374538481482,0.1699606693308812,0.15825132326924016,0.31108220545610205
18,rest,67,134,0.6896647683770919,0.28786879730457005,0.42924153452573666,0.7901887744135544,0.5492409686552382
18,rest,68,136,0.6517897357239509,0.22460330730481837,0.5252856217370798,0.5227074057884054,0.4810965176385636
18,rest,69,138,0.7653962336544486,0.6597052811471308,0.6207982234266705,0.45578642591317897,0.6254215410353572
18,rest,70,140,0.7557130003910626,0.950101814795661,0.8299804928253092,0.6622114000651594,0.7995016770192981
18,rest,71,142,0.8131343006998942,0.9247013675491295,0.1775661808425884,0.23428647672895403,0.5374220814551415
18,rest,72,144,0.5783211317618773,0.8019444372618296,0.4326375938378258,0.6628044419615052,0.6189269012057594
18,rest,73,146,0.2253374535442995,0.6652993166391368,0.19283520461804826,0.7064334059500257,0.44747634518787754
18,high,0,0,0.4891999086117143,0.7529511239669865,0.2516376981122682,0.8268826733461989,0.580167851009292
18,high,1,2,0.8346211611511616,0.5947523062918438,0.3946064831022894,0.7777435608564337,0.6504308778504322
18,high,2,4,0.13856334577954735,0.8535723778827078,0.6169410239255544,0.9780630367236218,0.6467849460778579
18,high,3,6,0.03696856093373368,0.9325444347941386,0.3329875363193958,0.9717552029209241,0.568563933742048
18,high,4,8,0.381073546366436,0.896967841242514,0.3858587913977476,0.5544541822091765,0.5545885903039686
18,high,5,10,0.11965092785534796,0.736614468201361,0.39079944001133393,0.70861167623409,0.48891912807553317
18,high,6,12,0.03848363153408448,0.6433789776345774,0.19865594108185314,0.9095467065828067,0.44751631420833043
18,high,7,14,0.1948645883895138,0.9541135446458158,0.37117212264848826,0.9263512188714971,0.6116253686388287
18,high,8,16,0.7388859389428016,0.9482175256676912,0.5025753096420095,0.38536525483421585,0.6437610072716795
18,high,9,18,0.16312836356060317,0.8099452464248358,0.605063193616858,0.8890472615730313,0.6167960162938321
18,high,10,20,0.2877601446181549,0.8003896159436246,0.3134270109400172,0.9281191252735952,0.582423974193848
18,high,11,22,0.2585767876974393,0.8494050122842202,0.23125760250414884,0.9570020207099176,0.5740603557989314
18,high,12,24,0.12009412336686978,0.8764452907240692,0.40997742765964973,0.5970511173507151,0.5008919897753259
18,high,13,26,0.19027751280000263,0.8550260641624741,0.20311160212928667,0.6977528429513816,0.4865420055107863
18,high,14,28,0.16240547201549818,0.7120065930883991,0.32627323332667146,0.6424050120023144,0.46077257760822077
18,high,15,30,0.3838957002226307,0.5092061052273223,0.4490086100173256,0.40509181488924306,0.43680055758913044
18,high,16,32,0.24360748993629214,0.4863915665869173,0.5019530280947216,0.5687687558252019,0.45018021011078324
18,high,17,34,0.16507654935428437,0.6933822326418747,0.5704060588414777,0.5868471832973488,0.5039280060337463
18,high,18,36,0.30387737960423344,0.585516634920277,0.2691439682772292,0.4666769100737093,0.4063037232188622
18,high,19,38,0.09283084258738658,0.7921747335238994,0.23182728036676173,0.7215141108972288,0.4595867418438192
18,high,20,40,0.07709062359337332,0.8653904844530558,0.28773334296970765,0.8820838830254067,0.5280745835103858
18,high,21,42,0.16680018888067513,0.8423453709596921,0.6328227452066115,0.5445101150646325,0.5466196050279029
18,high,22,44,0.17455803852456017,0.7355273453115075,0.8806636401991351,0.616664170316191,0.6018532985878484
18,high,23,46,0.28692468393289655,0.8195229098093305,0.47681790365887683,0.5980093273891762,0.5453187061975701
18,high,24,48,0.3846592578584914,0.955896929969193,0.789392368729308,0.6882843043088511,0.7045582152164609
18,high,25,50,0.10454001537392996,0.8153254865546176,0.4144119416819093,0.759834096375719,0.523527884996544
18,high,26,52,0.06052344896318724,0.7311352837708813,0.6762970560397132,0.8437523922034293,0.5779270452443028
18,high,27,54,0.058280733041938856,0.789257377320068,0.5313884114878322,0.8271399337041563,0.5515166138884988
18,high,28,56,0.18520349936756605,0.8402388306274584,0.5056167748295741,0.8541630082600936,0.596305528271173
18,high,29,58,0.06447833261466043,0.7995560428186572,0.34767117859571667,0.894062796189096,0.5264420875545326
18,high,30,60,0.09592605032414125,0.8158166765414758,0.3265845846689402,0.8211759602964037,0.5148758179577402
18,high,31,62,0.2664259059193469,0.7108768613559372,0.2105124107848146,0.8244177127751411,0.50305822270881
18,high,32,64,0.2035248779293837,0.7312884126625432,0.5740592521675711,0.8100250091356876,0.5797243879737964
18,high,33,66,0.2774983863389313,0.8571071081712892,0.3552653185090182,0.8840819577337268,0.5934881926882414
18,high,34,68,0.15734379534888485,0.8988684839925678,0.3008815334923798,0.9510008360127181,0.5770236622116376
18,high,35,70,0.09197164313030824,0.9569778216420997,0.16892500863571688,0.9183889286270324,0.5340658505087892
18,high,36,72,0.18962976049039892,0.9651892949146046,0.7552317635972001,0.7298975154260744,0.6599870836070695
18,high,37,74,0.09263953198275582,0.8253546548127023,0.22193045647930612,0.8858950759780398,0.5064549298132011
18,high,38,76,0.0877241533043562,0.406424857953947,0.5862116299483145,0.7253792177537538,0.4514349647400929
18,high,39,78,0.1804955132965736,0.5151610900519971,0.4057738365172488,0.5457574266048211,0.41179696661766013
18,high,40,80,0.1123456787180375,0.6583235196643005,0.37365185974826254,0.8275761115759824,0.4929742924266457
18,high,41,82,0.2404042639848413,0.5793174115990236,0.3621973783250842,0.5114870437451645,0.4233515244135284
18,high,42,84,0.23797361754282403,0.7947461927106768,0.36484984773984974,0.7508316325802761,0.5371003226434067
18,high,43,86,0.044962227552984034,0.8417142068044463,0.6574237234758324,0.8839262918094274,0.6070066124106726
18,high,44,88,0.05980579451227368,0.9323864182913492,0.5209332189718633,0.7358732223753837,0.5622496635377174
18,high,45,90,0.4074879916293617,0.8760231304489656,0.3053969148849404,0.6960145691248115,0.5712306515220198
18,high,46,92,0.09275985603919941,0.7675372350859777,0.31080857469580886,0.9277417343014925,0.5247118500306196
18,high,47,94,0.0698755313629899,0.6888080713547046,0.29192724121970715,0.8497274000207536,0.4750845609895388
18,high,48,96,0.4351433032204378,0.7358429410745512,0.5734701378922723,0.7550844969434595,0.6248852197826802
18,high,49,98,0.13251010520628204,0.7582860843902606,0.36781376683585115,0.7283515969435458,0.49674038834398493
18,high,50,100,0.2497093078781576,0.9694898067354176,0.5387648852170378,0.6593701812347955,0.6043335452663522
18,high,51,102,0.20895229871521032,0.928022961874036,0.2686953060848666,0.5703708194331377,0.49401034652681264
18,high,52,104,0.13372343173615478,0.5396169205457539,0.6545020902456241,0.7318409549199968,0.5149208493618824
18,high,53,106,0.048486704472190355,0.6410331974958178,0.5308130983705951,0.9469329070577046,0.541816476849077
18,high,54,108,0.1534524667286437,0.9026231820489247,0.26932920783991743,0.7351567901557229,0.5151404116933022
18,high,55,110,0.13792414364979338,0.7656146226668571,0.36395245290086226,0.8546269544693138,0.5305295434217067
18,high,56,112,0.6388323844753576,0.8027164574689959,0.4255427129032085,0.6116007704514991,0.6196730813247653
18,high,57,114,0.28690782094785167,0.6371347844947576,0.5112055539440665,0.4702104031467793,0.47636464063336376
18,high,58,116,0.19084694118143986,0.7448593952685945,0.2246938261069458,0.6484549823142999,0.45221378621782005
18,high,59,118,0.24501567477121877,0.8652205540671071,0.2077498986591626,0.7439272021394409,0.5154783324092324
18,high,60,120,0.37700714003096136,0.8366515057830278,0.5039737813011458,0.36359740366254667,0.5203074576944204
18,high,61,122,0.26014640058338073,0.9008410145846145,0.6721036918948593,0.5301489746319247,0.5908100204236948
18,high,62,124,0.4425618694266194,0.8530492183020381,0.40504594981946906,0.5624127939799086,0.5657674578820088
18,high,63,126,0.17167893206542545,0.6832711145484149,0.21392280853513154,0.6301573959597178,0.4247575627771724
18,high,64,128,0.1590621969775512,0.31824376521772624,0.18672028565737864,0.7115279576616834,0.3438885513785849
18,high,65,130,0.2885992608548018,0.5876260134033805,0.5471662090156959,0.7111509824398452,0.5336356164284308
18,high,66,132,0.37020335373923496,0.7009903888502735,0.7563273831313783,0.4930882301826002,0.5801523389758718
18,high,67,134,0.31621250703442205,0.623608420629221,0.5139014670675996,0.6491452797920614,0.525716918630826
18,high,68,136,0.7108181602839623,0.9418767409455313,0.6507811299461645,0.6267729406478949,0.7325622429558883
18,high,69,138,0.2960863516517869,0.9427543462312347,0.4963902105541486,0.9860638194096603,0.6803236819617076
18,high,70,140,0.09873741685547165,0.7002646178912081,0.1843915325884686,0.6821985164090589,0.4163980209360518
18,high,71,142,0.06714246824524027,0.401052325144476,0.4547941296434905,0.505299199654627,0.3570720306719584
18,high,72,144,0.027492017662082476,0.4036586213690377,0.5320775053788068,0.9860072890094114,0.4873088583548346
18,high,73,146,0.016702887849433537,0.5914020190160264,0.6974525088534965,0.989045919139106,0.5736508337145156
19,rest,0,0,0.22314781870099354,0.8309210064057494,0.7107552294311117,0.2262415182513846,0.4977663931973098
19,rest,1,2,0.4347216842008782,0.6104508525802864,0.25357360651867084,0.40989219926877196,0.42715958564215184
19,rest,2,4,0.625774980844689,0.46597584305579093,0.20265346833319633,0.43400737740390705,0.4321029174093958
19,rest,3,6,0.8169076310739112,0.5535531237051916,0.32986700320136636,0.34630607598877516,0.5116584584923111
19,rest,4,8,0.5216858011516171,0.5813865532828137,0.5297798772440103,0.3828956619598361,0.5039369734095693
19,rest,5,10,0.8169484169409338,0.6117117677052352,0.3721073499099418,0.36670831694616474,0.5418689628755688
19,rest,6,12,0.5703056434076793,0.6194530064303255,0.8707881682538439,0.3594337235142244,0.6049951354015184
19,rest,7,14,0.4783163705615981,0.4484155692365301,0.8544376268794794,0.5541707669658049,0.5838350834108532
19,rest,8,16,0.4705678184571156,0.37956134408597414,0.17755858216453382,0.662240201874264,0.4224819866454719
19,rest,9,18,0.33964559622473134,0.43515863207664734,0.04444968337336149,0.6125995152739406,0.3579633567371702
19,rest,10,20,0.572942467538817,0.3868872912592087,0.15412235085300235,0.6423410053764489,0.4390732787568692
19,rest,11,22,0.5996049289070219,0.4785518397742145,0.1750229524598725,0.4059708510225962,0.4147876430409263
19,rest,12,24,0.5820468133703266,0.5619224637268716,0.46765423091581476,0.27487500160628353,0.47162462740482414
19,rest,13,26,0.6615563952551,0.7434346034416353,0.815750034632427,0.6059587665611453,0.706674949972577
19,rest,14,28,0.26233981132976114,0.6274030908196905,0.2506643904803504,0.6524115670052852,0.4482047149087718
19,rest,15,30,0.4445231324131132,0.3282196263160168,0.43299563812963193,0.8198912219362846,0.5064074046987617
19,rest,16,32,0.39988079483514843,0.4176257529087294,0.4785741850125564,0.5454638218302343,0.46038613864666716
19,rest,17,34,0.29047969672268975,0.3789142447616906,0.7720691892029042,0.49331983864680545,0.4836957423335225
19,rest,18,36,0.5822999879081119,0.33882944161033995,0.8449952305507458,0.5669573453722531,0.5832705013603626
19,rest,19,38,0.6289383275835311,0.362047779493213,0.6027942954239102,0.43592946166442165,0.507427466041269
19,rest,20,40,0.3736463409829911,0.32512919812740765,0.4898966082646344,0.5913106528310814,0.4449957000515286
19,rest,21,42,0.9104261988375506,0.41594941236129945,0.32506555186102226,0.7666775476670928,0.6045296776817413
19,rest,22,44,0.8822271511454168,0.3866749909624036,0.3613018671693943,0.9393225211134332,0.6423816325976619
19,rest,23,46,0.3613711703102466,0.4687167331600095,0.6245465218145435,0.8877010772700307,0.5855838756387076
19,rest,24,48,0.139044900662425,0.3199742941845031,0.7075079167284333,0.7697603563071751,0.4840718669706341
19,rest,25,50,0.11220461655060365,0.4759639172363067,0.603135178711952,0.9070846268912515,0.5245970848475284
19,rest,26,52,0.6820607220857426,0.6638428163915021,0.5268535060701431,0.42201643412386486,0.5736933696678133
19,rest,27,54,0.6639094729965812,0.44224449134919874,0.7833249488855967,0.4389808192016161,0.5821149331082482
19,rest,28,56,0.6156018634062351,0.3031931419767097,0.28985969974676823,0.576914470994468,0.44639229403104524
19,rest,29,58,0.7724225249209408,0.2939730884942718,0.3456256658721657,0.6819582844347043,0.5234948909305206
19,rest,30,60,0.6994468625370758,0.30244401530667103,0.6523360859928697,0.6627756637661402,0.5792506569006892
19,rest,31,62,0.5275969858038099,0.29967032277128286,0.5090604505581401,0.5066801613531946,0.4607519801216069
19,rest,32,64,0.4105764582026532,0.4341036492824371,0.33681229161651166,0.3506267706352218,0.38302979243420593
19,rest,33,66,0.37937750710983353,0.6591276450112971,0.2943047077229502,0.598582648326227,0.48284812704257696
19,rest,34,68,0.3235217563825543,0.6786740798332351,0.5678923595358856,0.8180207985020882,0.5970272485634408
19,rest,35,70,0.3143493010233736,0.3958957008389483,0.7761181314348885,0.7270389830530615,0.553350529087568
19,rest,36,72,0.5216836294384019,0.5766678153929665,0.38431967102328646,0.4430617186810025,0.48143320863391426
19,rest,37,74,0.28185303784977317,0.4871833145271149,0.5964482948740176,0.44006401863870026,0.4513871664724015
19,rest,38,76,0.12316593962150583,0.37603994707831945,0.5776086458310702,0.684296332211202,0.44027771618552436
19,rest,39,78,0.6998592782842913,0.5836921756228542,0.17783271871864456,0.32018827783314474,0.4453931126147337
19,rest,40,80,0.38260738323219395,0.4275656154650988,0.423964698390089,0.5462070588610174,0.44508618898709973
19,rest,41,82,0.27693967680460746,0.26147709322974944,0.6002993932512043,0.7758060587249472,0.4786305555026271
19,rest,42,84,0.6531035945090661,0.2875604153923684,0.6346652561125093,0.4288879884612143,0.5010543136187895
19,rest,43,86,0.5373865139539316,0.30892512804073274,0.9050773026767329,0.8737182066595308,0.656276787832732
19,rest,44,88,0.528448535087124,0.5001922385278098,0.3921556008187457,0.8788972865776327,0.574923415252828
19,rest,45,90,0.31884715709744366,0.31853279241539173,0.3381724108183093,0.6834787847589486,0.41475778627252335
19,rest,46,92,0.5906027477700705,0.3155838123383047,0.9215143174150288,0.8396964078780015,0.6668493213503514
19,rest,47,94,0.1919724425091635,0.2810053274348731,0.4030504385352055,0.843613257873979,0.4299103665883053
19,rest,48,96,0.7113915744185011,0.33148533685441267,0.31208474824691346,0.3589409246758843,0.42847564604892785
19,rest,49,98,0.4521152036932569,0.4532666941974676,0.5780523825746011,0.6119196173776873,0.5238384744607532
19,rest,50,100,0.3706012658449764,0.3301013132762526,0.49621619880068285,0.939851782191386,0.5341926400283245
19,rest,51,102,0.7885788668134047,0.5063608604143206,0.43162639464770775,0.8514050004718161,0.6444927805868124
19,rest,52,104,0.9252159910431557,0.7413202487333344,0.6199985198822511,0.47736762729068544,0.6909755967373565
19,rest,53,106,0.852189095166534,0.6997759740063918,0.28454179951505165,0.315022151925491,0.5378822551533671
19,rest,54,108,0.5565903841059119,0.701366851753981,0.5039423186223416,0.3259191816696453,0.52195468403797
19,rest,55,110,0.3367346760220152,0.5209752637853818,0.7809243099742033,0.4331577151655095,0.5179479912367775
19,rest,56,112,0.0024726231566347743,0.9929025615541683,0.9679298260828965,0.141520900449582,0.5262064778108204
19,rest,57,114,0.045410327369261934,0.9736209019625512,0.9975273768433653,0.14211859370288094,0.5396692999695148
19,rest,58,116,0.04927799745552142,0.9722466226759082,0.9975273768433653,0.1441685978186209,0.5408051486983539
19,rest,59,118,0.15358775951313464,0.7948661960310885,0.5210431775341202,0.15319528599965856,0.4056731047695005
19,rest,60,120,0.6274283057376382,0.6501151883948952,0.43867653250879163,0.17206436939308614,0.4720710990086028
19,rest,61,122,0.8510695761593121,0.49980776147219014,0.21475077993705688,0.9166689036891433,0.6205742553144256
19,rest,62,124,0.6617498111983376,0.9688143266531732,0.2115014086144087,0.5093369773185072,0.5878506309461067
19,rest,63,126,0.7378102930933753,0.9384886830024979,0.23086117073763415,0.48154807559032753,0.5971770556059587
19,rest,64,128,0.4078233057590092,0.8055584835632715,0.4752162345557025,0.35682060718347225,0.5113546577653638
19,rest,65,130,0.43082773600785457,0.8145928291129454,0.5037838011993172,0.3349388567541261,0.5210358057685608
19,rest,66,132,0.06832706084222293,0.903311014307225,0.8224469512929121,0.19873956620855604,0.49820614816272907
19,rest,67,134,0.03647589637678474,0.9420208591415562,0.47097082983743227,0.18087637252841834,0.4075859894710479
19,rest,68,136,0.1919114921126239,0.9358395785917653,0.9364256135840714,0.3106609542265321,0.5937094096287481
19,rest,69,138,0.44592925207933093,0.7019312335273975,0.5444867355215315,0.5802491805332407,0.5681491004153751
19,rest,70,140,0.6935072270461498,0.6343342570687822,0.43083445771290035,0.634792264148572,0.5983670514941011
19,rest,71,142,0.7772764727647137,0.8965188701545378,0.5431399131008517,0.17088456162189178,0.5969549544104987
19,rest,72,144,0.5663237746458282,0.9541798605670219,0.168362868013766,0.26400844700302917,0.4882187375574113
19,rest,73,146,0.43627095036528396,0.9882813274739124,0.8752996835570366,0.2065089145991278,0.6265902189988403
19,high,0,0,0.6042175688342897,0.8719782278052296,0.7744555001131612,0.7570436005897349,0.7519237243356038
19,high,1,2,0.05567505561878569,0.906521457000872,0.9771436735163836,0.9975273768433653,0.7342168907448516
19,high,2,4,0.2536800187575873,0.8601684799355213,0.5289381696450067,0.9749668353153217,0.6544383759133592
19,high,3,6,0.610149588931551,0.7905032425534694,0.2105794307503198,0.3286815714687488,0.4849784584260222
19,high,4,8,0.936834495121875,0.8628071612500605,0.49288655111215074,0.8629701286598678,0.7888745840359885
19,high,5,10,0.7372495705021128,0.8858981808356429,0.4924075788493675,0.9725806350444063,0.7720339913078823
19,high,6,12,0.31293360585347224,0.8850689515157114,0.44975438784516497,0.8794070417681847,0.6317909967456334
19,high,7,14,0.5206434726372413,0.8237328449485399,0.3013549415540249,0.6166445343923794,0.5655939483830463
19,high,8,16,0.4200645835783635,0.874855959624889,0.5501667053422836,0.5482322020153338,0.5983298626402175
19,high,9,18,0.6068437744681213,0.8181637334716273,0.757883033734176,0.8679825080073129,0.7627182624203095
19,high,10,20,0.6000764992660549,0.8022362472590163,0.6654168812223082,0.2863411203522032,0.5885176870248956
19,high,11,22,0.7670890215835277,0.845313148265194,0.8167245503465568,0.7455575146984983,0.7936710587234442
19,high,12,24,0.26534203059346834,0.7821874633269634,0.35686866503343595,0.9975273768433653,0.6004813839493083
19,high,13,26,0.1392742354520914,0.781319353245067,0.4576533671399659,0.9853492966870362,0.5908990631310401
19,high,14,28,0.049517696955014415,0.7203997200777479,0.29672728819613897,0.9206126322190163,0.4968143343619794
19,high,15,30,0.39201420465362846,0.7810982198722416,0.6342446838534743,0.6264930319640063,0.6084625350858377
19,high,16,32,0.18944778260308945,0.7310489990867433,0.821833883177901,0.7900617074348505,0.633098093075646
19,high,17,34,0.16774965892685675,0.7969939705060635,0.28482306339287555,0.9851696685707698,0.5586840903491415
19,high,18,36,0.4136519643935277,0.875857404823074,0.34693535934243624,0.8784113302680165,0.6287140147067636
19,high,19,38,0.8803245566926079,0.7113435702312857,0.5350155909023374,0.5170985728418588,0.6609455726670224
19,high,20,40,0.5783256201116855,0.775128460993169,0.2868935229814393,0.8674391340603026,0.6269466845366491
19,high,21,42,0.33268372894244325,0.9055861501664334,0.2507722268287108,0.9846567179244078,0.6184247059654988
19,high,22,44,0.6002191544503269,0.7869503773711557,0.05227326478645888,0.6258116664571395,0.5163136157662702
19,high,23,46,0.7008141002537833,0.766141365024235,0.2509635154512699,0.5904235132674104,0.5770856234991747
19,high,24,48,0.6127886699541233,0.8500251836274361,0.31572683387368866,0.9012784549799118,0.66995478560879
19,high,25,50,0.5046702901531148,0.8672130931733749,0.5892191037902129,0.7737871913543874,0.6837224196177725
19,high,26,52,0.22795667778354328,0.8751896146393822,0.36581006558999385,0.8993054461260062,0.5920654510347314
19,high,27,54,0.5373868391451512,0.7882176869500092,0.6402783916366639,0.7199239167818304,0.6714517086284136
19,high,28,56,0.42072710267533275,0.8072734827757033,0.6281357556227701,0.4834163634936969,0.5848881761418758
19,high,29,58,0.1616959120504747,0.7975721566396917,0.3014949038681957,0.9462744556616989,0.5517593570550152
19,high,30,60,0.5144233065216653,0.8007924578371736,0.5401088197009293,0.32849159159509705,0.5459540439137163
19,high,31,62,0.8051791800168132,0.8510515587481029,0.10977874066077074,0.3024523079396647,0.5171154468413379
19,high,32,64,0.2005872301993544,0.7063258288639539,0.4634702205661283,0.7857831895222618,0.5390416172879247
19,high,33,66,0.2558299286889132,0.83479392084089,0.512850773881347,0.9139458180351955,0.6293551103615864
19,high,34,68,0.2195247916046052,0.7487000102805965,0.5023471497600577,0.9540798301360045,0.606162945445316
19,high,35,70,0.48765023232301297,0.8065897574954645,0.6546368209356661,0.735858166106294,0.6711837442151094
19,high,36,72,0.4608856478425214,0.8847556322445609,0.37873121384884717,0.6265311363377244,0.5877259075684135
19,high,37,74,0.5979334193643288,0.8354192935385916,0.30989613561490237,0.7255883421457823,0.6172092976659013
19,high,38,76,0.24032478426412643,0.874550420010579,0.46410052529071566,0.9451496356136051,0.6310313412947566
19,high,39,78,0.6387768857947432,0.8462753382200884,0.6170545377324123,0.9687651365054321,0.767717974563169
19,high,40,80,0.41474093183453475,0.704267160518276,0.24259642722479594,0.860650733324773,0.5555638132255949
19,high,41,82,0.3787463006952266,0.8088954018083283,0.776067250208177,0.6300792202399585,0.6484470432379226
19,high,42,84,0.08060704225272347,0.8707216737362836,0.7233555833438943,0.8719755314890495,0.6366649577054877
19,high,43,86,0.12614006749471282,0.8271739545197107,0.3382134617043421,0.9728873881934739,0.5661037179780599
19,high,44,88,0.29456159670594556,0.8612428088153353,0.7197021012355215,0.8087626370082043,0.6710672859412516
19,high,45,90,0.7260119893589397,0.7761862554355311,0.2506853432579617,0.5046815166308175,0.5643912761708125
19,high,46,92,0.6798166683223958,0.7426274496883468,0.6480715492722422,0.7329799385817969,0.7008739014661954
19,high,47,94,0.5501771033104869,0.8083189060341509,0.652101828664929,0.9351355515341607,0.7364333473859319
19,high,48,96,0.7062596481573497,0.7690864717658712,0.6881839443904474,0.4216640768782595,0.6462985352979819
19,high,49,98,0.7051202440434754,0.8719317932993482,0.8207721250787017,0.7618235282446421,0.7899119226665418
19,high,50,100,0.549646349900619,0.8861658777315037,0.5173433848586889,0.7012757614331326,0.663607843480986
19,high,51,102,0.8711135498111977,0.8613844820578944,0.6205100444706392,0.6765240596437362,0.7573830339958669
19,high,52,104,0.7609576357821048,0.8175068515652665,0.7064397233820325,0.7563058997686589,0.7603025276245157
19,high,53,106,0.18338573531669647,0.6027793800025714,0.4916305398565293,0.9975273768433653,0.5688307580047907
19,high,54,108,0.08115019953164715,0.7544404300144821,0.2567471266273161,0.9462065402276566,0.5096360741002754
19,high,55,110,0.28735246472644316,0.8142838304699962,0.896146379487383,0.4322864702141472,0.6075172862244924
19,high,56,112,0.7978972789850828,0.7103569267206723,0.45338543804678083,0.7276393826162745,0.6723197565922026
19,high,57,114,0.6197471104705511,0.8701394801949182,0.2508620677952748,0.941457340689176,0.67055149978748
19,high,58,116,0.3227317573129486,0.8558908529400063,0.16913750338914185,0.9157564954029863,0.5658791522612707
19,high,59,118,0.4753276685802515,0.7984068251794862,0.5810821600183341,0.9448659368773692,0.6999206476638602
19,high,60,120,0.7107205216208337,0.8274491958707417,0.4173166709229746,0.7843786839534851,0.6849662680920088
19,high,61,122,0.8035630728700583,0.8379799862415588,0.6679657809963511,0.4545513708362307,0.6910150527360497
19,high,62,124,0.7036260635254261,0.7792292175119099,0.4835136008706727,0.8602608745764107,0.7066574391211048
19,high,63,126,0.8034742031767018,0.744504036989135,0.44493347402150085,0.6357714677729861,0.657170795490081
19,high,64,128,0.6285844898717554,0.7752769284044078,0.7031907520023167,0.9716490394329337,0.7696753024278533
19,high,65,130,0.5206665709613736,0.8368805644856333,0.6878661773927692,0.9793143177071417,0.7561819076367295
19,high,66,132,0.6697753278965565,0.8512537739403349,0.5150933876857763,0.9429841134789471,0.7447766507504037
19,high,67,134,0.7812130307081206,0.8996023539675917,0.4451294389730102,0.8419350650031899,0.7419699721629781
19,high,68,136,0.3973714192629608,0.8008888744323195,0.7160876410329571,0.9496936271805301,0.716010390477192
19,high,69,138,0.5076647008654953,0.8828668716341823,0.5328610956896893,0.9505643949569371,0.718489265786576
19,high,70,140,0.6197478439514693,0.809146656455532,0.3289093977353645,0.9299029387648424,0.6719267092268021
19,high,71,142,0.5513407771331432,0.6909476881011075,0.4820581482881918,0.38954359217116474,0.5284725514234019
19,high,72,144,0.3130842683709622,0.40792884743604185,0.5498382972984632,0.5334466103889526,0.451074505873605
19,high,73,146,0.6261322152213953,0.7168576886646507,0.29669007239070705,0.4045928407296248,0.5110682042515945
20,rest,0,0,0.305145092667682,0.6983484760972561,0.41825351347832534,0.40971852879295967,0.4578664027590558
20,rest,1,2,0.2545386964564677,0.9909614613376454,0.44954761474342475,0.49146901081664657,0.5466291958385461
20,rest,2,4,0.364302734047537,0.1664415614053798,0.4557222937348111,0.4525320743640153,0.3597496658879358
20,rest,3,6,0.44877996586340035,0.5414496782646617,0.6305277824388096,0.8536836654885536,0.6186102730138563
20,rest,4,8,0.5552772664528287,0.7764625663837187,0.5590253523599498,0.4769062667575386,0.591917862988509
20,rest,5,10,0.7210175027381143,0.6863280282350204,0.32361285821048313,0.33175577723406696,0.5156785416044212
20,rest,6,12,0.5686881745512568,0.5198541936066274,0.1420723097161723,0.5936458546218462,0.4560651331239756
20,rest,7,14,0.18350392391540515,0.394217309129761,0.7421787844811646,0.831720972831195,0.5379052475893814
20,rest,8,16,0.5883261083266801,0.494872875326416,0.6010056176297329,0.6294046595746704,0.5784023152143749
20,rest,9,18,0.3794343396444199,0.5698087480739279,0.48064841323762975,0.5779973106856637,0.5019722029104103
20,rest,10,20,0.5701560446285724,0.6884608444524576,0.3476865293828149,0.6454610666961346,0.5629411212899949
20,rest,11,22,0.13143983011557386,0.4989289969806707,0.9244852603849859,0.9544030130607319,0.6273142751354905
20,rest,12,24,0.33561580721820594,0.38505630109063615,0.8551793252023844,0.8091456659279848,0.5962492748598028
20,rest,13,26,0.5686089901788302,0.44998649128512985,0.24114798911369087,0.7798744241553769,0.509904473683257
20,rest,14,28,0.30681540257261125,0.21679839483495442,0.6049831267587519,0.8727013391422042,0.5003245658271305
20,rest,15,30,0.6415522031233405,0.7240346561646054,0.3836764749365598,0.7013306798660122,0.6126485035226295
20,rest,16,32,0.5858109289465031,0.5531206957245229,0.30866988154768327,0.4933827466337202,0.48524606321310737
20,rest,17,34,0.328647451642706,0.48572052798420945,0.7801900436209399,0.4480919939827232,0.5106625043076446
20,rest,18,36,0.04769994098836413,0.3422227962472669,0.6080548929936223,0.7673384832212614,0.44132902836262866
20,rest,19,38,0.3960823912590322,0.8988519897035494,0.7225006229964922,0.5347136843297571,0.6380371720722078
20,rest,20,40,0.5310981644075757,0.8455644710606196,0.7006947003131005,0.46991145131975254,0.6368171967752622
20,rest,21,42,0.8496654981935571,0.6018609371696371,0.6981719168680963,0.46936387058186246,0.6547655557032883
20,rest,22,44,0.7264952696200477,0.3259714105832926,0.8282759165647359,0.5017431459321905,0.5956214356750666
20,rest,23,46,0.5815149143641277,0.38706728680797453,0.34877154685992146,0.43367137265149125,0.43775628017087875
20,rest,24,48,0.9512072542619753,0.6211463179431275,0.8779045150615737,0.2859321872024384,0.6840475686172787
20,rest,25,50,0.8882030900234501,0.8447678366920437,0.49594937327813193,0.4630213946928436,0.6729854236716174
20,rest,26,52,0.6166188680918706,0.12371876973903406,0.3597900905962518,0.36842560523928886,0.36713833341661134
20,rest,27,54,0.6368474475019927,0.22197670792158375,0.7294051951012528,0.5842282139729768,0.5431143911244515
20,rest,28,56,0.40309020178307764,0.654738487683082,0.697717550754293,0.2812389464738422,0.5091962966735737
20,rest,29,58,0.1555540568921724,0.8153106237550217,0.4151806227012585,0.6651268980163855,0.5127930503412095
20,rest,30,60,0.26824469719337324,0.4155297637123393,0.26101967653764613,0.8074616404921445,0.4380639444838758
20,rest,31,62,0.1883457323917002,0.2990549237834676,0.7569997072995883,0.7177928823716548,0.49054831146160277
20,rest,32,64,0.2207657360149116,0.5967310022288903,0.21607838032140134,0.7710211134039557,0.4511490579922897
20,rest,33,66,0.09416183694848616,0.5079413942439074,0.2889929189593329,0.9186956301520951,0.45244794507595537
20,rest,34,68,0.07094857106871996,0.2966200666681787,0.12204922584679972,0.7191961923456455,0.30220351398233597
20,rest,35,70,0.5661371844991242,0.28583405123261,0.7022330525463907,0.2783681152662009,0.45814310088608146
20,rest,36,72,0.5358588583199647,0.24115174157187663,0.5653195459773412,0.522676790128521,0.4662517339994259
20,rest,37,74,0.5441762891931108,0.5031338521576685,0.6601969855295832,0.7267903122290763,0.6085743597773596
20,rest,38,76,0.5529600243618533,0.49920292885278933,0.43499171509548173,0.5920136528403811,0.5197920802876264
20,rest,39,78,0.410357899821932,0.27272076620641245,0.34445799922298115,0.7523415903827043,0.4449695639085075
20,rest,40,80,0.7651800100146652,0.42627975443685984,0.587955838395237,0.43511826440323326,0.5536334668124988
20,rest,41,82,0.5835720058043138,0.7176539963956587,0.8569385292621908,0.34012093621385964,0.6245713669190057
20,rest,42,84,0.8523287242912917,0.7371549690341427,0.7410783186828193,0.173071750218239,0.6259084405566231
20,rest,43,86,0.7359228246828162,0.34637902025176387,0.6857792498289319,0.4061586083087747,0.5435599257680717
20,rest,44,88,0.5000282916624276,0.1294832611449286,0.5222987718648677,0.47829491740657665,0.4075263105197002
20,rest,45,90,0.3123997500942065,0.5556059573830875,0.448422869542634,0.2749268460219846,0.39783885576047817
20,rest,46,92,0.3393733538994696,0.6973489305778783,0.09049563359967518,0.6137905562329425,0.43525211857749135
20,rest,47,94,0.5506288364071904,0.3494703388949829,0.4570257803128271,0.48144501337797596,0.4596424922482441
20,rest,48,96,0.3137071611057518,0.5613160603526244,0.28760780739596536,0.30340175067673203,0.3665081948827684
20,rest,49,98,0.43970606477533497,0.6928277462995514,0.5020543989625222,0.3037340068957628,0.4845805542332929
20,rest,50,100,0.5245339088950373,0.4380589196716512,0.3869681515299089,0.39349425367226687,0.43576380844221607
20,rest,51,102,0.22503547680787447,0.2523851148590243,0.35106307967548095,0.6249376883368805,0.36335533991981506
20,rest,52,104,0.5529031876309396,0.7732508794675658,0.5258208885731991,0.4982568540678095,0.5875579524348784
20,rest,53,106,0.3501575258953899,0.6991158941595649,0.28351221695692413,0.2740382962285046,0.4017059833100959
20,rest,54,108,0.21012471631474064,0.44127603189438186,0.5622120322471121,0.5500955735743867,0.44092708850765533
20,rest,55,110,0.14832499543678299,0.7242968280208314,0.3606931442982896,0.7828501895309885,0.5040412893217231
20,rest,56,112,0.3438642309921025,0.8151479645887743,0.4587816020898411,0.3261192963257314,0.48597827349911227
20,rest,57,114,0.30064801114349143,0.7069758411817029,0.7947102376583088,0.8339995840963971,0.6590834185199751
20,rest,58,116,0.28449692434646845,0.7924943480003352,0.7583916508271884,0.8895554214421021,0.6812345861540235
20,rest,59,118,0.6547467120583577,0.29821917072741166,0.5529008467941932,0.22229086337741738,0.43203939823934495
20,rest,60,120,0.5083753306942831,0.4266839354729216,0.2491500798923048,0.4150232114046034,0.3998081393660282
20,rest,61,122,0.6856167740148752,0.47736397358596155,0.5122099981890994,0.5903582904289059,0.5663872590547105
20,rest,62,124,0.24362574988762475,0.4302014180218541,0.37940867615076096,0.694735297052221,0.43699278527811525
20,rest,63,126,0.09148356450708205,0.6007357874157617,0.6806513536001375,0.7980446054654571,0.5427288277471096
20,rest,64,128,0.44083058739757064,0.7402991476225206,0.10972397650387203,0.7690254498227956,0.5149697903366898
20,rest,65,130,0.6583125066691135,0.40570667638813446,0.20810504215321204,0.35743163968870545,0.4073889662247913
20,rest,66,132,0.4183134860428966,0.6643152208310034,0.25956111020229966,0.5232107042659782,0.46635013033554445
20,rest,67,134,0.7118555336985507,0.23105864882195257,0.5652692874678673,0.15020977185428852,0.4145983104606648
20,rest,68,136,0.8248193352259052,0.4490308472031712,0.7765103233342912,0.22094656363500279,0.5678267673495926
20,rest,69,138,0.9280724580510391,0.5007970711472102,0.335188753062198,0.11437365495471162,0.46960798430378975
20,rest,70,140,0.8862246421728162,0.6071719061791386,0.6065086882736681,0.294706735649598,0.5986529930688052
20,rest,71,142,0.7737951072515046,0.40023309022927356,0.49794560103747776,0.4714560735373585,0.5358574680139037
20,rest,72,144,0.4999717083375725,0.33930401116246045,0.6033349977285337,0.5961527837813477,0.5096908752524786
20,rest,73,146,0.41389289338967405,0.2638252226272956,0.19133605796602135,0.36081012628895365,0.3074660750679862
20,high,0,0,0.009423007652041642,0.12568190489156242,0.28188192872919876,0.9196403065943386,0.33415678696678536
20,high,1,2,0.17691095562958795,0.16952643518414642,0.4985275884684868,0.4064286545934276,0.31284840846891215
20,high,2,4,0.5837152273870254,0.6062171956609957,0.6474414077661771,0.42001844765957336,0.5643480696184429
20,high,3,6,0.04626446774846136,0.18689770987043755,0.7222660174301492,0.19086338503566433,0.2865728950211781
20,high,4,8,0.46774861151670183,0.4357529678595387,0.3666795954935694,0.17723288568486867,0.36185351513866965
20,high,5,10,0.6794088590896913,0.1636127244979319,0.45930957699650793,0.1754603207627889,0.36944787033673
20,high,6,12,0.09710977558646136,0.3011393035049353,0.37156989791470607,0.5547403443172102,0.3311398303308282
20,high,7,14,0.11893483190779074,0.22025349880709516,0.6863506418953662,0.3039721045713089,0.33237776929539026
20,high,8,16,0.2477225731541782,0.5008484571551629,0.5342306654472374,0.1944626351621452,0.369316082729681
20,high,9,18,0.08231936589693611,0.6411596627269108,0.3673961228802742,0.8421634852071597,0.4832596591778202
20,high,10,20,0.48278997424717573,0.265872244251632,0.3050260702531902,0.4464709167538999,0.3750398013764744
20,high,11,22,0.4288333979785263,0.5687213244048561,0.12988689950075832,0.5003759290695639,0.4069543877384262
20,high,12,24,0.47780829943766234,0.27286071849386645,0.2527400544218351,0.15701876631152398,0.2901069596662219
20,high,13,26,0.2869576915976224,0.2318873447075104,0.4260515525416101,0.373780395747547,0.32966924614857246
20,high,14,28,0.5562632874252568,0.32001526868959024,0.15364807130691607,0.2767818332109337,0.3266771151581742
20,high,15,30,0.18992432430329678,0.2250576562897134,0.44524085465911517,0.7009802093355234,0.39030076114691215
20,high,16,32,0.13763373270883492,0.26040423483048264,0.7553146779626224,0.17963020684126563,0.33324571308580136
20,high,17,34,0.7324673197251454,0.5696751880866294,0.45502846231566396,0.3713039526692921,0.5321187306991827
20,high,18,36,0.26125330957368675,0.7376102199522512,0.7299228039065576,0.6207436327872737,0.5873824915549424
20,high,19,38,0.05020595546033585,0.4968632654520397,0.3279006306676973,0.9340976235664928,0.4522668687866414
20,high,20,40,0.08912786876935933,0.3839427336447799,0.5864954688378978,0.6764110504567195,0.4339942804271891
20,high,21,42,0.08722950790629036,0.3678326111141049,0.7276557621993373,0.8745025880623789,0.5143051173205279
20,high,22,44,0.005562714530970472,0.0581933395963528,0.36565561523681894,0.3772359511134435,0.2016619051193964
20,high,23,46,0.00625334800515225,0.12572613555745318,0.40703808520010604,0.5156263802218278,0.26366098724613485
20,high,24,48,0.04610021047796294,0.8688104594060049,0.5989114491951344,0.716441352203399,0.5575658678206253
20,high,25,50,0.11603163508085189,0.8221420609419355,0.2581667767108452,0.7689404092336253,0.49132022049181445
20,high,26,52,0.5765553932644142,0.8588234478619895,0.3790420101725644,0.7778862726428111,0.6480767809854449
20,high,27,54,0.8793116476445576,0.7314563345181202,0.8814907112427016,0.7486356036596364,0.810223574266254
20,high,28,56,0.6384968109398969,0.7423480563163235,0.951997666528008,0.38677378180642963,0.6799040788976645
20,high,29,58,0.1781029707067,0.16067744790087649,0.37387031957119315,0.39748296536263134,0.27753342588535024
20,high,30,60,0.49323424715693176,0.2753840143296342,0.4182747443005588,0.20327736589939113,0.347542592921629
20,high,31,62,0.09322380933370444,0.398469433419412,0.5219979184315827,0.6502322296584765,0.4159808477107939
20,high,32,64,0.7736054254243844,0.7463349601101338,0.42001748727938576,0.3541492171281232,0.5735267724855068
20,high,33,66,0.49718677691658636,0.42421600113423974,0.2362482473986905,0.14164245533232955,0.3248233701954615
20,high,34,68,0.32843910456939435,0.46880512661800633,0.3987997488507803,0.40763791125629706,0.4009204728236195
20,high,35,70,0.04185831599141548,0.8345356017198492,0.5459419956232292,0.9187672228871084,0.5852757840554006
20,high,36,72,0.04200275091633074,0.3870099771025442,0.2902931171441221,0.6797930602107776,0.34977472634344364
20,high,37,74,0.13460138113370565,0.7271920214528964,0.46804581087491925,0.75857354944086,0.5221031907255953
20,high,38,76,0.009685122705110561,0.6651142531893023,0.6745493172168257,0.9784634625788702,0.5819530389225271
20,high,39,78,0.10893418407333026,0.6830062553512453,0.39767803979422195,0.9270463881287984,0.5291662168368989
20,high,40,80,0.17604459901198902,0.10530099697611163,0.6962060135196847,0.5503058664918086,0.3819643689998985
20,high,41,82,0.031255243889787114,0.14925276151154504,0.47107173762623,0.8860430322400228,0.38440569381689627
20,high,42,84,0.30229356918286127,0.15944074549938334,0.3531087590292073,0.2528144886682302,0.2669143905949205
20,high,43,86,0.09868276402389334,0.9441901390604364,0.8872687439849425,0.6445713495288535,0.6436782491495314
20,high,44,88,0.03854741507565914,0.8989177668405767,0.789857654952159,0.964783743388714,0.6730266450642772
20,high,45,90,0.7030843499917455,0.5284253394743182,0.621814654567897,0.23190849200992908,0.5213082090109724
20,high,46,92,0.10698575012659797,0.9045651538245085,0.4350950166730222,0.9582424017937688,0.6012220806044744
20,high,47,94,0.32037638067661617,0.2427983761414161,0.5256853380357301,0.47294696107587875,0.3904517639824103
20,high,48,96,0.682240963773875,0.6874745952942312,0.42772747536750827,0.4404796339692459,0.5594806671012151
20,high,49,98,0.1468781623910667,0.48402514153381343,0.9424861410150593,0.9119939107624395,0.6213458389255948
20,high,50,100,0.049979195220211534,0.36907225488053025,0.8537523836015158,0.8482648429280476,0.5302671691575763
20,high,51,102,0.16792930893253927,0.2775211875921194,0.27626765750213966,0.7224540056452095,0.3610430399180019
20,high,52,104,0.5396610875545353,0.4679452131760169,0.4859289572895729,0.5903669028887144,0.5209755402272098
20,high,53,106,0.2455759523847367,0.32556217509404567,0.3986145026076406,0.9340293413350511,0.4759454928553685
20,high,54,108,0.20416002021875448,0.24371870777572405,0.2679002061402368,0.8396243856281211,0.38885082994070913
20,high,55,110,0.47514240309303785,0.7374151217866804,0.5813683254673909,0.3956692820421951,0.547398783097326
20,high,56,112,0.06641206695667683,0.7158715605241414,0.31455882161990745,0.5068982330844212,0.4009351705462867
20,high,57,114,0.30264258882633216,0.6600903111894334,0.5330795847183842,0.37980698476735086,0.4689048673753752
20,high,58,116,0.085867668199124,0.6544111086688252,0.3368402802520118,0.6887474065312597,0.4414666159128052
20,high,59,118,0.2989894625742293,0.5411189911294053,0.49691432128131774,0.9065251010434158,0.560886969007092
20,high,60,120,0.32631843371594593,0.5971013502897613,0.3801554970895858,0.4589028322546297,0.44061952833748064
20,high,61,122,0.26184422799358137,0.65499433175859,0.5673468685297424,0.9948463615051889,0.6197579474467756
20,high,62,124,0.69260014462158,0.3538428021764129,0.6787790063891118,0.653895117847238,0.5947792677585857
20,high,63,126,0.9382063915838621,0.7059403823487543,0.6405112340070354,0.24211063483635575,0.6316921606940019
20,high,64,128,0.2518465103401028,0.8900841835861529,0.6311870506323237,0.7675971984488255,0.6351787357518512
20,high,65,130,0.18569353477680017,0.9226479789294758,0.6517974622587078,0.5527280360468636,0.5782167530029618
20,high,66,132,0.16813990684237745,0.30010641682367367,0.5337311165506834,0.5812572254040997,0.39580866640520856
20,high,67,134,0.05374013109001045,0.297423459403077,0.4368927006812731,0.6583898609887984,0.3616115380407897
20,high,68,136,0.06649790031439226,0.2077214957393687,0.43936525818198247,0.8830785995098382,0.39916581343639546
20,high,69,138,0.8462942390796827,0.45516167264170165,0.710031928055674,0.22828494232127458,0.5599431955245833
20,high,70,140,0.40169161777025236,0.19941277931520127,0.19234895081731748,0.32666562380959757,0.2800297429280922
20,high,71,142,0.24228188435989637,0.2702764131634631,0.18913905316691174,0.5158816478634325,0.30439474963842594
20,high,72,144,0.07256267797145301,0.2735556957690843,0.2888234685748673,0.7369156461002891,0.3429643721039234
20,high,73,146,0.6365781112033009,0.8191706973865465,0.6364911029357382,0.48028886138404775,0.6431321932274083
21,rest,0,0,0.24588793942350567,0.4101096023764005,0.2296526917577466,0.6596777192852831,0.386331988210734
21,rest,1,2,0.49311464419699574,0.4498737384004478,0.262381805565473,0.6635991439492839,0.4672423330280501
21,rest,2,4,0.5748380929045727,0.5310776489350966,0.2538356098914497,0.47022546483016364,0.45749420414032066
21,rest,3,6,0.665524929572826,0.3064613261346743,0.3466985089207449,0.22345254916084553,0.38553432844727265
21,rest,4,8,0.7098355687665535,0.4383059126466212,0.6608947586759968,0.5368132140444314,0.5864623635334008
21,rest,5,10,0.3112827678745667,0.0745449408918695,0.6666780847841799,0.7734044155315573,0.4564775522705433
21,rest,6,12,0.6600093877839892,0.15064250124774398,0.23845051677343404,0.3166946895788391,0.3414492738460016
21,rest,7,14,0.839082147355596,0.11561145124045721,0.4782751084476947,0.5004576289805149,0.48335658400606574
21,rest,8,16,0.48715643335193204,0.38354883915202637,0.4778214608763649,0.8479169501054916,0.5491109208714537
21,rest,9,18,0.613535183022645,0.34813613197297183,0.433416351338312,0.7115521405030567,0.5266599517092464
21,rest,10,20,0.7233241614024417,0.421705241931467,0.4494852179610111,0.19371547958196944,0.4470575252192224
21,rest,11,22,0.7400995788539568,0.6063042538997393,0.6748124247032472,0.43574930094199577,0.6142413895997348
21,rest,12,24,0.6818671705000484,0.1586321039913985,0.24427776438169307,0.46724530905580103,0.38800558698223525
21,rest,13,26,0.6174768399682838,0.4084720124025828,0.47863064962617696,0.6647848674558406,0.542341092363221
21,rest,14,28,0.6155401691974431,0.34125191326050364,0.4328273883933045,0.4574654539482056,0.4617712311998642
21,rest,15,30,0.3598707402956613,0.3595662824506341,0.6574337724476951,0.7113891704011,0.5220649913987726
21,rest,16,32,0.5385197593095689,0.434578453159976,0.2656295924791016,0.567758616577148,0.45162160538144863
21,rest,17,34,0.645344455849262,0.6671505967412898,0.2966899040001533,0.7582843729579232,0.591867332387157
21,rest,18,36,0.5522340117679947,0.500887050546585,0.8328262584322714,0.68367114240071,0.6424046157868903
21,rest,19,38,0.4336338087326696,0.838308516893422,0.5440858172269706,0.9861177527314755,0.7005364738961344
21,rest,20,40,0.31751127329703,0.8217585696191129,0.5747857603835719,0.9474968863035139,0.6653881224008071
21,rest,21,42,0.7209924983102741,0.6466188320621984,0.4994372067557751,0.4823535783055199,0.5873505288584419
21,rest,22,44,0.7292352181109393,0.65851522072027,0.45706424765577175,0.3357218996066025,0.5451341465233959
21,rest,23,46,0.9149258608833103,0.73175574061585,0.36610282788754955,0.499542371019485,0.6280817001015487
21,rest,24,48,0.7814701975072018,0.49184051626068614,0.7732667199442348,0.9714842271027033,0.7545154152037066
21,rest,25,50,0.685921252245895,0.528368640398813,0.60356573620965,0.842285254577519,0.6650352208579693
21,rest,26,52,0.6595230119414457,0.7174780419539387,0.6015910265489822,0.6782895928640237,0.6642204183270976
21,rest,27,54,0.21154985993152597,0.4929713976300601,0.6217150154299762,0.9933160469465232,0.5798880799845214
21,rest,28,56,0.4573285489224022,0.35162313525969935,0.7611757174601909,0.6135168513886413,0.5459110632577335
21,rest,29,58,0.37712969616082376,0.4891359156198792,0.8665384909825142,0.9055162669112735,0.6595800924186227
21,rest,30,60,0.23503216270880967,0.6506232044296526,0.7954867233794399,0.9847520098135305,0.6664735250828582
21,rest,31,62,0.18031916598530717,0.6644532071217226,0.6980781879501441,0.8920346369356243,0.6087212994981995
21,rest,32,64,0.7539260610311954,0.7317274566339362,0.3491453060917544,0.47179971227165374,0.576649634007135
21,rest,33,66,0.8092443504854107,0.1501024372741493,0.15038317014458613,0.47510609915387314,0.3962090142645048
21,rest,34,68,0.3724891520868429,0.15463327282334302,0.21224089849294342,0.3385849075808004,0.2694870577459825
21,rest,35,70,0.26528523892625877,0.36998777268964206,0.6798827532940425,0.7962762164408677,0.5278579953377027
21,rest,36,72,0.32916554056531455,0.05362004292008513,0.42846003147370254,0.22653091329155947,0.2594441320626654
21,rest,37,74,0.6000759054942028,0.49260170207257914,0.5374489099301064,0.39862526276341,0.5071879450650746
21,rest,38,76,0.7204428946776369,0.38407610364195643,0.7353392800771646,0.16365165176280763,0.5008774825398914
21,rest,39,78,0.827033401352463,0.15975275402806216,0.5950087533439231,0.33457107572246353,0.4790914961117279
21,rest,40,80,0.8589881110054207,0.19945916134243852,0.37498016365071407,0.44952047922372584,0.47073697880557475
21,rest,41,82,0.6807811298406662,0.2546827111802709,0.24913644280662933,0.6160624016019149,0.45016567135737034
21,rest,42,84,0.6625142281681076,0.7147776985688007,0.6541388520806809,0.3691270133841801,0.6001394480504423
21,rest,43,86,0.5700598330473774,0.8084989675763334,0.5523148257821163,0.3588809974531154,0.5724386559647356
21,rest,44,88,0.396634886502112,0.7824404610581823,0.6523857308643877,0.5250952476498176,0.5891390815186249
21,rest,45,90,0.47501933276421165,0.7447880756097907,0.8364891240191334,0.37433849162543137,0.6076587560046417
21,rest,46,92,0.48723053768564323,0.656677129468053,0.694203933945363,0.38307922034617325,0.5552977053613082
21,rest,47,94,0.27702698020531924,0.6164056277526344,0.45042708410856436,0.9145023319498383,0.5645905060040891
21,rest,48,96,0.25660786928137347,0.5100386564869623,0.8674706643277853,0.8598317115342311,0.623487225407588
21,rest,49,98,0.5068853558030042,0.9022575333215783,0.6949307573480699,0.6375028048086668,0.6853941128203298
21,rest,50,100,0.7402293707548394,0.8938764235583354,0.22397034951985081,0.3407751911817426,0.5497128337536921
21,rest,51,102,0.6306005833741637,0.7606480635699757,0.335882563027417,0.49693719831049465,0.5560171020705127
21,rest,52,104,0.4653944814597577,0.44053680580152166,0.6028749194081567,0.5779283510791382,0.5216836394371436
21,rest,53,106,0.32325886424584394,0.6638776876092325,0.4356212598646891,0.25136176966022145,0.41852989534499674
21,rest,54,108,0.3408836046574604,0.8741491197230022,0.2858907326073812,0.40177710450467935,0.4756751403731308
21,rest,55,110,0.15402736565354763,0.5450063183263462,0.44790733086725376,0.726051511842749,0.46824813167247414
21,rest,56,112,0.2548651235600461,0.33886445032459916,0.26596479841721965,0.6701871255213186,0.3824703744557959
21,rest,57,114,0.47278694595302095,0.42632375559483643,0.49602560146964525,0.7229924688308592,0.5295321929620904
21,rest,58,116,0.3385168027228003,0.5571374986471616,0.3538165459525127,0.43222754512926786,0.4204245981129356
21,rest,59,118,0.33749825838928377,0.8405717673400319,0.6705284375381084,0.46202563066879626,0.5776560234840551
21,rest,60,120,0.35656661458157224,0.6401410008696969,0.5005627932442249,0.19492138956003147,0.4230479495638814
21,rest,61,122,0.663478389209454,0.13765887940053853,0.7191739698095787,0.37723012510428094,0.474385340880963
21,rest,62,124,0.32345216393159615,0.1297186535357407,0.5415775246049215,0.6682775630685901,0.41575647628521206
21,rest,63,126,0.41092345904572947,0.499112949453415,0.6839428384568046,0.8323854410529299,0.6065911720022197
21,rest,64,128,0.4893900218387914,0.7035966350735978,0.695220156051237,0.4558712795085921,0.5860195231180546
21,rest,65,130,0.5726016788718854,0.5421164554541648,0.7714322828346823,0.39148038623415987,0.569407700848723
21,rest,66,132,0.6195826365826929,0.32219669896313424,0.7070402317490802,0.3723139292571625,0.5052833741380174
21,rest,67,134,0.3264653133314483,0.2915488413583528,0.09508442020597577,0.4801492417582612,0.2983119541635095
21,rest,68,136,0.6462233513871414,0.7141048707516826,0.3433159415673947,0.26015539958762623,0.49094989082346124
21,rest,69,138,0.4828310420688172,0.750242038792078,0.6156328356902431,0.907328119608555,0.6890085090399234
21,rest,70,140,0.5118082484662942,0.31457208515778895,0.37828719332121474,0.5512618812206174,0.4389823520414788
21,rest,71,142,0.281689888109277,0.533731999567864,0.6736527391410233,0.664784017649793,0.5384646611169893
21,rest,72,144,0.2838933428827352,0.5719031635686529,0.16488721816587942,0.39099938372153215,0.35292077708469993
21,rest,73,146,0.3972245905141804,0.7735508633043733,0.47421527376431366,0.38247566349314627,0.5068665977690034
21,high,0,0,0.0024726231566347743,0.9940814831645478,0.46382246547707995,0.15637851716532689,0.4041887722408974
21,high,1,2,0.0062043124583955655,0.9954268917573289,0.48692903094937384,0.18823440716588025,0.4191986605827447
21,high,2,4,0.7670641053351611,0.16744597751956405,0.5340780991257286,0.639979445155214,0.5271419067839169
21,high,3,6,0.045468026829240255,0.9218861488221302,0.5196698552279024,0.5945812112947241,0.5204013105434993
21,high,4,8,0.0072852908534285325,0.9297572987587897,0.385453204546403,0.1446181506168075,0.3667784861938572
21,high,5,10,0.08250771921105679,0.7054492067850927,0.2681550336644116,0.6685417958595191,0.43116343888002007
21,high,6,12,0.17137925776741025,0.26178257809791505,0.6654038795231808,0.9789316339664413,0.5193743373387368
21,high,7,14,0.13390612067373636,0.9399973021860373,0.6240277422391486,0.9975273768433653,0.6738646354855719
21,high,8,16,0.0962912333048277,0.9560933473521968,0.8170588456767381,0.9975273768433653,0.7167427007942819
21,high,9,18,0.22055902115319395,0.8419765250928227,0.707297497158438,0.2773539046723254,0.511796737019195
21,high,10,20,0.5781426783624384,0.6659137907983352,0.8419681284773521,0.2357675466020406,0.5804480360600416
21,high,11,22,0.8736384465117144,0.24854444628084843,0.31611812810837,0.2511066856189463,0.4223519266299698
21,high,12,24,0.01985505042182107,0.8293434680412654,0.5618900430435648,0.2599999295567269,0.4177721227658445
21,high,13,26,0.04158399925521185,0.9214031643935034,0.6276632010635507,0.3031929622377726,0.47346083173750964
21,high,14,28,0.4211846675470164,0.11048427102179413,0.5724717637707968,0.606953809028661,0.4277736278420671
21,high,15,30,0.36354908192182767,0.07048943835371889,0.3178092955477351,0.4483004334356029,0.30003706231472116
21,high,16,32,0.5418536145636837,0.10712805090816091,0.3421179054062935,0.8128285829143072,0.45098203844811136
21,high,17,34,0.42675634454375444,0.10819253555325756,0.48154038809923433,0.5663643791990838,0.3957134118488325
21,high,18,36,0.20053018409840007,0.12369481846326252,0.611019389274582,0.6012688942166026,0.38412832151321175
21,high,19,38,0.21184731438153084,0.14224316695638706,0.5660155440965152,0.6322641470943201,0.38809254313218833
21,high,20,40,0.3734857121245884,0.08326688297291902,0.3134704899995436,0.7874225888914914,0.3894114184971356
21,high,21,42,0.3518898124440482,0.480881775346025,0.520163047035123,0.9975273768433653,0.5876155029171404
21,high,22,44,0.2440841669850813,0.4816671307321451,0.36333503362019326,0.9136860596870056,0.5006930977561064
21,high,23,46,0.3522426931254584,0.7426473628788236,0.40716053315849793,0.4025970039615817,0.47616189828109046
21,high,24,48,0.4156521241564835,0.35812659927001383,0.6546199969702056,0.38485542753741503,0.45331353698352944
21,high,25,50,0.5392453851837424,0.27686576969863225,0.34807301435433996,0.2994862003419273,0.3659175923946605
21,high,26,52,0.5834855985541196,0.16278769424225858,0.3394640299723449,0.869335201744452,0.4887681311282938
21,high,27,54,0.10291952285752039,0.27364047557552496,0.39900843957447824,0.551322985526831,0.33172285588358863
21,high,28,56,0.07429223724139364,0.17023072139433656,0.7807741418038189,0.8252550947105394,0.4626380487875221
21,high,29,58,0.4573287728013103,0.16773050115225463,0.41854949387748175,0.3063713350120686,0.33749502571077883
21,high,30,60,0.3495463852085786,0.4479973710305139,0.25721886037830455,0.9417823069202692,0.4991362308844166
21,high,31,62,0.4406072971638888,0.5385048504260894,0.45792707226537027,0.624098733745774,0.5152844884002806
21,high,32,64,0.14094164324277164,0.7527261988550681,0.6320856499151091,0.991792167657426,0.6293864149175936
21,high,33,66,0.634610049296638,0.24723474783681496,0.5445753027417337,0.9339574683603998,0.5900943920588966
21,high,34,68,0.6104149900512434,0.23504008548741648,0.7722480612286634,0.5253860686697177,0.5357723013592602
21,high,35,70,0.16134466664777847,0.3319341381936717,0.6792073704526449,0.7585770015406542,0.48276579420868726
21,high,36,72,0.15313617706017563,0.1362518873169633,0.6343479572958773,0.7120625024459751,0.40894963102974785
21,high,37,74,0.20732453884935936,0.15952874962906094,0.659572974604247,0.19456817907112026,0.3052486105384469
21,high,38,76,0.10219824624077457,0.15951317194929313,0.45559837090139554,0.49912469927322145,0.3041086220911712
21,high,39,78,0.25878953715041897,0.31171233206968435,0.6084138007273618,0.38118303134672205,0.3900246753235468
21,high,40,80,0.12225066586446202,0.14288870005677798,0.23416032033231618,0.6891399293042301,0.2971099038894466
21,high,41,82,0.21922627918875978,0.1507798506485087,0.5936582514975067,0.4045038094052302,0.34204204768500135
21,high,42,84,0.21264022510170516,0.1737010388857914,0.2883110982683494,0.5934458382552794,0.31702455012778136
21,high,43,86,0.12718155223398955,0.08061391280267577,0.5833710131458031,0.4468622489063659,0.3095071817722086
21,high,44,88,0.2765944412649835,0.22863815264433437,0.552713211327824,0.38318670582733144,0.36028312776611837
21,high,45,90,0.29783109118662043,0.10320529107235522,0.47378535980525965,0.8908255693537943,0.4414118278545074
21,high,46,92,0.1963778485375153,0.0063910971022917646,0.19540750346776287,0.6704013085251184,0.26714443940817206
21,high,47,94,0.1006252760638487,0.0026652534770640877,0.44910931910086954,0.2513590069108584,0.20093971388816018
21,high,48,96,0.23894758391124432,0.20519090037268567,0.6079732534289192,0.6116486923680489,0.4159401075202245
21,high,49,98,0.1981978500165833,0.07273822188950461,0.7440094979627854,0.41865325988988755,0.35839970743969024
21,high,50,100,0.4774071981142197,0.045465449687736366,0.26686550241740203,0.4684684415205269,0.31455164793497126
21,high,51,102,0.1366517741323109,0.9844258857066295,0.6491135653493513,0.46988353959067164,0.5600186911947408
21,high,52,104,0.08794804332461675,0.9729205877553968,0.7932784417249673,0.326873747367449,0.5452552050431074
21,high,53,106,0.16132750430591314,0.9845411387350135,0.3197770558842259,0.2144122099726854,0.4200144772244595
21,high,54,108,0.1428009559906384,0.3501237792806932,0.34613685245994746,0.6071871876570901,0.3615621938470923
21,high,55,110,0.017628062521605897,0.3358905477770333,0.4786176561326275,0.2428450916329456,0.26874533951605306
21,high,56,112,0.15260351936244768,0.13129254872019147,0.16892734288094577,0.7736606289373609,0.30662100997523645
21,high,57,114,0.43278874840806336,0.10890755658983314,0.41138749391342877,0.5134606013855741,0.36663610007422487
21,high,58,116,0.6599731927362938,0.5552118757086093,0.5313353313145978,0.7869322558172037,0.6333631638941761
21,high,59,118,0.788217510550656,0.6620629472770221,0.3232109602425787,0.6998903793231224,0.6183454493483449
21,high,60,120,0.3928347630862188,0.7106341608980183,0.622941118786278,0.40489789942870136,0.5328269855498041
21,high,61,122,0.034898343471199945,0.9581861495019124,0.8454031973918433,0.98501359761607,0.7058753219952564
21,high,62,124,0.03458170208216922,0.9375738327396712,0.7470704559302288,0.9748857835123228,0.673527943566098
21,high,63,126,0.6264593577524901,0.8911576089098098,0.4584856763961325,0.9975273768433653,0.7434075049754494
21,high,64,128,0.20740004448861138,0.8832320423996406,0.17733924227726305,0.9975273768433653,0.5663746765022201
21,high,65,130,0.21124290472545296,0.6137436502219912,0.5376692055477236,0.9975273768433653,0.5900457843346333
21,high,66,132,0.08297240109433454,0.9142145485987464,0.41772673320480636,0.3502736857193343,0.4412968421543054
21,high,67,134,0.030621529436514985,0.15593656973438472,0.2987113546101675,0.9772711490304655,0.3656351507028832
21,high,68,136,0.5665887769861718,0.05450774141587487,0.7496180778348025,0.865212016768399,0.5589816532513121
21,high,69,138,0.0075634892543251795,0.8426682117318218,0.7944783274890347,0.1537615627093818,0.44961789779614086
21,high,70,140,0.006258841507940538,0.8626559050125607,0.7254126947251169,0.15720264353126645,0.4378825211942211
21,high,71,142,0.23969780078531855,0.3639026652272776,0.3409799012374676,0.4263265279382683,0.342726723797083
21,high,72,144,0.005576051380927782,0.7434619195395006,0.357052360184273,0.19278622864888623,0.3247191399383969
21,high,73,146,0.013942196578690265,0.8544969704916774,0.5098502948179341,0.12366763772749348,0.3754892749039488
22,rest,0,0,0.1620615725778272,0.15830896235814598,0.6825645001755087,0.23297232207578095,0.3089768392968157
22,rest,1,2,0.13703827249590866,0.32999184116507646,0.5680008819492471,0.750490543170466,0.4463803846951746
22,rest,2,4,0.2937301573105736,0.5436948603348735,0.21866305512794645,0.6603698918600819,0.42911449115836886
22,rest,3,6,0.4057767037927667,0.8418007938793242,0.2950385433848099,0.5354652822959947,0.5195203308382239
22,rest,4,8,0.47445295811572247,0.7825556695576473,0.48223849807036895,0.529665780227766,0.5672282264928762
22,rest,5,10,0.4995358254454583,0.9439225748494895,0.4719360595282623,0.5974180950204903,0.628203138710925
22,rest,6,12,0.8653174150657651,0.9968070166744905,0.6455951779381847,0.23666677993693963,0.686096597403845
22,rest,7,14,0.6776868700015298,0.9897381765679706,0.74176914263655,0.9000811120122764,0.8273188253045817
22,rest,8,16,0.42982094313734337,0.9126738323896688,0.33226618130036106,0.7481577280717514,0.6057296712247812
22,rest,9,18,0.32188966648634987,0.9301137018261761,0.6803060583255998,0.7917748121055086,0.6810210596859085
22,rest,10,20,0.36151632868535827,0.8876693517897666,0.8516783021404528,0.7970246525254747,0.7244721587852632
22,rest,11,22,0.6646698732697937,0.7570733197317876,0.4894682346780679,0.2671407936202229,0.544588055324968
22,rest,12,24,0.40273312523881094,0.7108256837986889,0.7766846187020833,0.4524461033928744,0.5856723827831144
22,rest,13,26,0.21013665776897938,0.6421037960217132,0.7635334180275181,0.6578775107632903,0.5684128456453752
22,rest,14,28,0.6634738139883438,0.5027869692310946,0.7330536133391617,0.3252700798450086,0.5561461191009022
22,rest,15,30,0.7669477124889179,0.8412166431091254,0.9698338535018329,0.32872943830223716,0.7266819118505283
22,rest,16,32,0.6768141047099945,0.9518556513364588,0.38990802305917327,0.7482740123948126,0.6917129478751098
22,rest,17,34,0.5004641745545421,0.9287374832442881,0.558537531290383,0.8310160742846927,0.7046888158434764
22,rest,18,36,0.5264972247390838,0.4364097751983964,0.23724033574713715,0.4743050277249014,0.4186130908523797
22,rest,19,38,0.4693332643445398,0.6005673915590617,0.41063620605566326,0.5141656873870871,0.49867563733658793
22,rest,20,40,0.6689339478077269,0.8321296622427495,0.28797437333186293,0.26898933181891965,0.5145068288003147
22,rest,21,42,0.5216206270928133,0.4152638001117564,0.04094851286646756,0.6866447512057284,0.41611942281919145
22,rest,22,44,0.5854693529933137,0.4757163336637022,0.3703835706663684,0.4114990627855348,0.4607670800272298
22,rest,23,46,0.5219798073270371,0.3605842445962699,0.1274701261331033,0.2840608992941208,0.3235237693376328
22,rest,24,48,0.3227307091331924,0.4081433070457165,0.5989824882913478,0.5857967767217265,0.47891332029799577
22,rest,25,50,0.33429616124401496,0.24635747153771284,0.49220917818643267,0.5116354561474766,0.3961245667789093
22,rest,26,52,0.2609603410592579,0.3801572018520561,0.3124721889390488,0.6566594272239931,0.402562289768589
22,rest,27,54,0.5175225594094813,0.8032518001847605,0.4710910775786739,0.606110347934806,0.5994939462769304
22,rest,28,56,0.6272077514273976,0.48641682633953276,0.3825814087313167,0.5971451989238966,0.5233377963555359
22,rest,29,58,0.6762023651810376,0.5484399266914023,0.5608686003060461,0.637822653524651,0.6058333864257842
22,rest,30,60,0.8073059218915893,0.737207645973161,0.6353249719079149,0.40339698442239397,0.6458088810487649
22,rest,31,62,0.8497395160565857,0.44259434681908494,0.49255853866044313,0.27860563057797905,0.5158745080285232
22,rest,32,64,0.4925307532723972,0.41280838301965594,0.4573120028860476,0.3671238033715239,0.4324437356374061
22,rest,33,66,0.3380274418059056,0.33270671011855485,0.1936006849188619,0.3759068954049005,0.3100604330620557
22,rest,34,68,0.6172189215355479,0.47446010474068356,0.14909414244734576,0.25222812357857777,0.37325032307553874
22,rest,35,70,0.5725228701794839,0.40299622777154165,0.35246893107709043,0.22688208334250445,0.3887175280926551
22,rest,36,72,0.8045417667326482,0.8883810220567624,0.1641870512193424,0.3251817098986727,0.5455728874768564
22,rest,37,74,0.9124233649600032,0.7910385397657012,0.37012402889673257,0.3592128554401958,0.6081996972656583
22,rest,38,76,0.8738422326682498,0.408250237110589,0.8127311434349203,0.5876343538159686,0.6706144917574318
22,rest,39,78,0.5044474024583824,0.49721303076890555,0.9304100816806572,0.5758498176835721,0.6269800831478793
22,rest,40,80,0.3085971020481434,0.3747177332392734,0.8747826431863361,0.38463725830567264,0.4856836841948564
22,rest,41,82,0.680546525437015,0.13422561357206114,0.22297673525923314,0.48030644349178797,0.3795138294400243
22,rest,42,84,0.7667359490456419,0.2507946775719052,0.3580400085239759,0.38006323531779956,0.4389084676148306
22,rest,43,86,0.40683213923342487,0.9861528702184269,0.31253870875039996,0.23429210290791702,0.48495395527754215
22,rest,44,88,0.2837194456974754,0.9960098616090041,0.13918256688444058,0.7079417598460668,0.5317134085092468
22,rest,45,90,0.2472012176503764,0.454990228971624,0.5048155292768304,0.43786180250425405,0.4112171946007712
22,rest,46,92,0.8209162306687945,0.22503029861550045,0.7448601191914123,0.3039315993883529,0.5236845619660151
22,rest,47,94,0.6287923869532988,0.30448155812975974,0.8542429402170654,0.502865924438484,0.572595702434652
22,rest,48,96,0.6511921480555424,0.39053394180004103,0.8848971441585037,0.7941227769669608,0.6801865027452619
22,rest,49,98,0.2349405898663646,0.2130186695498341,0.7717156771213048,0.4428033980128863,0.41561958363759743
22,rest,50,100,0.44071505589015747,0.2596082872875475,0.5923309535740178,0.23465916850244395,0.38182836631354167
22,rest,51,102,0.6535208231350825,0.20296190430590144,0.6572421499452141,0.5290074220040717,0.5106830748475675
22,rest,52,104,0.44353444696298505,0.21805403416706987,0.817465832811862,0.42988955203469104,0.477235966494152
22,rest,53,106,0.2664499300878961,0.27115613156509677,0.8785463565136388,0.548020120971865,0.49104313478462414
22,rest,54,108,0.2586772921909059,0.5817701328851548,0.9101184241472662,0.9243296338400248,0.668723870765838
22,rest,55,110,0.40990674055502513,0.3857399365612497,0.6456303954409273,0.5565546938896716,0.4994579416117184
22,rest,56,112,0.37850135525338735,0.3797782621823614,0.565724583321329,0.6984789635605654,0.5056207910794107
22,rest,57,114,0.35100314116529036,0.3886996939114142,0.48256226291706117,0.7520128288227662,0.49356948170413295
22,rest,58,116,0.37290762419722856,0.8090716298642411,0.5638338655447602,0.7159617333523707,0.6154437132396502
22,rest,59,118,0.32142460586472865,0.6366620519029418,0.597944908622776,0.497134075561516,0.5132914104879907
22,rest,60,120,0.5064746730644032,0.6500622867948014,0.45826827779090384,0.24794963777698556,0.46568871885677354
22,rest,61,122,0.5360908088727012,0.4530145061904899,0.3554526708695815,0.3353605465627844,0.41997963312388925
22,rest,62,124,0.4154298269013034,0.479057476067237,0.4435116931747775,0.3903568580379308,0.4320889635453122
22,rest,63,126,0.22452512794917204,0.5664331568942402,0.879913391572662,0.4937017599742925,0.5411433590975917
22,rest,64,128,0.22464306602745834,0.5985079271731396,0.4951844707231699,0.40354016249870356,0.4304689066056179
22,rest,65,130,0.15540497476682807,0.6174447184223831,0.8833248975016192,0.8386031488548862,0.6236944348864292
22,rest,66,132,0.33695700476011164,0.6576891601993688,0.44653672086667984,0.7217933778645728,0.5407440659226833
22,rest,67,134,0.5846947464559875,0.5714233545635173,0.09010452559094466,0.37248074449489554,0.4046758427763363
22,rest,68,136,0.3792869328195757,0.7838138148490577,0.7227298183276188,0.7746526314094913,0.6651207993514359
22,rest,69,138,0.5026063693115216,0.7737916661356363,0.43764639196971106,0.3624135688585188,0.519114499068847
22,rest,70,140,0.5635620184278306,0.5793583766102683,0.19250135033392596,0.2542495112725895,0.39741781416115357
22,rest,71,142,0.5430222313415066,0.34593625839856545,0.5291697248741537,0.30805666467313925,0.43154621982184127
22,rest,72,144,0.7934328628499232,0.3521470990244471,0.655346526275075,0.9412974330374887,0.6855559802967335
22,rest,73,146,0.7531732347212015,0.2816087275086982,0.5617117267287552,0.9975273768433653,0.6485052664505051
22,high,0,0,0.8554681267513818,0.9641645425672912,0.14193184061307623,0.33172293034436484,0.5733218600690285
22,high,1,2,0.732306278818812,0.921884833463066,0.4186881415935626,0.49823959351119496,0.6427797118466589
22,high,2,4,0.8554136031487514,0.9246000109161563,0.1423078453080108,0.5933966089248099,0.6289295170744321
22,high,3,6,0.9532794569458017,0.9318956504255187,0.46066300304399577,0.5972645261332012,0.7357756591371294
22,high,4,8,0.9227928086395032,0.9409704105163476,0.7288455989482773,0.9402973738066189,0.8832265479776868
22,high,5,10,0.8503099272708289,0.9742968683179313,0.5215776257927551,0.45036559998490017,0.6991375053416039
22,high,6,12,0.9395122800113338,0.9721299011643959,0.22444485148608265,0.47064932602088444,0.6516840896706741
22,high,7,14,0.9693982844509438,0.906507054411084,0.4586823543245625,0.7640487350995363,0.7746591070715316
22,high,8,16,0.9920293960133941,0.9970524108203331,0.6415319104814224,0.9818905059818672,0.9031260558242542
22,high,9,18,0.9742470889170863,0.9975273768433653,0.4580597718578216,0.9968490321610153,0.8566708174448221
22,high,10,20,0.7983554640442765,0.9706690084653573,0.41123130702548255,0.8379628853296551,0.7545546662161928
22,high,11,22,0.7675659110404632,0.9012861384281053,0.6994790637528558,0.554809329267222,0.7307851106221617
22,high,12,24,0.9038276716174354,0.9302656943670187,0.3884235259094663,0.45262694143970744,0.6687859583334069
22,high,13,26,0.9474059143466153,0.8793649848688442,0.5542292581218664,0.2756665508079398,0.6641666770363164
22,high,14,28,0.8645587148743403,0.9765348353042098,0.32626831689326824,0.27715514220014137,0.61112925231799
22,high,15,30,0.6371487911284793,0.988252777087424,0.3879407222411927,0.3217608707223757,0.5837757902948679
22,high,16,32,0.746243662648697,0.9714086779737401,0.4110401640029113,0.4249667617430282,0.6384148165920942
22,high,17,34,0.8227629694100741,0.9555157158522503,0.7178082219866143,0.2629541460657958,0.6897602633286837
22,high,18,36,0.8634595311166351,0.9727337326326964,0.9062997483459359,0.4037212631700545,0.7865535688163305
22,high,19,38,0.7565918510040502,0.9686965446605088,0.4004696929340818,0.5147162457567164,0.6601185835888392
22,high,20,40,0.9134558818595898,0.9823288779954014,0.5498576991481936,0.5150146248500581,0.7401642709633108
22,high,21,42,0.9313155297803201,0.9643188299126226,0.4072906426022043,0.35475542101070157,0.6644201058264623
22,high,22,44,0.8369952135655371,0.9793842018754103,0.5444331906078843,0.5104903506176156,0.7178257391666119
22,high,23,46,0.820312150075282,0.9780290888479651,0.5844504543429142,0.3387283609573936,0.6803800135558887
22,high,24,48,0.6851501390931714,0.9776005269165746,0.5154959760003835,0.4473484764613505,0.6563987796178701
22,high,25,50,0.7098950422985071,0.9690286652732492,0.16441432298412126,0.2208867630534107,0.5160561984023221
22,high,26,52,0.8182608025022822,0.3916043970895056,0.41804264737846636,0.36476181823913767,0.49816741630234795
22,high,27,54,0.9413982827877809,0.38549336644547266,0.44283206912804907,0.7110880366870153,0.6202029387620795
22,high,28,56,0.7450721915434814,0.15113929269997156,0.4771578904458299,0.2567648699348895,0.4075335611560431
22,high,29,58,0.5717565178073002,0.15207663862324458,0.6594807953991495,0.35995096699805645,0.43581622970693773
22,high,30,60,0.7950598572002264,0.5454800728966515,0.2989276378077363,0.20221326973297868,0.4604202094093982
22,high,31,62,0.9318385741942147,0.9092386273828211,0.36035035296181733,0.30706262492524733,0.6271225448660251
22,high,32,64,0.9282712330747827,0.8829751119104856,0.32053549019551086,0.35343704893282574,0.6213047210284012
22,high,33,66,0.9315659849330985,0.8740284580191614,0.22508631985879052,0.1906140926121495,0.5553237138558
22,high,34,68,0.7880776222262282,0.9334146632783348,0.18438038961527406,0.5796235759690183,0.6213740627722139
22,high,35,70,0.9126799324669392,0.9520472938779821,0.5222245613885794,0.4954696856690363,0.7206053683506342
22,high,36,72,0.9413809649869936,0.9825425481537046,0.20770202778987232,0.5065301899789096,0.6595389327273701
22,high,37,74,0.904576216743713,0.7823808326851104,0.5385722800541024,0.3944280117371243,0.6549893353050125
22,high,38,76,0.9615626587501512,0.7011105548371004,0.7073750337925977,0.23765884126240405,0.6519267721605634
22,high,39,78,0.9543782569005501,0.8236439510053672,0.5527249156094795,0.20398494877337925,0.633683018072194
22,high,40,80,0.9472570336907732,0.988752652655829,0.3310851923355969,0.3027084911120377,0.6424508424485592
22,high,41,82,0.8551302636347197,0.9795938022634758,0.35945910788872604,0.6329827562868776,0.7067914825184498
22,high,42,84,0.8783092415311113,0.8952004457045896,0.5251071015881343,0.4347328303545946,0.6833374047946076
22,high,43,86,0.9591971131932662,0.9697560227515906,0.3418395873043586,0.49979240800523234,0.692646282813612
22,high,44,88,0.945720425802941,0.8326795292430353,0.550342018003029,0.3492145448618737,0.6694891294777198
22,high,45,90,0.6977961863204799,0.9311209564484546,0.5071872733288529,0.47622807160399844,0.6530831219254465
22,high,46,92,0.8024233808280357,0.6353030009470431,0.5409041493330754,0.42266879780508676,0.6003248322283102
22,high,47,94,0.8811591429361505,0.7974462825430129,0.873816527325888,0.7335872873034701,0.8215023100271304
22,high,48,96,0.9441840800010265,0.9844581452366212,0.7703824393483107,0.5321220087775016,0.807786668340865
22,high,49,98,0.9583208314665547,0.9495972613172058,0.25959151355933113,0.5430507852414516,0.6776400978961358
22,high,50,100,0.790390173448529,0.9328995778767157,0.4537544307461078,0.7228161359929867,0.7249650795160848
22,high,51,102,0.8242475396350332,0.9060435237142308,0.28048438262271963,0.4437510617469624,0.6136316269297365
22,high,52,104,0.5695961489060326,0.6633297160522538,0.29406270653544575,0.5726471309488158,0.524908925610637
22,high,53,106,0.8140320790909342,0.892148490103666,0.6531089867184493,0.5782832731876711,0.7343932072751801
22,high,54,108,0.9205030045980943,0.8765480002198572,0.45367254935134715,0.64174406747351,0.7231169054107022
22,high,55,110,0.9551024185089366,0.8391363929584322,0.6418956783844302,0.4759612749458132,0.7280239411994031
22,high,56,112,0.9052359863294851,0.9523594134980274,0.8753504646420153,0.3782278667595708,0.7777934328072746
22,high,57,114,0.9472058773750703,0.9648420715230638,0.8915125589469571,0.30296066929556464,0.776630294285164
22,high,58,116,0.9714301554103854,0.9738629982899075,0.6189849989366786,0.9419552275379329,0.8765583450437261
22,high,59,118,0.9492338449424388,0.9091673860361675,0.2832328279584039,0.9733631881533543,0.7787493117725911
22,high,60,120,0.784238357728038,0.7395349854983855,0.5939839752950792,0.2053890357014913,0.5807865885557485
22,high,61,122,0.9239271565750912,0.9182200001086586,0.16352969890524613,0.44240038255616165,0.6120193095362894
22,high,62,124,0.9525428063339235,0.9495350661583968,0.4070480376343307,0.3702356180388771,0.6698403820413821
22,high,63,126,0.8880933955622754,0.9969681556265029,0.5328857020294958,0.7475908261133734,0.7913845198329119
22,high,64,128,0.9661567115758464,0.9975273768433653,0.898358752313329,0.8737539601971525,0.9339492002324232
22,high,65,130,0.9795997397859155,0.9975273768433653,0.9967754435425742,0.7907223095829206,0.9411562174386938
22,high,66,132,0.8897517018006021,0.8875636735656162,0.9599809008724964,0.4119569233921477,0.7873132999077156
22,high,67,134,0.8417527239867999,0.8677224008690463,0.9274349911021187,0.3659551176169252,0.7507163083937225
22,high,68,136,0.5839955467367102,0.7266993375936399,0.33789627989962756,0.49180047135646576,0.5350979088966109
22,high,69,138,0.7613813363320786,0.9627037229362516,0.21589623747915102,0.39148339362302026,0.5828661725926254
22,high,70,140,0.8644798119624195,0.6797110408770326,0.6991834348141942,0.3126261032445551,0.6390000977245504
22,high,71,142,0.7491829734217941,0.8120249070341119,0.5452670439570516,0.24559117534984096,0.5880165249406997
22,high,72,144,0.6109586258520905,0.8480215098042055,0.7808010871953214,0.32897357937120747,0.6421887005557062
22,high,73,146,0.7429220311595868,0.9572040756856363,0.2177337696479775,0.49261139007251403,0.6026178166414287
23,rest,0,0,0.6506203452796543,0.7828639819446197,0.8177903422982574,0.5536691468812551,0.7012359541009465
23,rest,1,2,0.46208454600201465,0.7453306550282663,0.6359876247448012,0.8819497004106239,0.6813381315464265
23,rest,2,4,0.7971154042352177,0.8892608978891304,0.5436638208180558,0.9974753662483501,0.8068788722976884
23,rest,3,6,0.20854552301325305,0.7101976040950374,0.4900753041368875,0.9939343426956178,0.6006881934851989
23,rest,4,8,0.03610944395295834,0.39852140026458155,0.7462798145151075,0.8216119223779254,0.5006306452776432
23,rest,5,10,0.5751329834311332,0.7015987101290094,0.20692314917915453,0.8022688050577886,0.5714809119492714
23,rest,6,12,0.5868855548415123,0.5421904469841214,0.8518372121347952,0.7428952160653224,0.6809521075064379
23,rest,7,14,0.606325908766509,0.47870799666415415,0.5105105565667176,0.89305240237859,0.6221492160939928
23,rest,8,16,0.16287373635909067,0.4253070686653167,0.7210161401275235,0.8038168964797333,0.5282534604079161
23,rest,9,18,0.09951347971832683,0.6366898853261914,0.22744609990275,0.8817941220800319,0.461360896756825
23,rest,10,20,0.2548414485164643,0.823232102733237,0.4327330094206178,0.5703460857368504,0.5202881616017924
23,rest,11,22,0.301288023818196,0.5085466786557743,0.09824613037835674,0.5310109595682314,0.3597729481051396
23,rest,12,24,0.7949253716642164,0.2614726721471041,0.7143817911510916,0.5694313216563617,0.5850527891546935
23,rest,13,26,0.4963058175422239,0.3586433243025635,0.5347137400669746,0.7508997529610174,0.5351406587181948
23,rest,14,28,0.3526959152624728,0.41456182186796714,0.7546464687679867,0.7417968945255472,0.5659252751059934
23,rest,15,30,0.6732536431904089,0.6319485238531511,0.596526402008964,0.7141080061279923,0.6539591437951291
23,rest,16,32,0.8802099724103319,0.4291239489993643,0.49299097701967637,0.5181664359251524,0.5801228335886313
23,rest,17,34,0.3670840481035841,0.06020824566840387,0.516502740475026,0.7962923508470521,0.4350218462735165
23,rest,18,36,0.40971919517611166,0.28071015811267114,0.5126025608210153,0.3568214133413857,0.38996333186279597
23,rest,19,38,0.21820955510365245,0.557916784097812,0.335799269862247,0.5561636249912065,0.4170223085137295
23,rest,20,40,0.3247975561481225,0.31388156605802536,0.28639584445905214,0.8754520792351331,0.45013176147508327
23,rest,21,42,0.4665676537680525,0.18660737370829608,0.4306616423658745,0.7167119298449487,0.45013714992179293
23,rest,22,44,0.7201034873079031,0.6644906912547652,0.4325691327955303,0.6961011490456024,0.6283161151009502
23,rest,23,46,0.3895541922368161,0.7436314061629968,0.9255008545439753,0.5901732032104167,0.6622149140385512
23,rest,24,48,0.25486055327378776,0.6384323732242788,0.4097086444492101,0.33540073854977037,0.40960057737426175
23,rest,25,50,0.5017145987747226,0.15057744490053687,0.5741272807484876,0.2076261370347936,0.3585113653646352
23,rest,26,52,0.7802107356738751,0.22952389371838416,0.42027394366344584,0.27379565051171606,0.4259510558918553
23,rest,27,54,0.6354872386670937,0.31363534848806635,0.21715326541549354,0.5959496218677347,0.44055636860959707
23,rest,28,56,0.42552088784619785,0.2012161530290408,0.27537111388188906,0.46918072894188045,0.342822220924752
23,rest,29,58,0.758152131793426,0.21967727520542932,0.36840890788658626,0.4096165635589973,0.4389637196111097
23,rest,30,60,0.7248170759583532,0.262368131305833,0.20927148005968996,0.3689446252134228,0.39135032813432474
23,rest,31,62,0.18589753661026276,0.17330086904694927,0.8635516614802948,0.8608502605502054,0.520900081921928
23,rest,32,64,0.18314883321065925,0.3302417039081891,0.7750856780969804,0.6842189662400802,0.4931737953639772
23,rest,33,66,0.45114392047384233,0.7146292512569025,0.3538530636607502,0.29945490439303396,0.45477028494613225
23,rest,34,68,0.5200646182910299,0.5397852683356317,0.6195792919957372,0.4248625206556064,0.5260729248195013
23,rest,35,70,0.25043024036385925,0.3408281961875222,0.5009456655930713,0.22200331532800965,0.32855185436811557
23,rest,36,72,0.35023333266686646,0.40283360611132263,0.571467444725281,0.7841719785160293,0.5271765905048749
23,rest,37,74,0.5361941690790695,0.19890523768179202,0.2827975944750289,0.4588431149151632,0.3691850290377634
23,rest,38,76,0.105774871548603,0.41970528165514304,0.297855022650789,0.3754980395246004,0.29970830384478386
23,rest,39,78,0.1752878652548304,0.6605195477133605,0.4674148585273345,0.6696952383199397,0.4932293774538663
23,rest,40,80,0.6950140407525796,0.7610865155357148,0.3570518240965567,0.5802137637138469,0.5983415360246744
23,rest,41,82,0.3051322011147577,0.4322406538723463,0.6357180162793633,0.3832198120199176,0.4390776708215962
23,rest,42,84,0.17182707772265118,0.7620241212642352,0.7213940494737102,0.758890924770501,0.6035340433077744
23,rest,43,86,0.6644071654248297,0.6011968550582903,0.8453120916064326,0.6492361475435786,0.6900380649082829
23,rest,44,88,0.35151251379297416,0.3011673076101769,0.4990543344069287,0.6160764505838227,0.44195265159847563
23,rest,45,90,0.47544161586416445,0.5023541474363056,0.660811064248404,0.3395896683037863,0.4945491239631651
23,rest,46,92,0.4207238648056246,0.3736155712941316,0.42707747249778444,0.2911525418841002,0.37814236262041023
23,rest,47,94,0.1532073055808257,0.3716952741685837,0.242273811073335,0.3252615612447714,0.27310948801687895
23,rest,48,96,0.3176234179529665,0.4976458525636941,0.6402098719226909,0.3924134671666137,0.4619731524014913
23,rest,49,98,0.6109290744691872,0.6717478739101512,0.4659888287548183,0.455046226389927,0.550928000881021
23,rest,50,100,0.6491729632086771,0.5180264361521058,0.2476506728162582,0.37133881855505824,0.4465472226830248
23,rest,51,102,0.7100994275177821,0.6972642182635863,0.5340293011401926,0.3800336874252719,0.5803566585867083
23,rest,52,104,0.7102119396096904,0.44762034355776137,0.4371999724493498,0.4426313358361204,0.5094158978632305
23,rest,53,106,0.7522098023485684,0.5396940812891254,0.6661818855903575,0.2736031360593388,0.5579222263218475
23,rest,54,108,0.7502511794705379,0.17985613059806863,0.23386032486325373,0.412507179133778,0.39411870351640954
23,rest,55,110,0.6663223083745262,0.3237940587439143,0.5905669050255218,0.4097751011256038,0.49761459331739155
23,rest,56,112,0.6196360985239484,0.658927835628398,0.26424661746875233,0.4818335640748475,0.5061610289239865
23,rest,57,114,0.660603546863497,0.3664899603948675,0.12412434891299898,0.4685750783245046,0.40494823362396704
23,rest,58,116,0.4982854012252775,0.7850267178893588,0.5721389930651597,0.814465591509883,0.6674791759224198
23,rest,59,118,0.5860243290602519,0.6800993910976132,0.8137366644004584,0.5537261115845693,0.6583966240357233
23,rest,60,120,0.6465534592612898,0.4147093528322715,0.7335272221296425,0.38848639151929487,0.5458191064356247
23,rest,61,122,0.7144988707750959,0.7705759665773408,0.9049403895904701,0.8640465142071152,0.8135154352875055
23,rest,62,124,0.5340483908310388,0.7982500056085712,0.5236416712806583,0.5680879681236974,0.6060070089609915
23,rest,63,126,0.588980938433875,0.4579571325578992,0.4616877616139979,0.3921562054757271,0.47519550952037476
23,rest,64,128,0.37538793198621573,0.4630174186688902,0.6661071426963148,0.4373232405084408,0.4854589334649654
23,rest,65,130,0.6038976539055183,0.5677417860012143,0.36040335147153346,0.24480167764451127,0.44421111725569434
23,rest,66,132,0.5165211459156982,0.8317788741057376,0.17021512187098747,0.4280328566366294,0.48663699963226315
23,rest,67,134,0.451523204578706,0.5582646774895842,0.13371974125371527,0.3344028865058358,0.3694776274569603
23,rest,68,136,0.6118676555277724,0.6199130628819258,0.3601207694285152,0.3218197625420276,0.47843031259506025
23,rest,69,138,0.8416152735201154,0.6549449819273108,0.22097586281482834,0.31074860831666234,0.5070711816447292
23,rest,70,140,0.39418320696026704,0.43688633160267387,0.6858582143257755,0.3538080063836232,0.467683939818085
23,rest,71,142,0.13050948257616313,0.7760885533791507,0.23944253061464466,0.2578760077551968,0.3509791435812888
23,rest,72,144,0.269974947176949,0.9204340573520875,0.9044541232491082,0.4515907875587771,0.6366134788342305
23,rest,73,146,0.5436967265344328,0.42442166689613925,0.5035684146317944,0.7803238936535305,0.5630026754289742
23,high,0,0,0.15750096298169794,0.8594153199174229,0.070500936249317,0.6640406253599624,0.4378644611271001
23,high,1,2,0.05475947617292507,0.9136235551245249,0.813792262272732,0.9016548691819115,0.6709575406880234
23,high,2,4,0.18692805676586702,0.47585132918390477,0.6513526300715993,0.6398609049363414,0.4884982302394282
23,high,3,6,0.07698147071673418,0.40920342997359554,0.6245143601218596,0.9530270732740971,0.5159315835215716
23,high,4,8,0.1062086162946603,0.8400479674288442,0.3151325255320223,0.9384996131195085,0.5499721805937587
23,high,5,10,0.1375946361250703,0.8790896713425684,0.15465094448431818,0.8505272213214946,0.5054656183183629
23,high,6,12,0.18287289512485802,0.49871559195747844,0.6330102188332986,0.3798660946274121,0.4236162001357618
23,high,7,14,0.07316331215572011,0.5595737340961913,0.4666086104698313,0.7766501260953841,0.4689989457042817
23,high,8,16,0.04457140864557633,0.49036171914422216,0.14432500440727525,0.6291710645964695,0.3271072991983858
23,high,9,18,0.04940999197949242,0.7476172712315903,0.20017035812201894,0.7244204848325011,0.43040452654140066
23,high,10,20,0.1781663285373355,0.7335542957768942,0.21344198029607184,0.969983462567205,0.5237865167943767
23,high,11,22,0.11885106698376853,0.6884490711117599,0.6067859530836639,0.6768827526214601,0.5227422109501632
23,high,12,24,0.15740737423118675,0.9200725706175756,0.5777940099929915,0.8130073948471414,0.6170703374222238
23,high,13,26,0.057810639823704435,0.9293815746371904,0.33101006308016484,0.8563722806713375,0.5436436395530994
23,high,14,28,0.11434234759881504,0.7559004939845311,0.33309228987772405,0.6587453964151408,0.46552013196905273
23,high,15,30,0.37504429184002824,0.5424131974845288,0.4310142325000407,0.8753538613049751,0.5559563957823932
23,high,16,32,0.16617157400189836,0.8951839635835248,0.8742011755399626,0.9823323216320097,0.7294722586893488
23,high,17,34,0.05658896321666849,0.9536404916478548,0.9249681023116889,0.9960167193912804,0.7328035691418732
23,high,18,36,0.07530447624748537,0.5861814907302118,0.3296165258850226,0.6206891254777223,0.4029479045851105
23,high,19,38,0.09461911331055492,0.2214818711166866,0.38117471067162495,0.6546454493852331,0.33798028612102493
23,high,20,40,0.16469881270847292,0.27863163009277386,0.5190863138872124,0.38716955812594156,0.3373965787036002
23,high,21,42,0.49496006502037054,0.8105206100624186,0.3841491929693853,0.58576331942282,0.5688482968687487
23,high,22,44,0.39541646618460846,0.8221927644432837,0.4930995536614817,0.4107299166254845,0.5303596752287146
23,high,23,46,0.1923161247183408,0.6969549107613116,0.3357472446612399,0.5285004524602082,0.4383796831502751
23,high,24,48,0.09387068487485645,0.8588714784225178,0.6785174845172265,0.8368042275471878,0.6170159688404471
23,high,25,50,0.07309170910074456,0.7238940406880583,0.376165535157996,0.9069256831775692,0.5200192420310921
23,high,26,52,0.19156527083379793,0.7624714488070131,0.4746877755862227,0.5965360458730782,0.5063151352750279
23,high,27,54,0.10209549264783471,0.9962560024069678,0.47152173174955403,0.5410191386740862,0.5277230913696107
23,high,28,56,0.07453378387536078,0.9967396487755701,0.5754865370509725,0.43437077875393343,0.5202826871139592
23,high,29,58,0.2044342425797524,0.7883690536993057,0.6200876979144899,0.4155871964875765,0.5071195476702811
23,high,30,60,0.26916058629674483,0.6454057541872044,0.32696443484785515,0.8156705464749456,0.5143003304516875
23,high,31,62,0.12388092878837438,0.735690362155131,0.25314941165232685,0.9627985613858284,0.5188798159954151
23,high,32,64,0.2090672827146537,0.6951310604939609,0.4803683596181729,0.7096956951162285,0.523565599485754
23,high,33,66,0.2448050783627992,0.9314607137290276,0.5653067085549587,0.5814538961372409,0.5807565991960066
23,high,34,68,0.04981508459829875,0.8103735801261103,0.22775878624080426,0.9415202639373879,0.5073669287256504
23,high,35,70,0.03592546186742238,0.4896506553733292,0.5355971477538174,0.8977361516209491,0.4897273541538796
23,high,36,72,0.1586773830959554,0.7028486539173553,0.12799099905846434,0.7442298211198627,0.4334367142979094
23,high,37,74,0.1973993829519729,0.5454147548879981,0.4483692827295707,0.8540785967304617,0.5113155043250008
23,high,38,76,0.1699159965813051,0.9567394731431804,0.35847080149349037,0.7593369788944924,0.561115812528117
23,high,39,78,0.1819614780174434,0.8998221525069113,0.1039393908753756,0.6660688590654597,0.4629479701162975
23,high,40,80,0.0884833756411881,0.6693784003120072,0.5474112963469272,0.8666706664746833,0.5429859346937014
23,high,41,82,0.01904423866710164,0.8752819080002352,0.8454733302998316,0.9975273768433653,0.6843317134526334
23,high,42,84,0.0850603372116395,0.7457879026136803,0.831199328286067,0.6505654104496231,0.5781532446402525
23,high,43,86,0.0217571023875851,0.7260060082080636,0.48728218211760504,0.6541288967928043,0.4722935473765145
23,high,44,88,0.02739667904525645,0.6757177465779828,0.38223710595955823,0.7916847307040492,0.4692590655717117
23,high,45,90,0.06787638385460723,0.8883717112059449,0.6898165099940698,0.638773205742178,0.5712094526992
23,high,46,92,0.1387001035468238,0.8985927872369615,0.32313718063030905,0.8578079413510553,0.5545595031912873
23,high,47,94,0.13350712245771584,0.4550293527627318,0.5433091109033016,0.5211003784212103,0.4132364911362399
23,high,48,96,0.2315618916839391,0.6095089143231174,0.47561722861241296,0.8321991846125427,0.5372218048080031
23,high,49,98,0.07664684293093019,0.4921907333162762,0.4833631071578553,0.9509053987638414,0.5007765205422258
23,high,50,100,0.15709485034437942,0.5737583750773633,0.2513388142989446,0.3828846047657245,0.341269161121603
23,high,51,102,0.08213158235504579,0.6489417145886315,0.09945167857391816,0.8967182958155085,0.431810817833276
23,high,52,104,0.06555183992891675,0.6651929528191666,0.24386623607545677,0.8891323568228189,0.46593584641158975
23,high,53,106,0.14857785619527394,0.6930221952263196,0.7983510111145142,0.47133345702297796,0.5278211298897715
23,high,54,108,0.21701224286626852,0.7077861998123827,0.5995572422198724,0.4020672257230262,0.48160572765538745
23,high,55,110,0.20235665057130342,0.4048279060545768,0.8142751810893811,0.27480690007939784,0.4240666594486648
23,high,56,112,0.13135734094801912,0.4017290267488248,0.622251295310252,0.41181093462597795,0.3917871494082685
23,high,57,114,0.4574126758640165,0.45582020607517165,0.8480748480425621,0.6239917914491072,0.5963248803577144
23,high,58,116,0.3476390122738444,0.49880928202701624,0.6808907000651266,0.6689849134903255,0.5490809769640782
23,high,59,118,0.12759000986485441,0.5389843723135465,0.47909504766759475,0.6150778791709576,0.4401868272542383
23,high,60,120,0.128592831609518,0.48589702919569855,0.6026161506905365,0.5366398908285576,0.4384364755810777
23,high,61,122,0.1158460616504828,0.6103259621165656,0.5257561808205345,0.84864243750694,0.5251426605236308
23,high,62,124,0.04883850331008997,0.5175526490606362,0.06702080229720926,0.9515593198651193,0.3962428186332637
23,high,63,126,0.06665310280454446,0.6256615395232294,0.42709051302333645,0.9512640339034445,0.5176672973136387
23,high,64,128,0.06645450864564281,0.5379796313277684,0.2793125617122383,0.9524386963881859,0.45904634951845885
23,high,65,130,0.06558084409738889,0.7758664464037185,0.4458818451192161,0.9250508014270614,0.5530949842618462
23,high,66,132,0.0775825503415769,0.9752487038937506,0.8298354556077587,0.9627597310832577,0.711356610231586
23,high,67,134,0.018774138008614806,0.9943973222507068,0.877144949165623,0.9409795732534516,0.7078239956695991
23,high,68,136,0.020104563916059158,0.9919216467485173,0.7088278865077134,0.7742999364793733,0.6237885084129158
23,high,69,138,0.025055618336427266,0.9975273768433653,0.8009059041579001,0.6050678469233972,0.6071391865652724
23,high,70,140,0.34976410416097253,0.9975273768433653,0.9562532017902942,0.9975273768433653,0.8252680149094993
23,high,71,142,0.6776512352766088,0.976539094903779,0.2569978739144677,0.9944056367973474,0.7263984602230507
23,high,72,144,0.23759385902785918,0.9975273768433653,0.23146988604218283,0.9558604871771559,0.6056129022726409
23,high,73,146,0.11298918205565363,0.9975273768433653,0.4285012644811911,0.8556031268995141,0.598655237569931
24,rest,0,0,0.2697567602722334,0.3197912408258281,0.7979452452354656,0.4359087597684088,0.45585050152548395
24,rest,1,2,0.23934905693782563,0.13587319060103512,0.6028653895296208,0.3895168829539784,0.34190113000561495
24,rest,2,4,0.2595846298366838,0.24964508304973348,0.3431378034214508,0.3989343749557426,0.31282547281590267
24,rest,3,6,0.5042527334346963,0.1763128007135127,0.19557551853725236,0.2846522335291558,0.2901983215536543
24,rest,4,8,0.6828417561285445,0.2875734163309256,0.4977481815148961,0.41614250603851344,0.47107646500321987
24,rest,5,10,0.7516432408476827,0.48760420886519523,0.335800565066828,0.3912002522656083,0.49156206676132863
24,rest,6,12,0.7739276423136738,0.5321611013798648,0.5022518184851038,0.5019678950300678,0.5775771143021776
24,rest,7,14,0.23128671840473017,0.373571099586377,0.8813372321934556,0.5126122462194006,0.49970182410099084
24,rest,8,16,0.3465330326398818,0.7782629195820095,0.8329099372221324,0.914491608986403,0.7180493746076066
24,rest,9,18,0.34944572029610305,0.3327530380777045,0.5840036950799828,0.6570982054024664,0.4808251647140642
24,rest,10,20,0.44550001215115587,0.20147300712864483,0.2998550795359325,0.44842231402076704,0.34881260320912505
24,rest,11,22,0.6284709673003777,0.1630674464351348,0.5640981509023376,0.46458646767327894,0.45505575807778226
24,rest,12,24,0.49184171555743184,0.17682652298701,0.48395392844252516,0.40769170255662646,0.39007846738589835
24,rest,13,26,0.16657543082754522,0.22970556187774474,0.7313738409398862,0.2973582616891955,0.3562532738335929
24,rest,14,28,0.2191659429245955,0.2318839741608327,0.8693654183583854,0.3921706619512392,0.42814649934876325
24,rest,15,30,0.34415985816710554,0.3851859404483276,0.3191764349512708,0.35962943914623957,0.3520379181782359
24,rest,16,32,0.6005082980199157,0.6853136577795046,0.7577978109236632,0.11590652389168811,0.539881572653693
24,rest,17,34,0.5667663829913051,0.4275207879940368,0.9591876889717194,0.18398462145438513,0.5343648703528616
24,rest,18,36,0.6707445386210319,0.5121855977787637,0.3462153224568884,0.3403529812847744,0.4673746100353646
24,rest,19,38,0.8080265672973896,0.6122849997813535,0.5279952806941726,0.4550924343759214,0.6008498205372093
24,rest,20,40,0.25128101052479557,0.46560851955837745,0.6608123658481019,0.6757089283473319,0.5133527060696517
24,rest,21,42,0.3149488428302548,0.664681365845991,0.777913405807957,0.7050562722758776,0.6156499716900201
24,rest,22,44,0.3958549269059788,0.5844727996064809,0.4551786263579684,0.5303933520846487,0.4914749262387692
24,rest,23,46,0.43989873416968306,0.4686515231702894,0.5764740101797748,0.2995026559594239,0.4461317308697928
24,rest,24,48,0.49590451882449954,0.9886867282460362,0.5399707769394396,0.12348102354676599,0.5370107618891853
24,rest,25,50,0.3825721520595839,0.9975273768433653,0.631737743179322,0.07783249210293669,0.522417441046302
24,rest,26,52,0.28873539747676086,0.5356202664201859,0.5517803553963854,0.4388254338496647,0.4537403632857492
24,rest,27,54,0.6902320047702842,0.5372437972446201,0.1564754306245231,0.1992483132622964,0.39579988647543096
24,rest,28,56,0.48365108160985476,0.7331745813817928,0.34663883934718226,0.9824160743568341,0.636470144173916
24,rest,29,58,0.4264474195252363,0.4552233728496581,0.5154788786796807,0.9918758943565072,0.5972563913527705
24,rest,30,60,0.5306521862505298,0.33105464898091364,0.32687569852045495,0.7200310784486559,0.4771534030501386
24,rest,31,62,0.7319871289808128,0.3697190241572955,0.19915410365301575,0.7705947969055793,0.5178637634241758
24,rest,32,64,0.7235667558778961,0.2783744289477209,0.38971916122732686,0.641181045635698,0.5082103479221605
24,rest,33,66,0.9246236638467366,0.7662999471250299,0.2948170696054562,0.6786711181099636,0.6661029496717965
24,rest,34,68,0.7971081432967072,0.5231292117613517,0.284465401525259,0.8992779211014973,0.6259951694212038
24,rest,35,70,0.16569552178482944,0.38629202502785415,0.7837977323478836,0.7512602176839358,0.5217613742111258
24,rest,36,72,0.2125121341513208,0.5951971106585399,0.6835410225901768,0.582903450846923,0.5185384295617401
24,rest,37,74,0.5301066645400556,0.5065093393028189,0.6972132661538476,0.6373516877511107,0.5927952394369582
24,rest,38,76,0.6350413105365971,0.4810427995169779,0.2694027059405971,0.33464289764674676,0.4300324284102297
24,rest,39,78,0.7712990574309984,0.37870128167155437,0.32562914444490604,0.5669414263943764,0.5106427274854588
24,rest,40,80,0.5040954811755004,0.41292331212725125,0.6399393886030489,0.8969675440750037,0.6134814314952011
24,rest,41,82,0.8079396727600175,0.8374012317311914,0.7661193570893998,0.5601809067867004,0.7429102920918272
24,rest,42,84,0.7343214716984899,0.6302807511243793,0.7681288582730711,0.6207361898878099,0.6883668177459376
24,rest,43,86,0.33937887319841253,0.22501972083176855,0.6891880730765568,0.991096383677851,0.5611707626961473
24,rest,44,88,0.26233542833803436,0.1994698619417625,0.25092870461843836,0.9903796989618864,0.42577842346503036
24,rest,45,90,0.5316192968827691,0.13035559954033862,0.7837122902137557,0.41755939352828003,0.4658116450412858
24,rest,46,92,0.3515971036033883,0.15768742273117456,0.3492956777423134,0.15687476816544005,0.2538637430605791
24,rest,47,94,0.20828316089549673,0.26321241456859273,0.828102516897246,0.22682180010146258,0.3816049731156995
24,rest,48,96,0.6641610902397741,0.43429909266160954,0.4458071864989839,0.6133327610756861,0.5394000326190134
24,rest,49,98,0.6909755276130629,0.4938942295352392,0.8529662972686934,0.4980321049699322,0.633967039846732
24,rest,50,100,0.30867421257195193,0.7810996547111102,0.23406294352018062,0.4174670028651114,0.4353259534170886
24,rest,51,102,0.4240695025818475,0.6455486912853099,0.4245842307332025,0.45735380601966735,0.4878890576550068
24,rest,52,104,0.5960647088581427,0.24347441538618209,0.2704321423335634,0.6391532998664619,0.43728114161108744
24,rest,53,106,0.3391491023559897,0.2132705022331624,0.4719764619513049,0.9975273768433653,0.5054808608459556
24,rest,54,108,0.4433574877384583,0.6693007731382302,0.414680599769146,0.9690321124974562,0.6240927432858226
24,rest,55,110,0.8886168265749929,0.8600829328790526,0.558073024386354,0.12428527730528868,0.607764515286422
24,rest,56,112,0.689431773970574,0.6908093610501255,0.577506755437051,0.24544025677621706,0.5507970368084918
24,rest,57,114,0.4736142898688906,0.6991278258312423,0.4623069863108098,0.966460520640437,0.650377405662845
24,rest,58,116,0.6916655174991662,0.6081657350639128,0.16689417600648354,0.533721312260938,0.5001116852076252
24,rest,59,118,0.6169089670260594,0.52699964780112,0.43565918755254235,0.4423237556127791,0.5054728894981252
24,rest,60,120,0.7404743198386674,0.6796842203284044,0.20548531519766644,0.1745181213271809,0.4500404941729798
24,rest,61,122,0.6719511624814122,0.4521799255769931,0.28110597139145294,0.31657603606283924,0.43045327387817434
24,rest,62,124,0.49232347849392816,0.6603277159439793,0.40986890178011964,0.7699990186229531,0.583129778710245
24,rest,63,126,0.4910038855601839,0.5546174461077045,0.2646224833595729,0.38305520910405877,0.42332475603288
24,rest,64,128,0.6248127906323325,0.5855225232734029,0.5192700062619509,0.13621723559028295,0.46645563893949227
24,rest,65,130,0.5087798680466216,0.6812008959528394,0.5678790187807358,0.6292474058620723,0.5967767971605672
24,rest,66,132,0.3525945522260487,0.4715379823563603,0.828926658523724,0.7776259997040893,0.6076712982025556
24,rest,67,134,0.3316490926862677,0.5061057704647608,0.7589776007952105,0.4334778557142189,0.5075525799151145
24,rest,68,136,0.3527307731516709,0.534504230388642,0.37772547040841925,0.6450275246734227,0.4774969996555387
24,rest,69,138,0.6063335150113401,0.7461814242487603,0.3920347699606797,0.6496023688483996,0.5985380195172949
24,rest,70,140,0.5817910725960398,0.5758773372925886,0.4887349985985113,0.1530982384694736,0.4498754117391534
24,rest,71,142,0.5401218808577141,0.3706189672523082,0.5409017043917926,0.6518822146277063,0.5258811917823804
24,rest,72,144,0.29104869553354923,0.6122636080314616,0.4824703580850008,0.9975273768433653,0.5958275096233442
24,rest,73,146,0.686308502219819,0.7215177548586348,0.6497642411233516,0.9975273768433653,0.7637794687612927
24,high,0,0,0.6694058404025723,0.9182684232439646,0.4874153861593878,0.12549810457336957,0.5501469385948236
24,high,1,2,0.8221287685321134,0.947749290738385,0.39623212997161633,0.1257552595026731,0.5729663621861969
24,high,2,4,0.7239099936021899,0.682454254107633,0.2699274589852885,0.25742909441618306,0.4834302002778236
24,high,3,6,0.7249915014996908,0.8298768489426332,0.19423030331204136,0.23975160970810758,0.49721256586561824
24,high,4,8,0.704718686359198,0.991060869235161,0.33723011280680265,0.6321768075799329,0.6662966189952736
24,high,5,10,0.5387224188642946,0.8578538836845838,0.5197763528732287,0.6718308939025031,0.6470458873311525
24,high,6,12,0.369726252744681,0.835792153596408,0.7339746573921618,0.2304201786060236,0.5424783105848185
24,high,7,14,0.46424063292583245,0.9465433764041926,0.40180243218760253,0.1867982355002558,0.49984616925447084
24,high,8,16,0.3984232925903588,0.9746554104591727,0.19735791266562067,0.5301878252830243,0.5251561102495441
24,high,9,18,0.4909640243601692,0.887449490190036,0.31395664252243227,0.4962713533718406,0.5471603776111196
24,high,10,20,0.6844384395889573,0.864320043881686,0.8168331881231963,0.4733413339862055,0.7097332513950112
24,high,11,22,0.7154216539615367,0.9034128566138301,0.257090485743905,0.208998749606492,0.5212309364814409
24,high,12,24,0.6863606989195338,0.9124921705957917,0.6676311043477535,0.9975273768433653,0.8160028376766111
24,high,13,26,0.7479338614424191,0.967146784538539,0.710162429151798,0.9975273768433653,0.8556926129940303
24,high,14,28,0.5402712891507642,0.9452991871493216,0.20735252581800145,0.18673952830316443,0.4699156326053129
24,high,15,30,0.39831301489413323,0.9821537042866147,0.3594678992475448,0.45970305998738936,0.5499094196039206
24,high,16,32,0.45996046002004437,0.9879891112598519,0.6464202222844031,0.3561573533402608,0.6126317867261399
24,high,17,34,0.627790763449289,0.8530006850667846,0.7892710372256023,0.3255357129737412,0.6488995496788543
24,high,18,36,0.2667739540630718,0.9215910774807672,0.5992556897743635,0.7445129964696869,0.6330334294469724
24,high,19,38,0.3199659710244077,0.9698273563972702,0.2877999405084827,0.8163429345558094,0.5984840506214925
24,high,20,40,0.5512252974231432,0.884172239509427,0.5845380232879812,0.3463288209381704,0.5915660952896805
24,high,21,42,0.2563319255417511,0.9623193216120546,0.42191099918137864,0.6255727759921533,0.5665337555818344
24,high,22,44,0.25613306169696753,0.8476877090408201,0.20358192818114282,0.9173434901358304,0.5561865472636902
24,high,23,46,0.3284174524493335,0.7221660694721425,0.23699067386656653,0.6005368878144158,0.47202777090061454
24,high,24,48,0.2192083298797479,0.4750123153550935,0.3009105910396728,0.7976935721252872,0.4482062020999503
24,high,25,50,0.4860004813977485,0.5259596788568397,0.5156882829661158,0.571732588613545,0.5248452579585623
24,high,26,52,0.6112054500202194,0.8022036745670039,0.5275480735644178,0.20810527727863562,0.5372656188575692
24,high,27,54,0.4384978796843261,0.8630678260174549,0.23654261307893532,0.14550256600491274,0.42090272119640726
24,high,28,56,0.3168499485665686,0.7153426449241844,0.3203064818790781,0.48820532804289113,0.46017610085318056
24,high,29,58,0.3120825690914487,0.9267471009683405,0.7536996023316487,0.9667192190869867,0.7398121228696062
24,high,30,60,0.34097953984421886,0.9080491991324487,0.3987699591644611,0.3052451727369887,0.48826096771952937
24,high,31,62,0.45934462335699555,0.8827981250385583,0.5494540353736029,0.38161222409899037,0.5683022519670369
24,high,32,64,0.44323311919334946,0.5615594325820411,0.6441146931842863,0.3592512901847057,0.5020396337860956
24,high,33,66,0.5171384440203117,0.8738467615536563,0.8401100232792929,0.6338426047611826,0.7162344584036108
24,high,34,68,0.659803944341094,0.8223622097542233,0.649731540676945,0.25630060188429676,0.5970495741641397
24,high,35,70,0.4874414539931327,0.7433533532524281,0.45146649383759674,0.2740845630066682,0.4890864660224564
24,high,36,72,0.651137185035734,0.933109084712483,0.6895853383739193,0.38716337808076295,0.6652487465507247
24,high,37,74,0.4357933847981653,0.7417380390898317,0.4316759744820178,0.30205549842316826,0.47781572419829577
24,high,38,76,0.42463318700162306,0.8749419632665129,0.18094669735293265,0.29797847162729,0.4446250798120896
24,high,39,78,0.4624564202440256,0.9765404326162903,0.6491286363279772,0.18472962192835032,0.5682137777791609
24,high,40,80,0.5236647559985522,0.9375954465663294,0.7564712130780519,0.6712463648392936,0.7222444451205567
24,high,41,82,0.3057647290022304,0.9711487464914181,0.3214185499564896,0.8747627217750873,0.6182736868063063
24,high,42,84,0.5124985884794437,0.867027195955721,0.21999617603202704,0.15814493761759468,0.4394167245211966
24,high,43,86,0.803109348903424,0.9069792340353081,0.21514564762913826,0.34070716273666446,0.5664853483261337
24,high,44,88,0.7583349288131586,0.9398401251286483,0.48730611627536563,0.22789724688953386,0.6033446042766766
24,high,45,90,0.37731906201815046,0.9788363618870176,0.8031547605856364,0.4475761489715827,0.6517215833655968
24,high,46,92,0.26024457381328453,0.8352008893475752,0.19937466404939072,0.8556382040749709,0.5376145828213054
24,high,47,94,0.5704024953190862,0.9018182742347493,0.1564461874260069,0.9405258741815549,0.6422982077903493
24,high,48,96,0.4460440427602074,0.9047260246327997,0.4980061680057546,0.8407543868641688,0.6723826555657326
24,high,49,98,0.7636474053118014,0.7736207603558778,0.5429692261251472,0.24969735468450213,0.5824836866193321
24,high,50,100,0.4575838369709093,0.7142086404820359,0.7191097360204894,0.548199103257433,0.6097753291827169
24,high,51,102,0.5077877268935872,0.9426712901122429,0.13294295808603482,0.20411000321311693,0.44687799457624544
24,high,52,104,0.761336872262275,0.7794432776010884,0.2493482572626872,0.3564179641015983,0.5366365928069122
24,high,53,106,0.6282673469610723,0.9221959776720353,0.38301448431137186,0.1394913356077656,0.5182422861380613
24,high,54,108,0.33076617046324064,0.7876504302985207,0.36857094990322,0.8809558351083506,0.591985846443333
24,high,55,110,0.2317459269862527,0.6639282172033034,0.5214992472076391,0.9576780339225892,0.5937128563299461
24,high,56,112,0.692407057436092,0.8390257975697123,0.42471818051800014,0.4330337611551433,0.597296199169737
24,high,57,114,0.8204754827476082,0.9638598611554653,0.37619966981305725,0.31780785890647706,0.619585718155652
24,high,58,116,0.6540878812423306,0.9614742362494003,0.5542431833720445,0.11591328884633585,0.5714296474275278
24,high,59,118,0.043269472770841304,0.9975273768433653,0.6862390288788432,0.9975273768433653,0.6811408138341037
24,high,60,120,0.529711101638683,0.9645881120076788,0.2508632294244731,0.9864949857987667,0.6829143572174003
24,high,61,122,0.7005621862875998,0.9485209669039567,0.327219962370929,0.5486565427560065,0.631239914579623
24,high,62,124,0.6429383073745957,0.8830661715443083,0.5161311201248816,0.18521284051709627,0.5568371098902205
24,high,63,126,0.6003826036140643,0.9639677921922487,0.42129135122629574,0.7005439620493654,0.6715464272704935
24,high,64,128,0.41353899399284594,0.7097086920853907,0.4475532895988323,0.776224020198123,0.586756248968798
24,high,65,130,0.36004567472062216,0.8380019881172821,0.5586253294991705,0.868500620023831,0.6562934030902264
24,high,66,132,0.42677253362791534,0.9801993182655783,0.4966634604486765,0.9342186296495573,0.7094634854979318
24,high,67,134,0.6893140085124623,0.9379819012529225,0.4846737239414307,0.6684252200479711,0.6950987134386966
24,high,68,136,0.6415863216378388,0.8390254693811184,0.3958273137668345,0.3526369966158112,0.5572690253504007
24,high,69,138,0.4476624512660766,0.7637559756396051,0.8725291497135703,0.31162419816750947,0.5988929436966904
24,high,70,140,0.49420039289209333,0.937723944191627,0.36208048147936533,0.24277796863113976,0.5091956967985563
24,high,71,142,0.41574909600583276,0.6792790075257753,0.920478305761707,0.13513335147212402,0.5376599401913598
24,high,72,144,0.20255685771867352,0.8401987135471571,0.19447110608680443,0.8850770285179805,0.530575926467654
24,high,73,146,0.3116394282994253,0.41244410023958883,0.5395836551181105,0.8782134308239713,0.535470153620274
25,rest,0,0,0.5422042576688824,0.2566703319001316,0.2325273350437832,0.5654188041398673,0.39920518218816614
25,rest,1,2,0.6538705388754946,0.17386114481501452,0.5148239445299878,0.38988748038578863,0.43311077715157137
25,rest,2,4,0.6631122620899845,0.3287460876313553,0.08740639288225059,0.6476269640678914,0.4317229266678705
25,rest,3,6,0.6799951339635245,0.7120355710282497,0.6828690227067574,0.5057672034935479,0.6451667327980198
25,rest,4,8,0.7598015025243616,0.7725532953853614,0.541251368905261,0.34229055985505424,0.6039741816675095
25,rest,5,10,0.5921145662851918,0.4964157490268873,0.5322516114983622,0.2534118225480307,0.468548437339618
25,rest,6,12,0.5404760042434779,0.8093585093975723,0.5079136768849382,0.6822539905562689,0.6350005452705643
25,rest,7,14,0.9001437926140305,0.7140634760179649,0.3265740164526528,0.2924221576612874,0.5583008606864839
25,rest,8,16,0.47409097460682426,0.6212529624280606,0.3822051405349384,0.550213794175194,0.5069407179362544
25,rest,9,18,0.6309390987858885,0.35011053496217204,0.3511863518721006,0.3059906321803252,0.40955665445012157
25,rest,10,20,0.29931571691795555,0.17141329568478353,0.2948330637290661,0.22340643224233245,0.2472421271435344
25,rest,11,22,0.6952393139832688,0.8340816700598415,0.5120794320133591,0.27194931751798984,0.5783374333936149
25,rest,12,24,0.6619031764891851,0.7620184965579838,0.36548583876653956,0.21891606358107576,0.502080893848696
25,rest,13,26,0.6564821682771039,0.702035861636676,0.8426289338936177,0.4085111934980102,0.6524145393263521
25,rest,14,28,0.6000320005845536,0.5530603177416898,0.1121109779807773,0.33009522675570213,0.39882463076568075
25,rest,15,30,0.45172715044124523,0.5880980297271364,0.10278843093656788,0.42484336643527787,0.39186424438505685
25,rest,16,32,0.7073447325093031,0.6001261080373471,0.5654388978537216,0.24187624611418138,0.5286964961286383
25,rest,17,34,0.5309390528687252,0.4685396631780651,0.4738704941019593,0.18607420783296896,0.41485585449542967
25,rest,18,36,0.3965484045695708,0.5330118771230153,0.3854596983370289,0.7260256867991568,0.5102614167071929
25,rest,19,38,0.8845552487360879,0.902282748663453,0.6415091714678617,0.9273301570725534,0.838919331484989
25,rest,20,40,0.718516320367162,0.609065283828928,0.9004086829294353,0.5907165909471315,0.7046767195181642
25,rest,21,42,0.3797491324172273,0.32416511766102857,0.41313873780181326,0.7731574379617754,0.4725526064604611
25,rest,22,44,0.39476875563389646,0.24466943897119584,0.2088398846296422,0.26480778278652123,0.27827146550531395
25,rest,23,46,0.5684299537673538,0.502990674327261,0.3151178460317757,0.17666836033755756,0.390801708615987
25,rest,24,48,0.7874706412686439,0.47480110464905056,0.8950269172416041,0.5353108287934265,0.6731523729881812
25,rest,25,50,0.5229695830396871,0.4099918628446748,0.8832695443384421,0.41956287920366653,0.5589484673566176
25,rest,26,52,0.7075746289657128,0.3423674602741312,0.2549499153173059,0.23710648137148255,0.38549962148215805
25,rest,27,54,0.6809287406578389,0.4460783706451565,0.5592822537736882,0.5389076218712036,0.5562992467369717
25,rest,28,56,0.6174132071948727,0.8824072207319255,0.5664031491153605,0.4979398762068543,0.6410408633122533
25,rest,29,58,0.5334455030454763,0.6746911969864792,0.5644355405509429,0.7882108378126447,0.6401957695988858
25,rest,30,60,0.5109469002487762,0.523563741027912,0.22482318703330442,0.421076428563245,0.4201025642183094
25,rest,31,62,0.20345919058102938,0.28180658865926966,0.9012914276576802,0.33008736208698,0.4291611422462398
25,rest,32,64,0.06599484261350504,0.4043255991472371,0.4654939779336497,0.5660230427069911,0.37545936560034576
25,rest,33,66,0.5511072930854666,0.5938603394630452,0.4744446747866688,0.31607367124905084,0.48387149464605783
25,rest,34,68,0.29504049393356785,0.497009325672739,0.794913954964559,0.2563665698524374,0.4608325861058258
25,rest,35,70,0.3203270292280568,0.6025713282688318,0.7979322774225112,0.44300975139024745,0.5409600965774117
25,rest,36,72,0.30901173632420764,0.5132036749431884,0.24910867245137544,0.29481777880271015,0.3415354656303704
25,rest,37,74,0.6522845816088243,0.37420770279108145,0.7695920431013372,0.526385887611199,0.5806175537781105
25,rest,38,76,0.28191849610169933,0.1853621748008696,0.6797485092850288,0.9449332964278304,0.522990619153857
25,rest,39,78,0.519413472988109,0.0879632662226236,0.34263571705607226,0.6595437311573873,0.40238904685604804
25,rest,40,80,0.5672888319588332,0.21459272250700234,0.7191309122610323,0.5603426497960499,0.5153387791307295
25,rest,41,82,0.0904651932041256,0.6192771448549679,0.7542810170314268,0.856244524297234,0.5800669698469385
25,rest,42,84,0.15253626353962182,0.3757625233069288,0.3946324490325955,0.80046183794694,0.4308482684565216
25,rest,43,86,0.04922589896769467,0.3496971757418933,0.7232334528837643,0.7308498136763634,0.46325158531742894
25,rest,44,88,0.3493986680650768,0.4748656085161221,0.2085606799650877,0.2975974298344766,0.3326055965951908
25,rest,45,90,0.7947987959656134,0.6601778850875774,0.34591841448543736,0.3961959547540335,0.5492727625731655
25,rest,46,92,0.4780373093240731,0.7615374347396437,0.2748403199181454,0.4165139340547963,0.4827322495091646
25,rest,47,94,0.526755095779376,0.21589029284692568,0.1747181750160803,0.5020601237931458,0.35485592185888193
25,rest,48,96,0.4601721905681322,0.10232041394140155,0.9410491178910227,0.9717520081711583,0.6188234326429287
25,rest,49,98,0.4131242669227119,0.28859241934591523,0.5712426073725932,0.9738104018155129,0.5616924238641834
25,rest,50,100,0.2524811949623621,0.26707025794912964,0.6065732966032766,0.5993226435605242,0.4313618482688232
25,rest,51,102,0.1209905417229201,0.03218313263374587,0.4920863231150618,0.6430412282558944,0.3220753064319055
25,rest,52,104,0.32232162411595666,0.03972165185056884,0.35734272401462014,0.4898494731227469,0.30230886827597314
25,rest,53,106,0.07456549922525432,0.10452743262339576,0.629385678920485,0.7150473113951832,0.38088148054107956
25,rest,54,108,0.2183061259569393,0.7408326980916582,0.843303720029634,0.49049132414144053,0.573233467054918
25,rest,55,110,0.366367876839421,0.8751478947151619,0.6574797019088763,0.7374205013586607,0.65910399370553
25,rest,56,112,0.19766772026330803,0.5710507973896097,0.6913630423996892,0.667476283611896,0.5318894609161258
25,rest,57,114,0.8272024233091011,0.7734345785344681,0.4280301478161217,0.5560975410266775,0.6461911726715921
25,rest,58,116,0.6508973925096291,0.6088436582251728,0.34556500114379474,0.5310741526731035,0.534095051137925
25,rest,59,118,0.4890530997512239,0.5711896676030528,0.6674997818884357,0.48000753598856666,0.5519375213078197
25,rest,60,120,0.4024434778767566,0.7785334790069902,0.40147339133870236,0.33454047916707186,0.4792477068473802
25,rest,61,122,0.3760762044947159,0.7139643529617374,0.7275472627596196,0.6232401944278331,0.6102070036609765
25,rest,62,124,0.16145947530320506,0.45972149932726086,0.3662686043014098,0.5334411870345422,0.3802226914916045
25,rest,63,126,0.19811884981564068,0.7295123817957311,0.7215231246382153,0.6376300254635482,0.5716960954282838
25,rest,64,128,0.20672114439950726,0.6058136450877152,0.38666984059536036,0.5040964056247005,0.4258252589268209
25,rest,65,130,0.472701113114449,0.4397389497238126,0.26972016356263007,0.3453578180179123,0.381879511104701
25,rest,66,132,0.5240201320328107,0.2994033213808827,0.5954597853682243,0.40463952727235064,0.45588069151356714
25,rest,67,134,0.30612663001554735,0.26058821022301326,0.19533368510130267,0.31565803425768063,0.269426639899386
25,rest,68,136,0.6306384186965776,0.40583509403556206,0.3049962468838805,0.9975273768433653,0.5847492841148464
25,rest,69,138,0.8097645199117542,0.5862843566795429,0.47732164954154965,0.9975273768433653,0.7177244757440531
25,rest,70,140,0.8009352084107568,0.6142426788234148,0.8031661847130328,0.9975273768433653,0.8039678621976424
25,rest,71,142,0.18299037427702367,0.36832906494339274,0.6226529722091682,0.20093161496554712,0.34372600659878294
25,rest,72,144,0.28295913773038667,0.6517658965763781,0.6104232728219897,0.37334192344027783,0.47962255764225814
25,rest,73,146,0.41160879160589214,0.33516978082999016,0.42612184824128,0.4057174245572794,0.3946544613086104
25,high,0,0,0.2636229488892396,0.6518033958523043,0.9305505470942491,0.442327174206513,0.5720760165105765
25,high,1,2,0.7133619393803483,0.8457780458372328,0.4522785577962053,0.8194232537924636,0.7077104492015625
25,high,2,4,0.7712276933542177,0.8025882936742468,0.43433151111793844,0.9932430495352705,0.7503476369204184
25,high,3,6,0.6335004094076595,0.7147745059334346,0.605924639932278,0.9975273768433653,0.7379317330291844
25,high,4,8,0.9041513786443449,0.7172927382371989,0.4828057481067009,0.9618010976381074,0.766512740656588
25,high,5,10,0.36243100406005513,0.7470809844280869,0.9095987665613519,0.4978388335771895,0.6292373971566707
25,high,6,12,0.1823556908554373,0.6389150225061256,0.9303787619339836,0.4058294058452233,0.5393697202851925
25,high,7,14,0.22918781313043757,0.7024751144231612,0.7434243420893354,0.4995348629809948,0.5436555331559823
25,high,8,16,0.09350403340579186,0.8325048941522465,0.6757366416261638,0.2864890507407031,0.47205865498122634
25,high,9,18,0.04708926977216664,0.49097592207857615,0.4869243772839635,0.5838867608000836,0.4022190824836974
25,high,10,20,0.05854759443927318,0.3157589305609721,0.5224813338362667,0.781304321356046,0.41952304504813953
25,high,11,22,0.35449883926526915,0.8104330111062736,0.6886225787073877,0.285910474170643,0.5348662258123934
25,high,12,24,0.44179202569488224,0.8385640139206673,0.8469892479113061,0.5025668231299882,0.6574780276642109
25,high,13,26,0.7159104369902259,0.2672251928240165,0.959365693419812,0.603669183596629,0.6365426267076708
25,high,14,28,0.26640082006101196,0.7158860237040762,0.8614478934558575,0.8917986965959026,0.6838833584542121
25,high,15,30,0.23018903469193316,0.6094651838347024,0.9215454791632728,0.6541398123878108,0.6038348775194298
25,high,16,32,0.2919362166351139,0.8490416385426062,0.7422493790934965,0.45094902233569717,0.5835440641517284
25,high,17,34,0.11580652719324379,0.3492390590300816,0.8925884891794369,0.7954038821327801,0.5382594893838856
25,high,18,36,0.25498854765071854,0.8160517469647547,0.7770082415043731,0.6547819095537504,0.6257076114183993
25,high,19,38,0.2143378406586368,0.6915675710104756,0.26229160535846996,0.2239167362201697,0.348028438311938
25,high,20,40,0.2553403138101361,0.4407624087649399,0.8958800674068339,0.30032634352403936,0.4730772833764873
25,high,21,42,0.6353039790755084,0.5597837585666425,0.5647186779855118,0.25978946618163345,0.504898970452324
25,high,22,44,0.3063629506308709,0.8123782989202621,0.8340328771295185,0.19974519875685207,0.5381298313593759
25,high,23,46,0.03873666368245842,0.8263679188039853,0.7759007840922587,0.4104781076591267,0.5128708685594573
25,high,24,48,0.21392002542402017,0.7267785709016744,0.7278774005723226,0.33327640457716656,0.5004631003687959
25,high,25,50,0.32226536639763836,0.7442552188663049,0.6009430219094688,0.3031031368625215,0.4926416860089834
25,high,26,52,0.15688730825835123,0.4855261121946259,0.707068936631982,0.46591507757038536,0.4538493586638361
25,high,27,54,0.20037948095659813,0.6399571285668998,0.5469382516259701,0.28830592739093003,0.4188951971350995
25,high,28,56,0.17631498222992223,0.5931026984785286,0.19995611070434663,0.3438300290533153,0.3283009551165282
25,high,29,58,0.22555901287741806,0.49629615464519933,0.5467290297756244,0.2915620224670667,0.39003655494132716
25,high,30,60,0.05543613677198324,0.4905214545238832,0.4833517909974474,0.5920345064031552,0.4053359721741173
25,high,31,62,0.059323924801400696,0.7953134974902875,0.5128341969843571,0.7174923422720214,0.5212409903870167
25,high,32,64,0.16042348952065666,0.7029350415932594,0.8352250581901597,0.5929777749018174,0.5728903410514733
25,high,33,66,0.19229898719832741,0.6952794187786098,0.6934827907122145,0.39794799156274596,0.4947522970629744
25,high,34,68,0.09506183239654188,0.894480005573986,0.6633771376126338,0.45255220062055074,0.5263677940509282
25,high,35,70,0.17126997332541688,0.996615808706324,0.9105525754051682,0.8276192408872237,0.7265143995810333
25,high,36,72,0.17897003371300454,0.9912325132813918,0.8685268568278743,0.8935449663209571,0.7330685925358069
25,high,37,74,0.18401221014714872,0.5915572269092454,0.6449652385080246,0.2618328909340354,0.4205918916246135
25,high,38,76,0.3595433638700888,0.6136050240582288,0.6283769117841035,0.25154533987940286,0.46326765989795604
25,high,39,78,0.2084631947425126,0.545789920056982,0.20706575363498403,0.2564234327400615,0.3044355752936351
25,high,40,80,0.22488056896207745,0.6451816798849738,0.5746465754976432,0.21587816107693986,0.41514674635540855
25,high,41,82,0.14620898708285532,0.7933190736348493,0.8643900990699811,0.6626154059614523,0.6166333914372845
25,high,42,84,0.07463755762827538,0.7799827741331764,0.6606177188604379,0.6622143541133816,0.5443631011838178
25,high,43,86,0.03218201042639849,0.9061405411754146,0.9678048029933752,0.3048146611232564,0.5527355039296112
25,high,44,88,0.003728541042618044,0.8983098543824413,0.7994405473995333,0.221205693549164,0.4806711590934391
25,high,45,90,0.24013733243239932,0.8598437371562249,0.9565680046927614,0.21076941121318207,0.566829621373642
25,high,46,92,0.2502005460182652,0.6828723774231232,0.61316123145421,0.3817975582264291,0.4820079282805068
25,high,47,94,0.14663840756542662,0.7557322869469475,0.5072853487556809,0.41773591130918597,0.4568479886443102
25,high,48,96,0.19369116651235171,0.8562014668866362,0.818350874903724,0.23842052341578462,0.5266660079296241
25,high,49,98,0.09362899148566454,0.6836401247837577,0.5944864087887349,0.5988592211415412,0.4926536865499246
25,high,50,100,0.36049849231394326,0.4939161213535164,0.950444192680101,0.24270248677932796,0.5118903232817222
25,high,51,102,0.051013018984079894,0.43399147291887286,0.9896082796449512,0.21228890248228907,0.4217254185075483
25,high,52,104,0.06640170962122877,0.5565060149108588,0.9302084449117151,0.22838804929015943,0.4453760546834905
25,high,53,106,0.7411383464379141,0.8216682384469475,0.716752505606629,0.5189234271324152,0.6996206294059765
25,high,54,108,0.2857940080982715,0.6761453931816233,0.781165337578295,0.2147344677881778,0.48945980166159186
25,high,55,110,0.2796785394146945,0.37045799811959457,0.4197457327302353,0.4055695952414996,0.36886296637650595
25,high,56,112,0.2885097887976385,0.3872725104297721,0.694557512505542,0.599280011425495,0.4924049557896119
25,high,57,114,0.010767861224489464,0.9756458907938462,0.47244333300537844,0.4316943075603533,0.47263784814601684
25,high,58,116,0.04917747450981286,0.9880161758517533,0.6979513136394729,0.15916231378593934,0.47357681944674457
25,high,59,118,0.054342601364343095,0.9975273768433653,0.5607053497943474,0.166881727295019,0.4448642638242687
25,high,60,120,0.11141958633825147,0.9949489234739128,0.6498082940328015,0.17578682103165044,0.482990906219154
25,high,61,122,0.29478413681877463,0.9805939679260844,0.41922096427274996,0.3773195661727273,0.5179796587975841
25,high,62,124,0.30453968394517794,0.9020834513991545,0.5074166738739169,0.6923936105989937,0.6016083549543108
25,high,63,126,0.4819958793184688,0.7086717118857696,0.3442650968793691,0.3511415324001808,0.47151855512094704
25,high,64,128,0.4315709783036961,0.7044767618676585,0.6473084816542859,0.26651117176537836,0.5124668483977547
25,high,65,130,0.33799265283366275,0.8133578339014954,0.5276879957961614,0.3198153886944661,0.49971346780644643
25,high,66,132,0.176491293583754,0.34926509331811,0.4370296835486989,0.38901229044075475,0.3379495902228294
25,high,67,134,0.11411248392537957,0.20667757704941192,0.6232154879015477,0.3362887352058445,0.3200735710205459
25,high,68,136,0.18828245770116542,0.7345618387329982,0.8920429765676943,0.2622999638083392,0.5192968092025493
25,high,69,138,0.2817078791592029,0.46115482983262196,0.5939744561410839,0.4325616424812501,0.4423497019035397
25,high,70,140,0.21175202151217612,0.7343423312659666,0.6121918153580128,0.4776910598260362,0.5089943069905479
25,high,71,142,0.4031968699513139,0.6875385309279594,0.6226155327777424,0.17968569275912502,0.4732591566040352
25,high,72,144,0.016113403036383922,0.9284538299693726,0.7807894302054575,0.7210516733857901,0.6116020841492511
25,high,73,146,0.008412461865272329,0.9834973957786801,0.9867782608852896,0.15282931349636092,0.5328793580064007
26,rest,0,0,0.5340039168773341,0.6276525235518812,0.2081263488566774,0.525637243204362,0.47385500812256365
26,rest,1,2,0.08127924436769172,0.9378320382947253,0.39657117573525036,0.43914546029141815,0.46370697967227137
26,rest,2,4,0.05926822812731533,0.9310714966672072,0.658337692697839,0.411273368629064,0.5149876965303565
26,rest,3,6,0.6168314540277042,0.8661528606353013,0.6945939321405467,0.4938989596546466,0.6678693016145497
26,rest,4,8,0.6631607661493574,0.7154825176666167,0.34067489701650927,0.5625436145117511,0.5704654488360585
26,rest,5,10,0.36288486542415654,0.6196569852196538,0.633417916674312,0.37451692403158543,0.49761917283742696
26,rest,6,12,0.24557449526821729,0.5276661374407924,0.7547298829116244,0.26150049451275786,0.447367752533348
26,rest,7,14,0.6086472078960189,0.5867791434828097,0.39276481883348435,0.3508910493083767,0.4847705548801724
26,rest,8,16,0.17851873268825538,0.9421828496199534,0.3548317864697764,0.2784626407714702,0.43849900238736383
26,rest,9,18,0.15104135495170032,0.9568220010025369,0.16342157976073957,0.3464703892201105,0.4044388312337718
26,rest,10,20,0.5976734611141813,0.7680802618042083,0.2619915907581271,0.30311726752152746,0.48271564529951105
26,rest,11,22,0.33681088098883166,0.4875094346331769,0.6957128990520329,0.2933217435452979,0.45333873955483484
26,rest,12,24,0.24689195622107404,0.6639100799881528,0.3752698580565884,0.29407952904630513,0.39503785582803014
26,rest,13,26,0.34256065734545355,0.38642869803197466,0.43953879348835556,0.3714795079590991,0.38500191420622076
26,rest,14,28,0.5522438325038216,0.3335640700076023,0.29432214808210344,0.38865400217781787,0.39219601319283626
26,rest,15,30,0.516904874062971,0.46673931146793624,0.3646798889895224,0.35079003774230255,0.42477852806568306
26,rest,16,32,0.5682705308385694,0.4493522869745653,0.17943096072358783,0.36130866572957976,0.38959061106657555
26,rest,17,34,0.7123826822286803,0.5562899014782334,0.6129625909413188,0.2964241479875414,0.5445148306589435
26,rest,18,36,0.6302625322998996,0.6918248057973969,0.5710794830812334,0.4198201092039942,0.5782467325956311
26,rest,19,38,0.8058339889435935,0.5386541146199016,0.28087165854066937,0.3207106526892287,0.48651760369834834
26,rest,20,40,0.5794179873608608,0.41486584252365294,0.5896950342076245,0.38748110771990835,0.49286499295301167
26,rest,21,42,0.7444680252703972,0.29642811835559196,0.2780565579568322,0.37339948769801434,0.4230880473202089
26,rest,22,44,0.6335132755886437,0.7357490278297273,0.06838467842049042,0.3416642419459596,0.44482780594620525
26,rest,23,46,0.5723351172824733,0.787582011620245,0.5259096580049253,0.277318216017414,0.5407862507312644
26,rest,24,48,0.777724726253901,0.28423206545808394,0.7431175052466589,0.5142922242990702,0.5798416303144285
26,rest,25,50,0.5179386956474229,0.3273601589383271,0.8813057644445207,0.36654652656604136,0.523287786399078
26,rest,26,52,0.26290066054284134,0.5366519215351598,0.38097899732424195,0.30413053430316633,0.37116552842635236
26,rest,27,54,0.5041164830592342,0.3467953427912781,0.49904218738927003,0.5700147312337185,0.4799921861183752
26,rest,28,56,0.628080430172784,0.32877757377754474,0.6656762084567629,0.41283429612315514,0.5088421271325617
26,rest,29,58,0.6366077436267493,0.34244669489203855,0.7291948748267949,0.6407082230797342,0.5872393841063293
26,rest,30,60,0.7307942737154905,0.2375970825657161,0.4386837156806356,0.41290961544010735,0.45499617185048735
26,rest,31,62,0.635685135490471,0.21994892018062354,0.568904737321775,0.44165317829112233,0.466547992820998
26,rest,32,64,0.7360850329763745,0.28410252496188454,0.20092138878514443,0.3356487929715155,0.38918943492372976
26,rest,33,66,0.36421079071377904,0.37990941395428124,0.17622011115598335,0.3076285498674559,0.3069922164228749
26,rest,34,68,0.3187009000931441,0.5053033674884365,0.7127608327551422,0.27227570265712886,0.45226020074846296
26,rest,35,70,0.6684381393346878,0.49553203241962923,0.46740436686870784,0.25419995894458325,0.471393624391902
26,rest,36,72,0.5360178510063603,0.39284992605169944,0.9113610090967353,0.3776402121131911,0.5544672495669966
26,rest,37,74,0.4958835169407658,0.6440328603218692,0.8619498035408354,0.300287940401512,0.5755385303012457
26,rest,38,76,0.9198733701898946,0.6236036013878389,0.5009578126107299,0.446711810400395,0.6227866486472146
26,rest,39,78,0.4474921790477415,0.30384196003426694,0.22232346967578154,0.4220526937653163,0.3489275756307766
26,rest,40,80,0.47727787928290466,0.4214158651337355,0.2773992913558422,0.5642706875127078,0.4350909308212976
26,rest,41,82,0.3715905841641015,0.820077336322451,0.7813591208748988,0.6900683579335559,0.6657738498237518
26,rest,42,84,0.35637975496492635,0.7666508096155007,0.6128658699266722,0.6606598109213339,0.5991390613571083
26,rest,43,86,0.18437896553837693,0.8536083688931002,0.25006900530499115,0.5836578187908678,0.467928539631834
26,rest,44,88,0.09252447764328349,0.9233953652654655,0.46273273274535026,0.7719232027800076,0.5626439446085267
26,rest,45,90,0.09201056614249149,0.9362482850334319,0.6903822411958126,0.7827581569743887,0.6253498123365311
26,rest,46,92,0.3127581587104087,0.2985012760926487,0.32908605483794634,0.7706025555228248,0.4277370112909571
26,rest,47,94,0.17171652098879778,0.8074332170254828,0.24508578377031165,0.8839767115889426,0.5270530583433837
26,rest,48,96,0.2235470803314054,0.7251114135969013,0.6689336423200182,0.9578074973624422,0.6438499084026917
26,rest,49,98,0.6267085660969433,0.260084117459883,0.5165153074811017,0.624172442489967,0.5068701083819738
26,rest,50,100,0.661854583677552,0.4393478512846144,0.601734523586568,0.7476822743503225,0.6126548082247643
26,rest,51,102,0.8501586360398941,0.38143640367606324,0.47120772354706225,0.5996716998645569,0.5756186157818941
26,rest,52,104,0.8183385074026036,0.18077777573392173,0.8872934338954783,0.841991584898363,0.6821003254825917
26,rest,53,106,0.5057487673784092,0.44060753479792036,0.4114270313512852,0.8596653483430299,0.5543621704676611
26,rest,54,108,0.6091958450845236,0.3388969736121991,0.6702341454916562,0.6338650308708073,0.5630479987647966
26,rest,55,110,0.7797574090876508,0.2808711366134708,0.22057290192568046,0.6442947331459871,0.48137404519319726
26,rest,56,112,0.577929350724246,0.5446483081731728,0.5244173114344123,0.7048014432298307,0.5879491033904155
26,rest,57,114,0.26347201844954465,0.34124838308018596,0.44545188526946333,0.946203163060515,0.49909386246492726
26,rest,58,116,0.22514873176340058,0.44161746708987343,0.3494391870530567,0.8746149740981634,0.4727050900011235
26,rest,59,118,0.03914663658316753,0.8627091142273148,0.9754549222049255,0.24543714818778092,0.5306869553007972
26,rest,60,120,0.03278148665710241,0.8983991218312334,0.9685739241107257,0.23699564696688277,0.534187544891486
26,rest,61,122,0.27141452250439746,0.954007197998159,0.5158126928468363,0.5783536165253653,0.5798970074686896
26,rest,62,124,0.374032460093627,0.6214324422377924,0.7696819435106206,0.8994064129606735,0.6661383147006784
26,rest,63,126,0.4841822960182745,0.4443098509674905,0.6300269479959488,0.9561186617215138,0.6286594391758069
26,rest,64,128,0.36043520931819634,0.5956099404447047,0.6027256094097301,0.678607622435744,0.5593445954020937
26,rest,65,130,0.40051929311445794,0.358433290604481,0.46902956588328515,0.8173389754263801,0.5113302812571511
26,rest,66,132,0.3228729155419249,0.6047665246534483,0.6056005891006309,0.9189333761214243,0.6130433513543571
26,rest,67,134,0.5134820412852321,0.22442072181596215,0.584420351797311,0.6095484066800261,0.48296788039463284
26,rest,68,136,0.2904360996584512,0.3023288087237344,0.30784755287834953,0.9765095302954099,0.46928049788898624
26,rest,69,138,0.3014622230352696,0.44459121613131664,0.874155056024829,0.9379364904969513,0.6395362464220916
26,rest,70,140,0.706366889077609,0.32443329160927986,0.45634466299587145,0.6601287118798344,0.5368183888906487
26,rest,71,142,0.642242746071761,0.38511063940297796,0.4867343004357585,0.5061010403453534,0.5050471815639628
26,rest,72,144,0.145583156470367,0.5765105751424866,0.18491684104289752,0.9637535916421255,0.4676910410744691
26,rest,73,146,0.4032602433199035,0.5044679675803709,0.5161900176657169,0.6725526219910681,0.5241177126392649
26,high,0,0,0.9438897105441943,0.5802460725006404,0.2834578986809757,0.9928390743658617,0.700108189022918
26,high,1,2,0.8610946418905662,0.4823601421585237,0.3823624711748058,0.9953578859109974,0.6802937852837232
26,high,2,4,0.9587086488272993,0.4320923555913853,0.3321785501372067,0.9644251137101209,0.671851167066503
26,high,3,6,0.7910750038831966,0.537670653677485,0.5128198410375859,0.9399047508014043,0.6953675623499179
26,high,4,8,0.7106877965066628,0.6436201508116924,0.5044083642758193,0.8483450595345261,0.6767653427821751
26,high,5,10,0.48044236180071026,0.8056424240952553,0.5121928534042929,0.8238645477975508,0.6555355467744524
26,high,6,12,0.5008409545201512,0.8677624923552303,0.3852378497344509,0.884691031162683,0.6596330819431289
26,high,7,14,0.504536772636434,0.8275410145131187,0.5852719834947039,0.9377889525395791,0.7137846807959589
26,high,8,16,0.649023237104676,0.5013075787373028,0.34230634930230897,0.9555237779751249,0.6120402357798531
26,high,9,18,0.6204488147000534,0.44730184987410576,0.4565122808206779,0.9466221136587806,0.6177212647634044
26,high,10,20,0.9666879264331879,0.5501105147994543,0.3084635722172694,0.99064763948672,0.7039774132341579
26,high,11,22,0.9939532129876649,0.5931080326012576,0.487798183330644,0.9975273768433653,0.7680967014407329
26,high,12,24,0.9154397613694981,0.48224978226459175,0.324919604570095,0.9307955291583283,0.6633511693406283
26,high,13,26,0.7594783575973891,0.33461752006658096,0.3060540630433439,0.48622196322523914,0.4715929759831383
26,high,14,28,0.7925434479863994,0.3438785446387234,0.3404870166708411,0.9712684728700975,0.6120443705415154
26,high,15,30,0.811547158988095,0.3708951692614952,0.6670266457584969,0.9893955841304783,0.7097161395346413
26,high,16,32,0.8916669714967352,0.4466203004654578,0.5559348384092752,0.9616846148407472,0.7139766813030538
26,high,17,34,0.9132445157293795,0.5016301507733494,0.34917100829078784,0.8578925534255891,0.6554845570547764
26,high,18,36,0.9060253813716097,0.38353611264126863,0.40666030446561985,0.8994357299702906,0.6489143821121972
26,high,19,38,0.9491470965561263,0.6002970510951073,0.42343517896736205,0.915159548702191,0.7220097188301967
26,high,20,40,0.8927691003847873,0.6125683195671972,0.22496962191430045,0.908869185750972,0.6597940569043143
26,high,21,42,0.8975730229201749,0.4253152335958436,0.2979420995467385,0.8470408377468704,0.6169677984524069
26,high,22,44,0.8457450970756619,0.5373063389775585,0.7041339687588624,0.7381654056734177,0.7063377026213751
26,high,23,46,0.6097542764726543,0.5789392610965489,0.780634235877734,0.8748930402961911,0.711055203435782
26,high,24,48,0.5583260662988755,0.46463239368489145,0.5852742336551917,0.7413055485860839,0.5873845605562606
26,high,25,50,0.444242944138293,0.3777104422996651,0.5323944200982438,0.6970395839472459,0.512846847620862
26,high,26,52,0.30545751573443525,0.40451804742179354,0.20814170907201318,0.9300843634977347,0.4620504089314942
26,high,27,54,0.5688344624532791,0.3678171367718377,0.4459784325331565,0.9591107134822443,0.5854351863101294
26,high,28,56,0.8671534871021215,0.3665892423767339,0.4086415233488158,0.9200517780399012,0.6406090077168931
26,high,29,58,0.7422522725135262,0.4474263559082569,0.3214182028037196,0.9510189364413774,0.61552894191672
26,high,30,60,0.7625836028630135,0.443022115912729,0.5511006002110155,0.9974882169709637,0.6885486339894304
26,high,31,62,0.8907468181426176,0.43431829324119525,0.45915396395692243,0.8855794227857069,0.6674496245316105
26,high,32,64,0.7397098883437802,0.49264640194699033,0.6048994540391307,0.9741108122453332,0.7028416391438086
26,high,33,66,0.6323687881334906,0.5320292289785398,0.2819537728096099,0.9895013794155372,0.6089632923342944
26,high,34,68,0.7666654263058841,0.509914599938266,0.5477906244647812,0.9401405321388576,0.6911277957119473
26,high,35,70,0.8905563381393637,0.567440797431176,0.19722104085503983,0.6480264355078182,0.5758111529833495
26,high,36,72,0.6614729880016295,0.4380074581431975,0.4401319691059673,0.9323937939353033,0.6180015522965244
26,high,37,74,0.5976987464785765,0.45524105756592487,0.4225933571156661,0.9623215561883527,0.60946367933713
26,high,38,76,0.8631024933735241,0.5928458534440646,0.2234622711938996,0.9925659777747544,0.6679941489465606
26,high,39,78,0.8115567925019,0.5239744620986803,0.22714828317549218,0.7000130662834838,0.565673151014889
26,high,40,80,0.6327378403174778,0.4539948995962064,0.6186826415657009,0.7646402933551619,0.6175139187086367
26,high,41,82,0.7283114114473455,0.4185876494118347,0.3349910965643261,0.7835537236560023,0.5663609702698772
26,high,42,84,0.8848706472113633,0.21354450385385254,0.3799764241241979,0.6396016724898325,0.5294983119198116
26,high,43,86,0.9695297458076144,0.33742381962103657,0.48784897353187096,0.7248970630038448,0.6299249004910917
26,high,44,88,0.9752784182695515,0.5006097352220539,0.33026300887615595,0.887576727203282,0.6734319723927609
26,high,45,90,0.951282750967618,0.45144270525570374,0.5233627491052438,0.9660478022186106,0.7230340018867941
26,high,46,92,0.8620136680906941,0.4266132203656615,0.25698230016400914,0.7963330475025072,0.585485559030718
26,high,47,94,0.7633680097794346,0.47346524671456713,0.5893571532138615,0.9667737462468795,0.6982410389886857
26,high,48,96,0.8715168809791233,0.27475290667743585,0.256719651115289,0.8811335475391312,0.5710307465777448
26,high,49,98,0.9017210984551163,0.3867669677394939,0.3855141134367257,0.9799645440581363,0.6634916809223681
26,high,50,100,0.8252533732016983,0.47142938189176,0.5177108257847326,0.979922345635449,0.6985789816284099
26,high,51,102,0.8103300759903598,0.35747197926990054,0.5253800266011911,0.9213601607435344,0.6536355606512465
26,high,52,104,0.7673643783963634,0.41780575914450374,0.771096542649014,0.9562344607355198,0.7281252852313502
26,high,53,106,0.6990904099950582,0.42111283723091136,0.33517917902222205,0.7462941925990642,0.5504191547118139
26,high,54,108,0.7905811866120026,0.5050968275511464,0.29220317608814655,0.6759528415506152,0.5659585079504776
26,high,55,110,0.8023843891160499,0.2492472871956507,0.31596850224421585,0.8508687538868995,0.554617233110704
26,high,56,112,0.8908565378766015,0.2871557939006942,0.46447146630813585,0.9975273768433653,0.6600027937321992
26,high,57,114,0.8470075607891039,0.4286567531512885,0.7460815498664589,0.9883923291055212,0.7525345482280931
26,high,58,116,0.950920342793641,0.41739876976705803,0.3740906185083694,0.832301163494349,0.6436777236408544
26,high,59,118,0.9400543797183905,0.3857212810856738,0.12110411705325184,0.8275355489118641,0.568603831692295
26,high,60,120,0.8624227226583749,0.49006388188197975,0.3792075426959483,0.9081248023052381,0.6599547373853852
26,high,61,122,0.858609420967698,0.3317117371318828,0.2887824568579961,0.5877217993744683,0.5167063535830112
26,high,62,124,0.8065161305372046,0.3548778722200134,0.3928095284570288,0.4929615505671177,0.5117912704453411
26,high,63,126,0.7722911045826422,0.45831068631651656,0.22674414571694043,0.646426604296012,0.5259431352280277
26,high,64,128,0.7796821425755381,0.3576282133604668,0.29915837292764386,0.6557539356959872,0.5230556661399091
26,high,65,130,0.811985476191987,0.5271075834810658,0.277957848281273,0.8171254001769604,0.6085440770328215
26,high,66,132,0.8860634132482312,0.48989728711276953,0.276717150640244,0.7390588129975444,0.5979341659996973
26,high,67,134,0.8914973185253369,0.2750075917846255,0.5824690920997745,0.908358237592645,0.6643330600005954
26,high,68,136,0.6314232909111268,0.3291258130909433,0.4455683717124142,0.8354031398686462,0.5603801538957827
26,high,69,138,0.8851074990798711,0.46717699216223857,0.3822295314546849,0.6781885216993089,0.6031756360990259
26,high,70,140,0.8541458456921587,0.2907493131765133,0.4590320092837002,0.9635144821877505,0.6418604125850307
26,high,71,142,0.8941206480383773,0.4198695361021274,0.37925782004466035,0.9941387364056588,0.671846685147706
26,high,72,144,0.8506321263478227,0.4108859937621042,0.22997627535483825,0.9883152989181249,0.6199524235957226
26,high,73,146,0.7821820051904318,0.4545887877336598,0.258370852466407,0.6726172510332719,0.5419397241059426
27,rest,0,0,0.006699467806784726,0.6657900493935657,0.9928497515117928,0.22274185303489277,0.472020280436759
27,rest,1,2,0.35035449973705873,0.2552349831397859,0.23045696544479854,0.306801623794835,0.28571201802911955
27,rest,2,4,0.5179083938435994,0.5167464111385341,0.2877387623431409,0.7068167816932331,0.5073025872546268
27,rest,3,6,0.11404088900769116,0.43537453132984255,0.330204180811159,0.544693779229978,0.3560783450946676
27,rest,4,8,0.19776627221495918,0.3124572128832538,0.5105737556218274,0.6133353376767466,0.40853314459919676
27,rest,5,10,0.02075594392624883,0.4696738930550748,0.7040628074956589,0.8873456941299234,0.5204595846517265
27,rest,6,12,0.008360547286672286,0.7230059519459028,0.8238365618843887,0.9089087562620575,0.6160279543447553
27,rest,7,14,0.047154500382255625,0.8825816612723352,0.4827385059730079,0.653371840864677,0.516461627123069
27,rest,8,16,0.08742874587421791,0.8127630201911556,0.7305729988200437,0.62198646034282,0.5631878063070593
27,rest,9,18,0.02507453034855829,0.3214272012226888,0.25307636343789397,0.8310039467190613,0.3576455104320506
27,rest,10,20,0.017282959264881697,0.2859468571213679,0.24254117030851874,0.9574242569848852,0.3757988109199134
27,rest,11,22,0.4463637433292364,0.6620260052571229,0.5364423606283036,0.8093478922913088,0.6135450003764928
27,rest,12,24,0.5770213642052978,0.5339623097033068,0.8313475691501542,0.9191977749736928,0.7153822545081129
27,rest,13,26,0.5406587540556861,0.4952334965289261,0.314753898713037,0.7695195614579556,0.5300414276889012
27,rest,14,28,0.561999703853539,0.41863046811510707,0.541989883148274,0.7692515084281418,0.5729678908862655
27,rest,15,30,0.3880048017304703,0.3280726598907482,0.46785258703220045,0.6767455378073878,0.46516889661520167
27,rest,16,32,0.5914773831124381,0.23280433204446419,0.4231101956749653,0.5209945991816274,0.44209662750337375
27,rest,17,34,0.422677422925457,0.5047665034710735,0.24057925238280545,0.41472488250378753,0.3956870153207809
27,rest,18,36,0.30990014126181337,0.38875827604662305,0.3305614725390228,0.33182006561911903,0.34025998886664455
27,rest,19,38,0.4555058238293804,0.5775616395260501,0.35178802159623584,0.55717225740211,0.48550693558844404
27,rest,20,40,0.4734388717492309,0.25193176454349814,0.4058651726102775,0.3705771609734507,0.3754532424691143
27,rest,21,42,0.5034417034601667,0.9113879978607509,0.5904605229628916,0.47143667467928524,0.6191817247407735
27,rest,22,44,0.42798952596435397,0.9767318246623812,0.5913273625556132,0.7083252871236784,0.6760935000765067
27,rest,23,46,0.6250840932713905,0.4223848760254339,0.5244582440007357,0.6458374126920865,0.5544411564974117
27,rest,24,48,0.4884641896979883,0.4094971152697974,0.39169073654857567,0.40387125290058934,0.4233808236042377
27,rest,25,50,0.4394950972276708,0.35737587788551173,0.711254981702882,0.6483016940152722,0.5391069127078342
27,rest,26,52,0.5217648688273964,0.40067063420063515,0.6873743839076631,0.7577023905650329,0.591878069375182
27,rest,27,54,0.6490281831480411,0.7112398211499571,0.3927825625497501,0.7661027779874778,0.6297883362088066
27,rest,28,56,0.6802961015930773,0.5394208927412937,0.46434493079949135,0.3777774877148954,0.5154598532121895
27,rest,29,58,0.7818649998745026,0.5526821221377476,0.5481651001008594,0.6364604779941248,0.6297931750268086
27,rest,30,60,0.5130085667009179,0.4948669027090304,0.6272779834254982,0.7675295391557362,0.6006707479977957
27,rest,31,62,0.7895598082613866,0.3370103728669042,0.2799161274970959,0.4183979871712319,0.4562210739491547
27,rest,32,64,0.4116672979869462,0.35764328438766935,0.4904821171998999,0.3562185883276359,0.40400282197553783
27,rest,33,66,0.49655829653983324,0.25487968485649265,0.671748186470415,0.4365660376216104,0.46493805137208777
27,rest,34,68,0.6706538446840095,0.5425143868341036,0.3767465754689975,0.31870380687783945,0.47715465346623753
27,rest,35,70,0.6134524223918734,0.28891604555246714,0.5322380736358563,0.4814857435453776,0.4790230712813936
27,rest,36,72,0.7638292654835591,0.512317384511764,0.7246088380609841,0.3420863309912249,0.585710454761883
27,rest,37,74,0.8677650927104732,0.8119009416310331,0.3541015134140745,0.3407020274069005,0.5936173937906203
27,rest,38,76,0.9183282807303462,0.7976854347926426,0.24527101515316588,0.4169449443540261,0.5945574187575452
27,rest,39,78,0.7757158519490881,0.40318353862092055,0.45771002141798933,0.5412990746068802,0.5444771216487195
27,rest,40,80,0.4038073314353127,0.6102917630460646,0.34449308893947944,0.5489101991644278,0.47687559564632115
27,rest,41,82,0.3375413881254622,0.5205315470614892,0.39537741638507545,0.3340183369990266,0.39686717214276335
27,rest,42,84,0.5204978159833689,0.8125600318036343,0.5724305947195225,0.35835151458073405,0.5659599892718149
27,rest,43,86,0.13053058748564694,0.9250594941585109,0.8556492325413927,0.34352447918044904,0.5636909483414998
27,rest,44,88,0.20001732732430647,0.6356106767397693,0.7451128215299756,0.6714781115023739,0.5630547342741063
27,rest,45,90,0.3480796647732584,0.27606282497159257,0.5986801207003095,0.6354331089235044,0.4645639298421662
27,rest,46,92,0.21719666739713822,0.22930632045943275,0.6094976522345222,0.6901726751312734,0.43654332880559166
27,rest,47,94,0.6345075687534782,0.33805081318017843,0.9123299659844959,0.6316632748582337,0.6291379056940966
27,rest,48,96,0.6119775578255723,0.20377463803320864,0.6985523052963886,0.5836127730849826,0.524479318560038
27,rest,49,98,0.4590180229151915,0.5293747146246749,0.9147240948310156,0.7873936480434768,0.6726276201035897
27,rest,50,100,0.1195069976489504,0.5186563047694094,0.8696884354519422,0.7316513822783264,0.559875780037157
27,rest,51,102,0.2719776775132266,0.396125947695434,0.4489524848792645,0.39737977840296324,0.37860897212272204
27,rest,52,104,0.5875688106271832,0.3441996633906892,0.5585860808201674,0.3334013156870772,0.4559389676312793
27,rest,53,106,0.4593460836514269,0.6194226675445114,0.8658568089424935,0.3313178728346952,0.5689858582432817
27,rest,54,108,0.16804823174925673,0.4543075820928915,0.5068629204639626,0.24539620901539497,0.34365373583037645
27,rest,55,110,0.7617835507975962,0.319856819552837,0.2696952348456744,0.23208169446566695,0.39585432491544364
27,rest,56,112,0.682400125394515,0.5108178397231244,0.7984546666447508,0.8468298095581113,0.7096256103301254
27,rest,57,114,0.6944363645761606,0.22553307286368396,0.18686400283136967,0.3931004358453574,0.3749834690291429
27,rest,58,116,0.8033497127425789,0.21454705340578265,0.30782196841471654,0.5185142564546223,0.4610582477544251
27,rest,59,118,0.8880248017915463,0.32053312381064225,0.46853146270173757,0.32956699160625513,0.5016640949775453
27,rest,60,120,0.8527254729377883,0.16500770400356532,0.5227159760710175,0.522751082882072,0.5158000589736107
27,rest,61,122,0.6994593314305956,0.2373955721145606,0.8096220741965606,0.2536201852355696,0.5000242907443216
27,rest,62,124,0.3798146850951965,0.12650763487267988,0.39251047500026115,0.35043512829528195,0.31231698081585485
27,rest,63,126,0.6139915518448128,0.37233720989281444,0.2905435945916427,0.2923761093661582,0.3923121164238571
27,rest,64,128,0.7227774095292642,0.5283108872360481,0.49313707953603736,0.2994054577854471,0.5109077085216992
27,rest,65,130,0.7099518720127038,0.653700985285131,0.3665346837720919,0.2820055846499244,0.5030482814299628
27,rest,66,132,0.662557354417721,0.716586594857792,0.5873968104152671,0.6657030884756265,0.6580609620416016
27,rest,67,134,0.6080817504768847,0.8599951752507888,0.3594701899841584,0.6072259077509914,0.6086932558657059
27,rest,68,136,0.40566771539509844,0.833055476125041,0.432715081871505,0.4276754847634443,0.5247784395387722
27,rest,69,138,0.01957030296803771,0.791493049979508,0.7559256434517013,0.3582061808568456,0.4812987943140231
27,rest,70,140,0.029012610403497563,0.7937539223875222,0.9111438804746725,0.31359625529393304,0.5118766671399063
27,rest,71,142,0.5292787375310022,0.6195056255952368,0.67288837680155,0.34084486232533684,0.5406294005632815
27,rest,72,144,0.4109397247391998,0.5422257019436274,0.19254276436998655,0.31307743818238304,0.3646964073087992
27,rest,73,146,0.7011060009675549,0.7182969702199781,0.2570960157913785,0.23486199530866056,0.477840245571893
27,high,0,0,0.5882423097270643,0.4600680756772504,0.7127179684878281,0.8846272337545288,0.6614138969116679
27,high,1,2,0.03247762288553327,0.5562583768549649,0.5951884974455327,0.8675292829902121,0.5128634450440608
27,high,2,4,0.005111534477617885,0.5978810385897282,0.34915760066690754,0.8411686226502402,0.44832969909612347
27,high,3,6,0.0185711530588275,0.570916943285965,0.8543382942202372,0.40465158057033807,0.46211949278384196
27,high,4,8,0.018669732863907086,0.5091138244561909,0.28205393460494904,0.6092032028572589,0.3547601736955765
27,high,5,10,0.03176608994361429,0.5395293253364096,0.5379520252796108,0.8915115238263412,0.5001897410964941
27,high,6,12,0.023594218258820285,0.5197912635106025,0.7885896751559375,0.7766735872660303,0.5271621860478476
27,high,7,14,0.0037790188532349014,0.8674947699365977,0.8055898781884121,0.8576849551985206,0.6336371555441913
27,high,8,16,0.02176522543779759,0.6214472965640064,0.4886262856805083,0.8258958121422634,0.4894336549561439
27,high,9,18,0.03188961152227963,0.587295205655918,0.6297460223369045,0.6076075280966227,0.46413459190293116
27,high,10,20,0.011391187574942011,0.3377837373380556,0.8034091059476536,0.9427292624208173,0.5238283233203671
27,high,11,22,0.0086915876869006,0.7039128457356904,0.6154357569629458,0.9946502211227863,0.5806726028770808
27,high,12,24,0.0024726231566347743,0.7926969934403201,0.5392216610281221,0.9447106603823885,0.5697754845018663
27,high,13,26,0.03238608692860961,0.983803396960436,0.16226326099451546,0.898611156721837,0.5192659754013494
27,high,14,28,0.5479294547595699,0.46706348041815915,0.29795194799843355,0.9906544293610852,0.575899828134312
27,high,15,30,0.33153123599832446,0.6961056207547042,0.39330467868069385,0.9707728552466474,0.5979285976700925
27,high,16,32,0.02690371416013203,0.6274849607902221,0.29925290938022847,0.848674845478537,0.4505791074522799
27,high,17,34,0.06542814400908013,0.7719568767424634,0.5964040816618573,0.885365191308889,0.5797885734305724
27,high,18,36,0.5272822880544975,0.8111892514524671,0.3123694679008441,0.9956656454053484,0.6616266632032893
27,high,19,38,0.4947448753051532,0.5126116961418206,0.5347751419818316,0.9974932697100386,0.634906245784711
27,high,20,40,0.28065299186646786,0.5412521772397686,0.5103745178151429,0.48839852778572884,0.45516955367677703
27,high,21,42,0.0063279999497258205,0.5601759663796211,0.24653187284333478,0.8854777367585053,0.4246283939827967
27,high,22,44,0.0036103607362868266,0.46855068277873635,0.5134823314212353,0.9791476287590837,0.49119775092383555
27,high,23,46,0.005757780846350998,0.9963986120159639,0.5283061388627224,0.7497185475419074,0.5700452698167362
27,high,24,48,0.009651133947140917,0.989613979777707,0.5555163338656017,0.5402285927039207,0.5237525100735926
27,high,25,50,0.017162391321988917,0.9434897757364352,0.2901685380469192,0.8887787949157173,0.5348998750052651
27,high,26,52,0.23822789182773038,0.9790319750171956,0.6753995603016102,0.8557060946180458,0.6870913804411455
27,high,27,54,0.4808293304952583,0.9714392956546634,0.29372243066563414,0.9345374688558392,0.6701321314178488
27,high,28,56,0.004887267771835628,0.33672938685288034,0.6168869678063006,0.976066017428856,0.48364240996496816
27,high,29,58,0.0024726231566347743,0.4997840362073525,0.8594872841920927,0.9920920602448923,0.5884590009502431
27,high,30,60,0.08808691288931342,0.7426944132046783,0.9790957160477083,0.7523571031581668,0.6405585363249667
27,high,31,62,0.246389243084182,0.7881201765437745,0.9486768872272062,0.7599336043482929,0.685779977800864
27,high,32,64,0.12926542029079136,0.655970949733352,0.8045622564921457,0.720203890217681,0.5775006291834925
27,high,33,66,0.15693499926223048,0.5658650724263766,0.5836294617125708,0.8975317933304819,0.550990331682915
27,high,34,68,0.05262851326692969,0.4448323935148363,0.7102755548780282,0.3278706979333206,0.38390178989827867
27,high,35,70,0.017694497926723937,0.45414195002530694,0.6621665181188183,0.5371858578161972,0.4177972059717616
27,high,36,72,0.1704285823871551,0.8439437467608722,0.7419766880036742,0.9380452317286748,0.6735985622200941
27,high,37,74,0.5918924758583534,0.7866164721917641,0.2409480908919584,0.9943866056847389,0.6534609111567037
27,high,38,76,0.45534182684511343,0.772032087150127,0.2299724202507022,0.995395462724639,0.6131854492426454
27,high,39,78,0.022256606621832816,0.8348713296248124,0.05526258457484183,0.6503771192005012,0.3906919100054971
27,high,40,80,0.00589121828159321,0.7756863309869755,0.25027732835987854,0.8920699044386069,0.48098119551676355
27,high,41,82,0.09579340080389162,0.2503832653804896,0.3895245340363449,0.6672817999857023,0.35074575005160713
27,high,42,84,0.19041301950566789,0.4167282455523047,0.7079293497762061,0.6552447797529692,0.49257884864678697
27,high,43,86,0.4747442665239607,0.2114231153844962,0.5725824475682744,0.41716093360861634,0.4189776907713369
27,high,44,88,0.0932669480112778,0.3506016027447216,0.7025387863712297,0.7797173585724212,0.4815311739249126
27,high,45,90,0.05505009657955669,0.42188242388810715,0.6506336817120021,0.7094566231906612,0.4592557063425818
27,high,46,92,0.022004343204554803,0.34322847827067243,0.4565859243863309,0.7531922762050954,0.3937527555166634
27,high,47,94,0.004366618694689408,0.4593596116708469,0.6803963760756386,0.9892548034901992,0.5333443524828435
27,high,48,96,0.005205244524171995,0.7287970438727058,0.8645263445337039,0.9713144476474928,0.6424607701445186
27,high,49,98,0.00778999283027567,0.976896214248018,0.9181151676469343,0.7325417253379494,0.6588357750157943
27,high,50,100,0.014055799503658208,0.8341562238266009,0.9647858697175312,0.5389317080198651,0.5879824002669138
27,high,51,102,0.009701736759984925,0.6080640568019434,0.8550345466709949,0.8808410746939263,0.5884103537317124
27,high,52,104,0.0036307042585031275,0.5288700528446096,0.6792224795483718,0.7570132291404871,0.49218411644799287
27,high,53,106,0.014776518787615503,0.4788531885065485,0.8097097238498465,0.8969987890859737,0.5500845550574961
27,high,54,108,0.003932268604776781,0.2942542170723758,0.4654584709272934,0.9776410299562626,0.43532149664017716
27,high,55,110,0.008414066768929172,0.5275486313301897,0.6193912401779157,0.8253196882309911,0.49516840662700645
27,high,56,112,0.16608599250754358,0.4207909580291909,0.5771868732715327,0.8740152367829117,0.5095197651477947
27,high,57,114,0.2333227964898885,0.5187054783276025,0.41794367649700165,0.905166930360941,0.5187847204188584
27,high,58,116,0.006282307186022391,0.6237512275081152,0.7118152382106762,0.6511410538685479,0.49824745669334036
27,high,59,118,0.004112688928915784,0.4034914233009525,0.15771684144670725,0.9038897711900025,0.3673026812166445
27,high,60,120,0.013582015163132746,0.49553923454324855,0.5164594653257027,0.7143364438222618,0.43497928971358646
27,high,61,122,0.0370455903700251,0.7776359357934454,0.5822912612350508,0.6281438511968186,0.506279159648835
27,high,62,124,0.005061654390242911,0.844703323853281,0.6367948591739427,0.8614859386330466,0.5870114440126283
27,high,63,126,0.006145555995746491,0.6046116068764948,0.42370881267125554,0.6840931917169741,0.42963979181511774
27,high,64,128,0.1254612175630803,0.5723350861805403,0.84779719634407,0.8205830500724743,0.5915441375400412
27,high,65,130,0.4924038566672981,0.5401356590828396,0.39808029189056077,0.9954876419159941,0.6065268623891731
27,high,66,132,0.043077946135970074,0.48595376472412544,0.8765823675559851,0.9053140328085354,0.577732027806154
27,high,67,134,0.020461135954637666,0.6187856966564957,0.6913233490673768,0.8961004958705218,0.556667669387258
27,high,68,136,0.0024726231566347743,0.8145837932388308,0.7589020981760338,0.8769352095991609,0.6132234310426651
27,high,69,138,0.00921733249068459,0.7895625682593871,0.10570477634381989,0.80201436325551,0.4266247600873504
27,high,70,140,0.010758718120319683,0.64154098693899,0.37454606526624906,0.6920091056574301,0.4297137189957472
27,high,71,142,0.029662294454856554,0.7973282409744853,0.6970498124568265,0.6407850251023925,0.5412063432471402
27,high,72,144,0.005372419142579176,0.9037172028982374,0.9030043017815089,0.6166090682080724,0.6071757480075994
27,high,73,146,0.24611280016599635,0.9642700390263378,0.9707950679881587,0.9934261309733272,0.793651009538455
28,rest,0,0,0.6728286247244695,0.4298401376061093,0.47884507460477765,0.4253018813795986,0.5017039295787388
28,rest,1,2,0.40114962498325746,0.6524956624082762,0.7576088082800762,0.9722367813109706,0.6958727192456451
28,rest,2,4,0.19891545586809442,0.3394085473460986,0.7481588047688816,0.8166755849896582,0.5257895982431832
28,rest,3,6,0.26255409095948673,0.7083462973821381,0.620400570630273,0.9905915477627455,0.6454731266836609
28,rest,4,8,0.7013949785254178,0.3997215040807522,0.5834889671542283,0.4660504912731752,0.5376639852583933
28,rest,5,10,0.37189468670950837,0.5726865900838026,0.2798755692425831,0.6875784241210112,0.47800881753922636
28,rest,6,12,0.4170760684444372,0.49804860433163783,0.19013817951998108,0.43289274230727715,0.38453889865083335
28,rest,7,14,0.6756256584054504,0.6644191927392143,0.6050229967452176,0.23480749011813937,0.5449688345020054
28,rest,8,16,0.6466156411579241,0.6467692845232107,0.8545061043418367,0.3469230362823148,0.6237035165763216
28,rest,9,18,0.7567142911460827,0.8196664236633647,0.2712459052399662,0.23104694704463444,0.5196683917735121
28,rest,10,20,0.5358719851119923,0.8731404364603558,0.39224476420851184,0.4416877007606928,0.5607362216353882
28,rest,11,22,0.29404171475557916,0.9043256344886128,0.6751451071913647,0.7969272831949878,0.6676099349076361
28,rest,12,24,0.5441940537012967,0.8618246951328535,0.5783545129403639,0.34496889490918603,0.5823355391709251
28,rest,13,26,0.7204397919751871,0.8015709181349906,0.22389768265779705,0.2009097395419829,0.4867045330774894
28,rest,14,28,0.23122335938050856,0.46658263123164984,0.7312240833892804,0.45950546451021074,0.4721338846279124
28,rest,15,30,0.3258417505387214,0.5602244816273269,0.4404887206655914,0.5878486544830344,0.4786009018286685
28,rest,16,32,0.471803333892705,0.9675521457042773,0.49136478812054074,0.654049476769434,0.6461924361217393
28,rest,17,34,0.5692835618669869,0.9196696709915728,0.300832250347722,0.44361220855115263,0.5583494229393586
28,rest,18,36,0.6940638957868102,0.8077880741144869,0.7014698820837709,0.503419714733574,0.6766853916796606
28,rest,19,38,0.23892932340213205,0.7121907526341291,0.7001610346805206,0.6724182431717513,0.5809248384721333
28,rest,20,40,0.27701253356149314,0.6604751213688476,0.1749128015062415,0.46821233377945043,0.39515319755400813
28,rest,21,42,0.6257224622103887,0.322650390716442,0.6150496829853521,0.2522667735178767,0.45392232735751487
28,rest,22,44,0.7008194412365948,0.48275754379974223,0.2628303929134331,0.30875183921407523,0.43878980429096126
28,rest,23,46,0.707737961922532,0.7169915036643574,0.5063014827049088,0.37681851343279077,0.5769623654311472
28,rest,24,48,0.5162041057337667,0.7404345174340743,0.48161314684720413,0.4755082991221258,0.5534400172842927
28,rest,25,50,0.4422637048154195,0.5754236716227102,0.20767013003900822,0.4966767037791986,0.43050855256408416
28,rest,26,52,0.4724927160672044,0.359423343880118,0.7468435065303013,0.3363222414697391,0.4787704519868407
28,rest,27,54,0.39231436173277445,0.34080378667938244,0.29083182071279096,0.3580349093583432,0.3454962196208228
28,rest,28,56,0.3716579366493244,0.3905617203534316,0.7672780043340559,0.8736361387641058,0.6007834500252294
28,rest,29,58,0.5608125874763258,0.3779915907338308,0.46255964073084044,0.6329772224106706,0.508585260337917
28,rest,30,60,0.8722973348191458,0.5599734630781594,0.3418814301700137,0.40650844706948897,0.545165168784202
28,rest,31,62,0.6484746583916499,0.4774107521682918,0.5715094758302978,0.4075324956588309,0.5262318455122676
28,rest,32,64,0.7549572577292067,0.566903898340886,0.32282608622315606,0.19102789437539905,0.45892878416716193
28,rest,33,66,0.680034518776141,0.6321827544874901,0.695864388089941,0.615527377346442,0.6559022596750035
28,rest,34,68,0.7437315324210635,0.0940195069886889,0.4936985172950913,0.43891398582605473,0.4425908856327246
28,rest,35,70,0.7282978682988521,0.13221997807966715,0.7664118190592262,0.3488281974475678,0.4939394657213283
28,rest,36,72,0.9455351611016825,0.09134355555041965,0.6014275222434474,0.6002323477459196,0.5596346466603673
28,rest,37,74,0.8533345624089951,0.10342173424253702,0.6568073143956857,0.29187639649806496,0.47636000188632066
28,rest,38,76,0.7408852516167015,0.19609392707759582,0.5712344452652752,0.36404287800776663,0.4680641254918348
28,rest,39,78,0.6635596339880543,0.0909312634262585,0.2660276956760193,0.6343430774407728,0.4137154176327762
28,rest,40,80,0.6306256966984785,0.08915364710666068,0.4250538435616094,0.32355693726588325,0.36709753115815796
28,rest,41,82,0.7778565744766396,0.2978870192327272,0.31706610829543946,0.4510879409835169,0.46097441074708073
28,rest,42,84,0.8745397297750975,0.13803648598364482,0.46462149535072966,0.43643103636090286,0.47840718686759376
28,rest,43,86,0.8296077346526612,0.2595421895282373,0.45619793166239514,0.21944607772567143,0.4411984833922413
28,rest,44,88,0.7026084855601543,0.13601354321836626,0.5454783750807938,0.27430007630804404,0.4146001200418396
28,rest,45,90,0.47298412527383954,0.1799075204479266,0.7217273732015118,0.2645090188823696,0.4097820094514119
28,rest,46,92,0.1665360713865932,0.37755862761392306,0.42416602550537186,0.8998334514124183,0.46702354397957657
28,rest,47,94,0.6350412023958049,0.38729814282696196,0.6668695707774264,0.9038532017866909,0.648265529446721
28,rest,48,96,0.44291189840844325,0.34724062228186775,0.28260475741985197,0.920721661243199,0.4983697348383405
28,rest,49,98,0.13001943993280948,0.28462450348078805,0.20753303739650442,0.828365856896068,0.3626357094265425
28,rest,50,100,0.29136642025177506,0.48518984156942796,0.5381732095573435,0.7898360769690905,0.5261413870869093
28,rest,51,102,0.448894963811165,0.3902224117135085,0.4707707115656349,0.5421346003579472,0.4630056718620639
28,rest,52,104,0.3185448526219087,0.501951395668362,0.3002193034501647,0.7061962921277417,0.45672796096704427
28,rest,53,106,0.32164895212265954,0.6392038108535691,0.13198329261276945,0.6694148758651206,0.4405627328635297
28,rest,54,108,0.6486745819156663,0.6580950492094567,0.2824950780839763,0.34618828233661003,0.4838632478864273
28,rest,55,110,0.6089614298384185,0.5961144210858823,0.7823050202235569,0.36948170871517994,0.5892156449657594
28,rest,56,112,0.3628012790806247,0.5635029163800093,0.6767029246507477,0.5467089511896,0.5374290178252454
28,rest,57,114,0.21265369317385996,0.2649863944422639,0.44872929074034745,0.8671915824230777,0.44839024019488727
28,rest,58,116,0.4958656719899308,0.5853058374630774,0.5852482885891448,0.2537624964158335,0.4800455736144966
28,rest,59,118,0.4660648214079547,0.6354402831101691,0.5800433374396342,0.24845621592972708,0.4825011644718713
28,rest,60,120,0.47916158064372727,0.7971511545635163,0.36157703605322994,0.9702762946599346,0.652041516480102
28,rest,61,122,0.4458945531954192,0.9153589586643532,0.6189519761947565,0.8557661168753741,0.7089929012324758
28,rest,62,124,0.3621530383373697,0.9190821604059194,0.6067084474934035,0.8742979377101245,0.6905603959867043
28,rest,63,126,0.2333960988121421,0.9705547875338513,0.7489375791990411,0.7751147704690189,0.6820008090035133
28,rest,64,128,0.3541753227852071,0.861657642033184,0.59913912698549,0.5790732252675359,0.5985113292678542
28,rest,65,130,0.5374744319819488,0.5853345423025678,0.5930433444513222,0.7463807292847593,0.6155582620051496
28,rest,66,132,0.5228956700276728,0.2451956088920985,0.41327626795367695,0.5033232962208014,0.4211727107735624
28,rest,67,134,0.6211260098102984,0.30776256380603834,0.7069584682756734,0.3386637811695292,0.4936277057653849
28,rest,68,136,0.38681141918861545,0.7781944396297656,0.5903575945372412,0.8990349555203043,0.6635996022189816
28,rest,69,138,0.2778831552205035,0.7057650324928713,0.2604086762171926,0.8460381843063636,0.5225237620592327
28,rest,70,140,0.5041343280100692,0.456569421989752,0.5154624320928701,0.6420300247500651,0.5295490517106891
28,rest,71,142,0.4086196939518108,0.4144115006832943,0.3455331975912412,0.5647789066772503,0.43333582472589915
28,rest,72,144,0.33854527426490916,0.4830867791592115,0.2767046905669466,0.6840869894431687,0.44560593335855897
28,rest,73,146,0.2823317389360398,0.4090330387869774,0.1866770358416132,0.5926306476371778,0.36766811530045207
28,high,0,0,0.539274540175108,0.24653950162216384,0.32152391442399475,0.9747479658108612,0.5205214805080319
28,high,1,2,0.9136436535267461,0.5515322549666182,0.39703245178435226,0.5732677207502878,0.6088690202570011
28,high,2,4,0.8440992145688264,0.5697807216107006,0.42766491663240147,0.9748896604325276,0.704108628311114
28,high,3,6,0.9424840351469198,0.6263278218344511,0.5983695974831381,0.7809923896921128,0.7370434610391554
28,high,4,8,0.92149766722489,0.6949014049973324,0.6274899967200722,0.6015311458458512,0.7113550536970366
28,high,5,10,0.6248874413035681,0.7073925637150462,0.6844778363432262,0.980537431581174,0.7493238182357537
28,high,6,12,0.8304171596933644,0.2787422177291769,0.47283539943227443,0.5231609555212922,0.526288933094027
28,high,7,14,0.8279753329195351,0.4541397286102555,0.24409373697999473,0.6491886994049141,0.5438493744786748
28,high,8,16,0.7491232755305475,0.6107724440835992,0.48517679775190325,0.6309771923857481,0.6190124274379496
28,high,9,18,0.8223269644797003,0.3055200109298412,0.41753543914140945,0.7671765496718568,0.5781397410557019
28,high,10,20,0.8200889232781229,0.5649736963752303,0.36137840511803754,0.664250220140538,0.6026728112279822
28,high,11,22,0.8816723777553973,0.4012373251968314,0.5812407205761959,0.8156135297718424,0.6699409883250668
28,high,12,24,0.4128509068516252,0.3599182604559343,0.40832537428698357,0.7426133430201676,0.4809269711536776
28,high,13,26,0.3181453900510413,0.30522251062282213,0.39618075474884873,0.9660457749318121,0.4963986075886311
28,high,14,28,0.7326455027185305,0.28467866073047127,0.3857937138292365,0.9370367228836605,0.5850386500404747
28,high,15,30,0.5396389808707014,0.2516679772705847,0.5080491713416011,0.9930225844178978,0.5730946784751962
28,high,16,32,0.5896686492801475,0.4246635435759114,0.3900259313867242,0.9873731723677505,0.5979328241526334
28,high,17,34,0.30132519424514415,0.4132532193342706,0.4510010782173478,0.9906605840005995,0.5390600189493405
28,high,18,36,0.661890190339627,0.25004979786469633,0.5037414605230286,0.30296429079152,0.429661434879718
28,high,19,38,0.8426520652022575,0.31979188946177384,0.42273591571927643,0.8250919545322282,0.602567956228884
28,high,20,40,0.9137529793958793,0.4957863558005675,0.6902585465734843,0.8383293033554746,0.7345317962813513
28,high,21,42,0.6237983927029368,0.4839593324437631,0.4327565201478791,0.5674652960402757,0.5269948853337136
28,high,22,44,0.6996784603418473,0.4095357640688536,0.3773443026201715,0.5466747867253411,0.5083083284390534
28,high,23,46,0.7809162888136266,0.6437032009990062,0.5624715697151018,0.27953915321838624,0.5666575531865302
28,high,24,48,0.8273080169710524,0.6332518427339094,0.7981224052760724,0.4604294157614802,0.6797779201856287
28,high,25,50,0.630858441206903,0.13409155615835788,0.4842918662236392,0.8826155499451762,0.5329643533835191
28,high,26,52,0.5050535280843732,0.37496748719700823,0.5206680843363903,0.87260761071376,0.5683241775828829
28,high,27,54,0.8228149727953565,0.38258635072800645,0.3829297715901657,0.7708996126297841,0.5898076769358283
28,high,28,56,0.6356383360090284,0.33892437803658,0.773075449287673,0.5748120640943735,0.5806125568569137
28,high,29,58,0.9331705324300968,0.4294931001668998,0.5626649170876011,0.8122780069844122,0.6844016391672525
28,high,30,60,0.8079703718208512,0.33229839719661797,0.5957140875720965,0.7486440249296952,0.6211567203798152
28,high,31,62,0.644071407281488,0.3195988430513618,0.215842722556363,0.5891929445129623,0.4421764793505438
28,high,32,64,0.863375486785925,0.4778266813991302,0.3040650974202389,0.7067206938531048,0.5879969898645998
28,high,33,66,0.9012222483692378,0.7259026729030714,0.42398064809046937,0.8038949696797304,0.7137501347606273
28,high,34,68,0.8607034073784416,0.3466806559538774,0.4755851672110482,0.35009928439207744,0.5082671287338613
28,high,35,70,0.9746635133806847,0.2735078204694671,0.3794506515773584,0.5484576063887363,0.5440198979540616
28,high,36,72,0.8604857419005018,0.22904616874815453,0.3539809566146725,0.2710682281181892,0.42864527384537954
28,high,37,74,0.5090800708911047,0.26854919582455244,0.6071060864243222,0.8923802352628109,0.5692788971006976
28,high,38,76,0.6658086006800769,0.24319818653046602,0.2166979307099615,0.7894192936751802,0.4787810028989211
28,high,39,78,0.7244545533434946,0.43315743759347847,0.47897035127959986,0.8007658461358621,0.6093370470881088
28,high,40,80,0.5819874712495662,0.5142672496746398,0.2856280659738375,0.8676820795908207,0.562391216622216
28,high,41,82,0.6095306652801783,0.690099720598523,0.3443197725236709,0.775797096915769,0.6049368138295352
28,high,42,84,0.9029350531451685,0.49258300852303766,0.5651533863345952,0.4577447590408439,0.6046040517609113
28,high,43,86,0.9134102532072758,0.44697826040072114,0.5356866497249867,0.4370987904251488,0.5832934884395331
28,high,44,88,0.46922952850559013,0.23693597942822375,0.46375825439820895,0.8064097345558758,0.4940833742219746
28,high,45,90,0.5886018473757949,0.3541625998380027,0.26542215969929633,0.4709283507134821,0.419778739406644
28,high,46,92,0.5870261651794473,0.3950496960272318,0.47307985955483933,0.31183756811206165,0.441748322218395
28,high,47,94,0.42718874139982677,0.41103887942182993,0.78516191547105,0.9122059054873223,0.6338988604450072
28,high,48,96,0.1383951059087718,0.5099815212092041,0.6767456063863104,0.9696032501038108,0.5736813709020243
28,high,49,98,0.28855953716566957,0.5192927699852293,0.40464789573421234,0.9360428569044154,0.5371357649473817
28,high,50,100,0.32439154712601925,0.6523030875503771,0.40831909130298316,0.5473930802045549,0.48310170154598364
28,high,51,102,0.609331035727546,0.31038901029713356,0.6408966368665009,0.8554047005234532,0.6040053458536584
28,high,52,104,0.846784900368172,0.24707668080554313,0.5897244945743572,0.8580896300914997,0.6354189264598931
28,high,53,106,0.9940482147118715,0.9632493025753779,0.8368610377835984,0.9951591132697805,0.947329417085157
28,high,54,108,0.9919948388045273,0.9852202692798051,0.818283677765213,0.8444115001003404,0.9099775714874714
28,high,55,110,0.5271547955240384,0.9959393694845071,0.5719586558438566,0.41188031697581123,0.6267332844570533
28,high,56,112,0.5464343394503741,0.9901667899808341,0.499930782178081,0.3926590241127818,0.6072977339305177
28,high,57,114,0.7832426309646835,0.30163957330767655,0.6057001853194985,0.8488520092373395,0.6348585997072995
28,high,58,116,0.7926568553769168,0.2502120527875915,0.6405163938187944,0.2847369045963985,0.4920305516449253
28,high,59,118,0.2971471725836022,0.4947522642701711,0.4309711026599821,0.9184225771867929,0.535323279175137
28,high,60,120,0.2837136721197372,0.7157600941590376,0.6435829779522231,0.9284894563518852,0.6428865501457207
28,high,61,122,0.499614242540046,0.5501226950152753,0.4259611529706945,0.8456772196466027,0.5803438275431547
28,high,62,124,0.7929172522598784,0.7842542616076025,0.4427064100226637,0.9509833105633091,0.7427153086133634
28,high,63,126,0.8819923353303624,0.40893580417645103,0.3854431347950217,0.8119424454469899,0.6220784299372062
28,high,64,128,0.41700912820568137,0.22644214609890434,0.6895045939755059,0.3829071631843135,0.42896575786610125
28,high,65,130,0.34600631702637324,0.29182080596885734,0.6365332056867763,0.5178343110855107,0.44804865994187937
28,high,66,132,0.5754464447359827,0.63709292347594,0.26530637037659954,0.8312523858133471,0.5772745311004673
28,high,67,134,0.6773593680950158,0.5122180163244919,0.3755587909625166,0.9711728037305548,0.6340772447781448
28,high,68,136,0.3309590046311924,0.32134369105176036,0.34228333135669503,0.9627542887406063,0.48933507894506356
28,high,69,138,0.34317737048553876,0.7678809296541663,0.3631907400203964,0.9114650356246675,0.5964285189461922
28,high,70,140,0.928626728913248,0.7328089796025257,0.6152714693669551,0.8493522682026271,0.781514861521339
28,high,71,142,0.8636497182375132,0.5362910662225432,0.47032605416848206,0.9294346039510597,0.6999253606448996
28,high,72,144,0.5702529842258803,0.35493539113177386,0.5307975261516149,0.7816734962816978,0.5594148494477418
28,high,73,146,0.40826498863439875,0.9975273768433653,0.7889280384959267,0.5282189380209726,0.6807348354986659
29,rest,0,0,0.5316405268778224,0.39201863157257694,0.7212301814708697,0.38439958496296567,0.5073222312210587
29,rest,1,2,0.45235628781617093,0.7486684566497969,0.6221998302449955,0.4619355579194898,0.5712900331576133
29,rest,2,4,0.6064016242840051,0.8924412281943149,0.3739691081467051,0.6650450389781664,0.634464249900798
29,rest,3,6,0.732730618566181,0.5455042496573658,0.1325969645646228,0.30023782866325766,0.4277674153628568
29,rest,4,8,0.7579673298855055,0.6584691009013903,0.5669019039741588,0.23314206592234982,0.5541201001708511
29,rest,5,10,0.6545240795986128,0.49484067172957436,0.612671271022952,0.5467401394107319,0.5771940404404677
29,rest,6,12,0.6938241697337284,0.8518785505120147,0.1634076271436482,0.5112825371307494,0.5550982211300352
29,rest,7,14,0.5980384203459795,0.6656604214356588,0.6784856935260234,0.433583071425087,0.5939419016831873
29,rest,8,16,0.4112501825632241,0.2697841658788237,0.17014247879292582,0.41547412459744476,0.31666273795810457
29,rest,9,18,0.6566445475320593,0.3183569431117495,0.5421549192506656,0.2707294637480347,0.44697146841062724
29,rest,10,20,0.8155629055240785,0.29295026892213494,0.7764527583603777,0.3222549845718198,0.5518052293446027
29,rest,11,22,0.5887581780039506,0.15033574164279845,0.19302236619430754,0.6096357014437283,0.38543799682119617
29,rest,12,24,0.2647304178492055,0.229471040937371,0.679538215645328,0.5081202827174374,0.42046498928733544
29,rest,13,26,0.17122270417697255,0.2964329893075593,0.7914737896313235,0.8495113111817197,0.5271601985743938
29,rest,14,28,0.33167813056221035,0.6263840204658035,0.6353519286622122,0.6584446859660339,0.562964691414065
29,rest,15,30,0.5190155949617575,0.7653645346963576,0.7711758252559741,0.5462088189108719,0.6504411934562403
29,rest,16,32,0.15353040164945508,0.16816563930157333,0.4608090323421826,0.8015592118362239,0.3960160712823587
29,rest,17,34,0.19467537591381806,0.20376611126142985,0.36674256910494546,0.8775871155724997,0.4106927929631733
29,rest,18,36,0.31699397502225723,0.5211667097400328,0.18768915074129855,0.7035170116654634,0.432341711792263
29,rest,19,38,0.27136490494608945,0.3842684415257778,0.15432097250069038,0.7110961261464295,0.3802626112797468
29,rest,20,40,0.3688571956052493,0.437959123377596,0.1890066379625137,0.7549194177385852,0.43768559367098603
29,rest,21,42,0.3168871487092164,0.6445846335958556,0.6919710539980806,0.5441742216820805,0.5494042644963083
29,rest,22,44,0.39748471544800174,0.5214680764923232,0.18476380863189623,0.7265565689089882,0.4575682923703024
29,rest,23,46,0.1305388599416676,0.2596874487533347,0.4455154820753392,0.7379857518029899,0.39343188564333287
29,rest,24,48,0.2882065280335303,0.2796054925481836,0.5240306104299505,0.5753202246038469,0.41679071390387784
29,rest,25,50,0.4991436138466304,0.37899636034053746,0.6881395910143419,0.6676773684308885,0.5584892334080995
29,rest,26,52,0.6401364560576244,0.3392470236627845,0.1990651512068676,0.5181998720300885,0.4241621257393412
29,rest,27,54,0.4322265397722816,0.590283984167506,0.15435812749120534,0.6064065407777832,0.44581879805219404
29,rest,28,56,0.4429291298068781,0.6026790060961685,0.8736764854150844,0.6856009667037201,0.6512213970054628
29,rest,29,58,0.37476009440975205,0.5007516620188467,0.5149092980360013,0.6239093585350343,0.5035826032499086
29,rest,30,60,0.3284940663132484,0.38123048187326486,0.3443452854080787,0.7629031364196969,0.4542432425035722
29,rest,31,62,0.44885714142122685,0.28186283536444473,0.5018795754496782,0.5368314140189803,0.44235774156358254
29,rest,32,64,0.5468866889640506,0.5276066166851493,0.3043195719926047,0.519002224340996,0.4744537754957001
29,rest,33,66,0.40845616934069673,0.3008271231461691,0.42238616878034796,0.45798035907661744,0.3974124550859578
29,rest,34,68,0.5032864888876541,0.4873590353816372,0.3405182298159085,0.38199692965297083,0.42829017093454264
29,rest,35,70,0.6496812729895318,0.5007604912420014,0.4555858653725318,0.3795718274393484,0.49639986426085336
29,rest,36,72,0.5298723940207429,0.42027509395801443,0.6387806359645726,0.6599615398079781,0.5622224159378271
29,rest,37,74,0.7512401924221782,0.7188213162248964,0.3786689612683367,0.45080719635012434,0.5748844165663839
29,rest,38,76,0.6717323874714044,0.8577432110561829,0.33447905423705443,0.3931911317238476,0.5642864461221223
29,rest,39,78,0.7668271446238288,0.7678315086736538,0.574989706037027,0.31634636335675126,0.6064986806728152
29,rest,40,80,0.6015682266800265,0.7078838270368674,0.46467486093323224,0.32280021697697825,0.5242317829067761
29,rest,41,82,0.6041071117281362,0.7309686701050881,0.40991693210842495,0.36888907511800845,0.5284704472649144
29,rest,42,84,0.4478400794768573,0.29801279515464485,0.41002361375114627,0.4597008739866069,0.40389434059231377
29,rest,43,86,0.2518067315103424,0.45196998789124426,0.37094004385113744,0.5257491920244604,0.4001164888192961
29,rest,44,88,0.25906661985218643,0.40746385924514644,0.5113579338816204,0.8942425051695645,0.5180327295371294
29,rest,45,90,0.3818826412678518,0.5659007893195275,0.5418660148183929,0.7775240284774972,0.5667933684708174
29,rest,46,92,0.21818692411352517,0.31738738968431424,0.5620757309774828,0.617443697037589,0.42877343545322777
29,rest,47,94,0.331575245691477,0.927649719778641,0.8367623236667899,0.4013843127832531,0.6243429004800403
29,rest,48,96,0.536807702182223,0.8210159433643563,0.8629770322361511,0.42747715304868605,0.6620694577078541
29,rest,49,98,0.8190285904849292,0.47781141328005783,0.8636875906577843,0.673773470358033,0.7085752661952012
29,rest,50,100,0.9822541908582012,0.6028651035424256,0.7710904736647209,0.6885653245760924,0.76119377316036
29,rest,51,102,0.9754211241646591,0.7641567536793938,0.7962174670185882,0.8078938095250233,0.8359222885969161
29,rest,52,104,0.683558268033626,0.40464130835442286,0.7449950926958214,0.24301316563967362,0.5190519586808859
29,rest,53,106,0.5658871724955845,0.2515746763815286,0.22394786518848994,0.43671041211781586,0.3695300315458547
29,rest,54,108,0.3244707059347041,0.5119467589221336,0.46610195317255637,0.2990853827707742,0.40040120020004205
29,rest,55,110,0.17949864188352532,0.44861140431442137,0.4981204245503218,0.43517287836261065,0.3903508372777198
29,rest,56,112,0.4189410960617738,0.4992483379811532,0.4154190991070654,0.3047575916419409,0.40959153119798336
29,rest,57,114,0.47637679296996166,0.549239688109108,0.4844744312001402,0.24105419355065136,0.4377862764574653
29,rest,58,116,0.41753902878572413,0.6034143453633793,0.2262044246963564,0.26542747750216544,0.3781463190869063
29,rest,59,118,0.3164430060727968,0.8436806606633535,0.8322409692912969,0.2412332640652823,0.5583994750231823
29,rest,60,120,0.3196708571321883,0.8060997697118517,0.9564333757652161,0.30400244783601194,0.596551612611317
29,rest,61,122,0.5008563861533696,0.4862372584774061,0.5315351004937675,0.3000903238164295,0.45467976723524317
29,rest,62,124,0.43897087467141943,0.3356762060279449,0.6518547001618344,0.3335016341640558,0.44000085375631365
29,rest,63,126,0.6903589436945632,0.4868879284590355,0.5815895452647614,0.24329419766284202,0.5005326537703005
29,rest,64,128,0.5490078587802797,0.3596724237816243,0.12272820674158479,0.21188728344982893,0.3108239431883294
29,rest,65,130,0.4506504195581128,0.335741472330299,0.1703184811925123,0.2946851056427498,0.31284886968091846
29,rest,66,132,0.7073404740700794,0.4759158636226059,0.38960168223091557,0.5121142717261875,0.5212430729124471
29,rest,67,134,0.8994617041357782,0.8781103774954698,0.5698239439181064,0.49187971728256263,0.7098189357079793
29,rest,68,136,0.8663122615706126,0.6665990259112987,0.3321764992659232,0.4138565326391522,0.5697360798467467
29,rest,69,138,0.8682002783422278,0.6054034120719677,0.8287741130552678,0.4314682805816102,0.6834615210127684
29,rest,70,140,0.7442350558112618,0.7039577733617816,0.37396751381281884,0.35729612033941227,0.5448641158313186
29,rest,71,142,0.6054057670645943,0.7111273342046127,0.6745825371646098,0.7135153993223255,0.6761577594390356
29,rest,72,144,0.6048217528195433,0.699339301346072,0.41468621183515125,0.6038661127100201,0.5806783446776966
29,rest,73,146,0.2497184523684204,0.39133550873642453,0.6937158010609035,0.7963640094078531,0.5327834428934004
29,high,0,0,0.32047208850086845,0.3451731848595141,0.6826398719393275,0.564751396321215,0.4782591354052313
29,high,1,2,0.4439174621514967,0.6136090774598414,0.25530238647160364,0.3620260058626886,0.41871373298640757
29,high,2,4,0.1972532724559521,0.39959413651255604,0.0702527885969561,0.49611199592591193,0.29080304837284404
29,high,3,6,0.42802757843879247,0.5288447537361518,0.19963293977056898,0.44455679471741993,0.4002655166657333
29,high,4,8,0.6033562437140965,0.7258284025567562,0.31602292669852067,0.4637584809861694,0.5272415134888856
29,high,5,10,0.348872693649712,0.4173995529620171,0.2598765939070575,0.7300544468419523,0.43905082184018474
29,high,6,12,0.17414193402418338,0.34878528292728034,0.5075235362685894,0.6618270427015363,0.42306944898039733
29,high,7,14,0.09028456929498434,0.29673356632626613,0.36061726766456115,0.6802965057617253,0.3569829772618842
29,high,8,16,0.09899787786494603,0.5423147154257297,0.5371950171835949,0.6745888719811369,0.46327412061385187
29,high,9,18,0.11790307064061148,0.6432316543094942,0.8051702525677724,0.6819218874166453,0.5620567162336308
29,high,10,20,0.6717307737748969,0.6401216328990523,0.9749346248684224,0.2399760356223824,0.6316907667911885
29,high,11,22,0.9115257493417699,0.8398026269453169,0.9921726685481578,0.5477440303057348,0.8228112687852449
29,high,12,24,0.570326283553681,0.8887435303105764,0.7203067844162909,0.6988502445530732,0.7195567107084053
29,high,13,26,0.6329839353902387,0.9697616376245093,0.8077514806069412,0.603432746238975,0.753482449965166
29,high,14,28,0.5856651771991365,0.9583301466891487,0.8394913761399414,0.4171189293958146,0.7001514073560103
29,high,15,30,0.7773005831317639,0.6473088637592266,0.25923020877173053,0.3085723783548653,0.49810300850439654
29,high,16,32,0.40639419550175426,0.6276056216666606,0.3474426153781912,0.33409475629750274,0.42888429721102717
29,high,17,34,0.1266829129460688,0.3535629901729836,0.158424623748753,0.46542754523450725,0.27602451802557815
29,high,18,36,0.5557523353436111,0.64976180340323,0.28928630526833155,0.833429050996809,0.5820573737529955
29,high,19,38,0.7022918930694896,0.8178058561877062,0.33749378874609265,0.7733278828528917,0.657729855214045
29,high,20,40,0.5873989647567661,0.3861914153770325,0.93122603731058,0.22440438908228677,0.5323052016316663
29,high,21,42,0.7419061173343187,0.36451589212058927,0.9404246340138278,0.23169749707555956,0.5696360351360737
29,high,22,44,0.4023126797571035,0.42136141739064886,0.15921374349083098,0.8874038255030576,0.4675729165354102
29,high,23,46,0.12386121464704193,0.6576477321629579,0.21345644293589933,0.7810000501020542,0.44399135996198835
29,high,24,48,0.31820711968255294,0.7430062168533423,0.4029853387928383,0.8749985350304867,0.5847993025898051
29,high,25,50,0.09693610034683237,0.44152918042296146,0.8402857188006423,0.7055142795738529,0.5210663197860723
29,high,26,52,0.17162580990544776,0.7012139363547049,0.7092761208339556,0.6613736945136575,0.5608723904019415
29,high,27,54,0.8068176981892826,0.408560908531092,0.8869931187998275,0.45440408414799704,0.6391939524170498
29,high,28,56,0.712213751345615,0.5219978720827041,0.6585807556828563,0.43841367498709527,0.5828015135245677
29,high,29,58,0.22192368969457066,0.5835258536364228,0.8782512915806902,0.6279869711540165,0.5779219515164251
29,high,30,60,0.061176666441197694,0.7010894202653889,0.884145990598237,0.7789426827582991,0.6063386900157807
29,high,31,62,0.29767901636008687,0.44242885782961944,0.8756603928741885,0.7104094678083075,0.5815444337180505
29,high,32,64,0.6801304980553977,0.4733841091039115,0.7299602018748594,0.6420047441222875,0.631369888289114
29,high,33,66,0.07287114844889687,0.3455464993971813,0.21835211670139018,0.5761831626387547,0.30323823179655574
29,high,34,68,0.06344688479891575,0.23092369042845917,0.6249095156566623,0.5985552939344047,0.37945884620461046
29,high,35,70,0.14146675693003277,0.25843553941196334,0.8211664916930197,0.4869022176286364,0.42699275141591303
29,high,36,72,0.3168771184468348,0.5445118461391661,0.5455596122561105,0.580126817287386,0.49676884853237435
29,high,37,74,0.6472030355726015,0.7940298152922796,0.6022342642450768,0.3790516430975154,0.6056296895518682
29,high,38,76,0.49720793436575683,0.666852629280322,0.11486164024977345,0.5511942376842007,0.45752911039501326
29,high,39,78,0.19577098277554533,0.33705724637368156,0.4281323780268347,0.7107280536273972,0.41792216520086467
29,high,40,80,0.1702358129906138,0.552102055806781,0.8403297151182563,0.7043019966334247,0.566742395137269
29,high,41,82,0.1607782723488135,0.6603602662736977,0.9168896843045089,0.6694687689170538,0.6018742479610184
29,high,42,84,0.13815432909205197,0.5486762555756198,0.3272062261905311,0.6026490082313525,0.4041714547723888
29,high,43,86,0.1662064304406287,0.6262817590302611,0.5442534752227783,0.5868477788088979,0.4808973608756415
29,high,44,88,0.18696026337661098,0.6425474760309695,0.7674345068067715,0.6547072182781387,0.5629123661231227
29,high,45,90,0.22080955839549335,0.34985553568318306,0.3509654776206195,0.6043756510433259,0.38150155568565547
29,high,46,92,0.31764117150834914,0.3855468274981866,0.23353519309047382,0.3884063197708516,0.3312823779669653
29,high,47,94,0.7552377210715263,0.5403734998585487,0.8357795649567832,0.2776399606328585,0.6022576866299292
29,high,48,96,0.22214061670470087,0.38156895948185915,0.7788026367038993,0.39332669586197166,0.4439597271881077
29,high,49,98,0.1340305130074511,0.358378924136585,0.7013426715106518,0.5636023721494317,0.4393386202010299
29,high,50,100,0.4465191874002559,0.5946251566193379,0.8012694727469586,0.37553532745662915,0.5544872860557953
29,high,51,102,0.5734677946014158,0.38258961165093586,0.09701821413127298,0.5146514051971366,0.3919317563951903
29,high,52,104,0.14863092156448138,0.25944804536315863,0.41760724175806196,0.37077148190234743,0.2991144226470124
29,high,53,106,0.5705496257668806,0.28230470202220553,0.8580321845933419,0.2534043988358725,0.4910727278045751
29,high,54,108,0.3645656600036941,0.25159086536672187,0.5129879954300474,0.3052978144678048,0.358610583817067
29,high,55,110,0.2496199054904649,0.2862424465240544,0.2730788287323609,0.5307033061229325,0.3349111217174532
29,high,56,112,0.16826208971347814,0.4077760506519735,0.5960200544104857,0.690682787572264,0.4656852455870504
29,high,57,114,0.3640417930246654,0.600187221339715,0.5118740178878148,0.41879955821727877,0.4737256476173685
29,high,58,116,0.3210986385782806,0.1309107931170114,0.4808146948057208,0.6524169233954454,0.39631026247411455
29,high,59,118,0.12226414323400273,0.09860492082511933,0.5975474038089199,0.5515996592264617,0.34250403177362587
29,high,60,120,0.6601607418952662,0.5652991925031604,0.3056958279005798,0.8597620714074241,0.5977294584266075
29,high,61,122,0.797494655082988,0.22335774849394685,0.26433423943180656,0.6690092724796308,0.48854897887209303
29,high,62,124,0.26201819518683905,0.37867712125138747,0.024342618509332437,0.32651523706002583,0.2478882930018962
29,high,63,126,0.20013182079842082,0.28333477080099495,0.1860649302096163,0.29666780790954067,0.24154983242964317
29,high,64,128,0.29623357484266943,0.3897991954536834,0.2549238239476824,0.34866813296258975,0.32240618180165626
29,high,65,130,0.388600934651615,0.4573380332871098,0.15899220148653784,0.4510218125467773,0.36398824549301
29,high,66,132,0.5012932678990543,0.5625944724059254,0.6585285115806383,0.31609930253835894,0.5096288886059943
29,high,67,134,0.5856278302029164,0.3594911666334139,0.2432361667100897,0.27600477105468035,0.3660899836502751
29,high,68,136,0.4459552527795633,0.4537620756345436,0.45237860088179543,0.31767116768802595,0.41744177424598206
29,high,69,138,0.17761153765966728,0.5771290467597229,0.7719459872984428,0.38772571470092076,0.4786030716046884
29,high,70,140,0.13027672787802005,0.36855732948169384,0.2610045943131042,0.37074133649816143,0.28264499704274487
29,high,71,142,0.15598842419441347,0.5684737319544906,0.3596069160236411,0.4959767988271985,0.3950114677499359
29,high,72,144,0.4035014280350738,0.5494456994020137,0.09044326692195714,0.35021067358219077,0.34840026698530885
29,high,73,146,0.26540940433806515,0.30820610010872607,0.11364563537675275,0.4225349753347513,0.27744902878957384
30,rest,0,0,0.46840320202706276,0.44690199197533137,0.16453947308815114,0.49310226284926717,0.3932367324849531
30,rest,1,2,0.3309296979136419,0.3679732187705271,0.449473503932167,0.32932694974297944,0.3694258425898288
30,rest,2,4,0.3796905062187173,0.5295703396759213,0.12980434779418093,0.26844396223842426,0.32687728898181095
30,rest,3,6,0.2270265056833217,0.3962484724020173,0.5093005961358037,0.30151285390987437,0.3585221070327543
30,rest,4,8,0.2957889166916338,0.4600165765971748,0.21379455064131903,0.6384521808160363,0.402013056186541
30,rest,5,10,0.5224845974190296,0.6284209611745346,0.30722227163845856,0.46635811021584,0.4811214851119657
30,rest,6,12,0.2770777323319409,0.06011494061855861,0.33682935963516764,0.389592452652937,0.26590362130965106
30,rest,7,14,0.18374523738517884,0.21824159582122982,0.549398029121396,0.21592701898182362,0.2918279703274071
30,rest,8,16,0.23062158988202835,0.4974527504928964,0.6153853900331954,0.3700412025930041,0.42837523325028104
30,rest,9,18,0.5165928762529977,0.1045782997641038,0.8004196206578249,0.21955806981357823,0.41028721662212614
30,rest,10,20,0.5121261263919799,0.34046047936476365,0.5241023860560532,0.4392436871498967,0.4539831697406733
30,rest,11,22,0.2562634808959735,0.4551073301963462,0.25166703420224446,0.36260531334570706,0.3314107896600678
30,rest,12,24,0.36025944620128125,0.7122843970528882,0.39946844844220875,0.37216878783835283,0.4610452698836827
30,rest,13,26,0.8427633557254894,0.6396348162685255,0.32870558197022837,0.4275833155347231,0.5596717673747416
30,rest,14,28,0.8456225154459366,0.6562582190859358,0.1173139191911494,0.28574071075402463,0.47623384111926165
30,rest,15,30,0.7052014604588389,0.6402286426503313,0.9085258667240899,0.2940376406066529,0.6369984026099783
30,rest,16,32,0.5286571746082575,0.2620109840235113,0.5932799170174923,0.3089059894482459,0.42321351627437676
30,rest,17,34,0.3695054252829498,0.3249935645735871,0.5388368037250796,0.41552580064040456,0.4122153985555052
30,rest,18,36,0.1941428490624059,0.48098579867779534,0.22488064346921444,0.33994203978315246,0.309987832748142
30,rest,19,38,0.34907213967006995,0.5520942974468094,0.5853693518074093,0.3003488975877872,0.44672117162801894
30,rest,20,40,0.5071493027490781,0.19080199969545172,0.5081227064027493,0.33421100284109506,0.38507125292209354
30,rest,21,42,0.662869328229354,0.5532732584148699,0.3836748732566186,0.5119888128760358,0.5279515681942196
30,rest,22,44,0.8292687437899827,0.9779113885426028,0.42933963934124214,0.44457024491812497,0.6702725041479882
30,rest,23,46,0.5957741433096481,0.6980523692349878,0.5550756688593275,0.4438007232341405,0.573175726159526
30,rest,24,48,0.7046899756498085,0.1349265939458633,0.5201181668968363,0.3262730051439735,0.4215019354091204
30,rest,25,50,0.6543268808628062,0.3161119829748111,0.3351361932705943,0.29706068056204027,0.40065893441756295
30,rest,26,52,0.7079364811001377,0.60894004994028,0.7522712160652592,0.7656030941188102,0.7086877103061218
30,rest,27,54,0.7629810546007454,0.5898837507906822,0.5388448309017823,0.5126600898944049,0.6010924315469037
30,rest,28,56,0.6668935640097681,0.5379346212223843,0.651531463008411,0.36118625775741325,0.5543864764994941
30,rest,29,58,0.65539358077969,0.7964971842180002,0.6247636433862764,0.5215859987249996,0.6495601017772415
30,rest,30,60,0.6268585708377251,0.9349868664416965,0.24837724537010483,0.5860033503798879,0.5990565082573536
30,rest,31,62,0.40145770148371734,0.672283646582254,0.7766141496522739,0.43678778911194,0.5717858217075463
30,rest,32,64,0.268500299762588,0.9819322928100657,0.46735848152822185,0.9211227424184212,0.6597284541298242
30,rest,33,66,0.12118783889701473,0.5025472495071034,0.766370468932077,0.9466473310284667,0.5841882220911654
30,rest,34,68,0.16490963316936752,0.3336369522658018,0.5842270876078786,0.7015175694605892,0.4460728106259093
30,rest,35,70,0.07102341086665627,0.6367289506998352,0.7142553479552536,0.7203469824402297,0.5355886729904937
30,rest,36,72,0.41941734239574974,0.31442821381414904,0.5106516768223509,0.6186661479590791,0.4657908452478322
30,rest,37,74,0.6233430083553818,0.3150583815755548,0.6045096879800651,0.4279377417450911,0.49271220491402323
30,rest,38,76,0.4992048995741176,0.16569532343747637,0.1645224946069624,0.5068977371507328,0.3340801136923223
30,rest,39,78,0.1986598701597445,0.5739925660036942,0.562576974595904,0.43860592864965753,0.44345883485225
30,rest,40,80,0.2566069580277454,0.45222771431978404,0.7647573523411151,0.9259174465077282,0.5998773677990932
30,rest,41,82,0.36480002110116583,0.6041768645287134,0.9882890236549345,0.794378044429727,0.6879109884286352
30,rest,42,84,0.11195178396114688,0.9148400989674701,0.932355715169247,0.8798453348866777,0.7097482332461353
30,rest,43,86,0.28627526678405046,0.5738383559448622,0.4109305189177152,0.6980026577331088,0.4922616998449342
30,rest,44,88,0.19289943437803975,0.8667961645725479,0.41303848153597267,0.8681307704104686,0.5852162127242573
30,rest,45,90,0.22277447289864055,0.7961285636691041,0.4530792615845844,0.6846973076840877,0.5391699014591043
30,rest,46,92,0.6060570157074345,0.8481865744527801,0.1362644435304325,0.7711449877929641,0.5904132553709028
30,rest,47,94,0.08727004286563132,0.7366063513159212,0.24940849504071372,0.8292013870747558,0.47562156907425546
30,rest,48,96,0.23275984523921806,0.4267264347276051,0.588945051364557,0.7717080873965912,0.5050348546819928
30,rest,49,98,0.5583933544274728,0.3504592618351012,0.3113145309046497,0.30661946435145854,0.3816966528796706
30,rest,50,100,0.4836589732941541,0.31627537144477674,0.24182907157931588,0.302628751852612,0.3360980420427147
30,rest,51,102,0.6490690868567666,0.39525573518960383,0.5159058715166973,0.5913879159653763,0.5379046523821109
30,rest,52,104,0.7624856825941098,0.7547283175271748,0.6618446905540675,0.7399917205108065,0.7297626027965396
30,rest,53,106,0.6645283441750206,0.5608945080017133,0.7346501326244753,0.5987137365421672,0.6396966803358441
30,rest,54,108,0.5291921603414306,0.2207137503641573,0.4300131063660208,0.47407206850669076,0.4134977713945749
30,rest,55,110,0.7447319120630413,0.5552330360319674,0.0731246423508393,0.5941085338693365,0.49179953107879615
30,rest,56,112,0.5007951004258825,0.6806432039531868,0.34574641790974203,0.7050026837204981,0.5580468515023274
30,rest,57,114,0.3819135419569173,0.5388206262134977,0.6768095810588439,0.8901791639253496,0.6219307282886521
30,rest,58,116,0.725440432085553,0.2581004478103924,0.7260142338167608,0.7821959499612483,0.6229377659184886
30,rest,59,118,0.7198048776242105,0.26438941123603593,0.9277768138039524,0.550701961767818,0.6156682661080042
30,rest,60,120,0.6268820639825022,0.5420231747584081,0.33500736267513365,0.5562348331473383,0.5150368586408456
30,rest,61,122,0.46341721396773083,0.6648847897206386,0.4545910441994177,0.28822203677222624,0.4677787711650033
30,rest,62,124,0.6760337911320119,0.6622224066195435,0.3064471863859508,0.5131256697629858,0.539457263475123
30,rest,63,126,0.5219891047949973,0.7156011528702377,0.09545903841459048,0.4484595594539027,0.44537721388343204
30,rest,64,128,0.5791750269084252,0.596751070368317,0.25631623404541526,0.5138751631890537,0.4865293736278028
30,rest,65,130,0.41955109949318803,0.3372065552845744,0.5800461793442029,0.6073458252241589,0.48603741483653107
30,rest,66,132,0.3378535482909552,0.28569288062534126,0.36846382654664533,0.8414641801188323,0.4583686088954435
30,rest,67,134,0.5616685196103122,0.1685290181851298,0.3054256717717686,0.5495383931304826,0.3962904006744232
30,rest,68,136,0.56813258451699,0.19116061216217464,0.5004716448765736,0.3754632904984439,0.4088070330135455
30,rest,69,138,0.6721437873521481,0.3860115467217886,0.1309568843319137,0.4732643572845173,0.415594143922592
30,rest,70,140,0.6466957438117845,0.38792919578361823,0.39678559459478135,0.6649493150696322,0.5240899623149541
30,rest,71,142,0.38187427217462666,0.49308452281127624,0.49952835512342664,0.4187209786701109,0.44830203219486014
30,rest,72,144,0.39209131058505053,0.30056623476442096,0.8783625085203398,0.3244199505559458,0.4738600011064392
30,rest,73,146,0.1704756580408263,0.3784314362531018,0.5318179502175335,0.7025983819473187,0.4458308566146951
30,high,0,0,0.07843795744846109,0.9406712985022972,0.15496513850828209,0.5709300802240879,0.43625111867078215
30,high,1,2,0.049717339811419924,0.8757887100216071,0.4544007010928191,0.4060320754399725,0.4464847065914546
30,high,2,4,0.21776191300492662,0.9581246818139189,0.8222658342690357,0.9035253253722934,0.7254194386150437
30,high,3,6,0.367327539012278,0.9779580955284637,0.5481554528103306,0.5125783680098059,0.6015048638402196
30,high,4,8,0.34878324479805733,0.849178412210744,0.37285604916066245,0.347295396476837,0.47952827566157524
30,high,5,10,0.04500965745848229,0.9796944221976127,0.22562530874659684,0.8533222684427086,0.5259129142113501
30,high,6,12,0.05843833044104638,0.27907691084308983,0.5610272977186226,0.951243072217908,0.4624464028051667
30,high,7,14,0.05963377114422458,0.6090627008863239,0.7446190906986496,0.8217547851457159,0.5587675869687285
30,high,8,16,0.12880067387917246,0.958378036360313,0.5258511495105053,0.8173000506251515,0.6075824775937856
30,high,9,18,0.13500786800972084,0.9404382173933238,0.22979572825152916,0.7353589136734238,0.5101501818319993
30,high,10,20,0.18018384400817286,0.6479142100017066,0.06516308202724087,0.3196840071761505,0.3032362858033177
30,high,11,22,0.12646353381269348,0.9114424351330614,0.29024471622079934,0.5122480801333666,0.46009969132498024
30,high,12,24,0.028167171709963176,0.9220485524970853,0.14906944715146628,0.7541011980642014,0.46334659235567904
30,high,13,26,0.061861464813695394,0.8776830477830225,0.18429148408831555,0.8802725268410971,0.5010271308815326
30,high,14,28,0.04402169751243838,0.9060940488553295,0.06390617048958361,0.6460374184819265,0.4150148338348195
30,high,15,30,0.06648290346271252,0.9605515225626432,0.48367966800710677,0.8994268703025206,0.6025352410837457
30,high,16,32,0.30106393093143946,0.46062581681376,0.2543438120929437,0.5215338115425272,0.3843918428451676
30,high,17,34,0.28692821855616424,0.6059346892391858,0.2758677434244606,0.33766252577259437,0.3765982942481012
30,high,18,36,0.0876027440085234,0.7496630665553063,0.6206392770457309,0.546595323011066,0.5011251026551566
30,high,19,38,0.10379944118771213,0.89436294926365,0.4661489367334536,0.39060884797129225,0.46373004378902694
30,high,20,40,0.13800671282512944,0.8839092470221708,0.7130172271432481,0.18860840263463297,0.4808853974062953
30,high,21,42,0.1527849244745189,0.5546566742394472,0.5705286091892018,0.2678780645179574,0.38646206810528133
30,high,22,44,0.41639075763943184,0.43218288123274334,0.10634453578686337,0.5634060762628812,0.3795810627304799
30,high,23,46,0.2923801677469916,0.5029989470407874,0.6868656928389162,0.6887353357509071,0.5427450358444006
30,high,24,48,0.4166146460305126,0.8315121544190184,0.810461532417959,0.22011744816904094,0.5696764452591327
30,high,25,50,0.1644829294941148,0.8710377587599135,0.31454959176486474,0.5809667664522536,0.4827592616177867
30,high,26,52,0.1264787885068084,0.8742073019613014,0.10394267737501077,0.39559335541515606,0.37505553081456916
30,high,27,54,0.1820736204036617,0.9852824481989333,0.582504661770006,0.36102834702947656,0.5277222693505194
30,high,28,56,0.09681967018191297,0.630835870740417,0.7234880053454216,0.7089984051455446,0.540035487853324
30,high,29,58,0.06866491668866542,0.9715091520981465,0.5899590457140763,0.7529686239648034,0.5957754346164229
30,high,30,60,0.11105337330117865,0.16794366625405313,0.3760401180185425,0.8998283750048967,0.3887163831446677
30,high,31,62,0.0664204487991714,0.769638539404926,0.6910697939072843,0.36347125905706784,0.4726500102921124
30,high,32,64,0.18090398633199167,0.2436580574845974,0.9422891423969123,0.9868171633480483,0.5884170873903873
30,high,33,66,0.02958215479850914,0.04963770407830585,0.5347621512929481,0.7358421964177019,0.3374560516468662
30,high,34,68,0.04176396528598356,0.9872905492301353,0.20943655628607,0.8600814272592398,0.5246431245153571
30,high,35,70,0.06893423884119328,0.8332036143989214,0.9007871008867245,0.7881496017816962,0.6477686389771339
30,high,36,72,0.05860313617688902,0.7794476352859416,0.9238646596364792,0.7788898727253152,0.6352013259561563
30,high,37,74,0.0175679216646318,0.7138295595425788,0.3358607113118803,0.7865028081735842,0.4634402501731688
30,high,38,76,0.056024570300231905,0.6004508081111353,0.5077373998720314,0.29836412015734703,0.3656442246101864
30,high,39,78,0.06307778768108704,0.21347447071645653,0.8481621082711733,0.3101360507302512,0.35871260434974206
30,high,40,80,0.04679066850059985,0.43692090098641173,0.3663900237293572,0.7703424740922146,0.4051110168271458
30,high,41,82,0.0866505204668619,0.6144084168714873,0.8615517768025767,0.6187160804175214,0.5453316986396117
30,high,42,84,0.30502130078520706,0.4273747746115405,0.3506002870043892,0.7706818156840772,0.4634195445213035
30,high,43,86,0.11865056726417689,0.8738580542859443,0.4180038417648375,0.9973142064489147,0.6019566674409683
30,high,44,88,0.08232462669748886,0.8010097012206882,0.6666599047443393,0.9706754297691401,0.6301674156079141
30,high,45,90,0.22193536759017754,0.7078753947699238,0.6676495031324322,0.5472326045783994,0.5361732175177333
30,high,46,92,0.31199424419321664,0.7226896343911887,0.3126780892998652,0.2517838720777738,0.39978645999051116
30,high,47,94,0.14699999579205972,0.9288838855063547,0.20528123353424085,0.4737642416874971,0.43873233913003806
30,high,48,96,0.10946125532143988,0.7408027733080071,0.24657486432435943,0.4023702933241023,0.37480229656947717
30,high,49,98,0.1290835248316645,0.7764315299239777,0.29713920582626674,0.48247743020413364,0.42128292269651063
30,high,50,100,0.069558931427884,0.4637759168611142,0.353623672928044,0.3875981694439628,0.3186391726652512
30,high,51,102,0.11687954493804896,0.6538639443469515,0.5354511703501759,0.8258448425293441,0.5330098755411301
30,high,52,104,0.1344232569382182,0.851473294844051,0.673702222055846,0.4377939182215705,0.5243481730149214
30,high,53,106,0.06796323498270679,0.9152552415753601,0.8521225204119868,0.3975464123447035,0.5582218523286893
30,high,54,108,0.0456423946827541,0.8267430931558275,0.6134785006759882,0.7202597918890324,0.5515309451009006
30,high,55,110,0.15924587278114244,0.7110344501831775,0.5348300640011778,0.37250024029834894,0.4444026568159617
30,high,56,112,0.11725491745223533,0.8723063138913051,0.4676094664529142,0.6652739248396716,0.5306111556590316
30,high,57,114,0.08926059503653327,0.773745624728328,0.7446365316135424,0.6102885880882638,0.5544828348666668
30,high,58,116,0.11610621102496044,0.6499879024208038,0.5285188939569707,0.735211068047249,0.5074560188624959
30,high,59,118,0.18811388305913299,0.6772998338119727,0.6225717513025238,0.6286235754446924,0.5291522609045805
30,high,60,120,0.11164334053811158,0.70089416407619,0.3942770844326729,0.5237403537499966,0.4326387356992427
30,high,61,122,0.10412151945380346,0.815858498750998,0.25189070676114766,0.595759938361284,0.4419076658318083
30,high,62,124,0.08229364742568979,0.8533873202709322,0.39052171281532744,0.3332438780907793,0.4148616396506822
30,high,63,126,0.14221298891967274,0.8919587194802329,0.3655425314193099,0.5976612295105193,0.4993438673324337
30,high,64,128,0.2166675765222979,0.8602698478456713,0.26610104351062863,0.3289175135201319,0.4179889953496824
30,high,65,130,0.31576037105756755,0.9765588601898436,0.5218516786834211,0.5318353994778958,0.586501577352182
30,high,66,132,0.13770523797369924,0.9395061347099365,0.3247568828757023,0.9652304758633288,0.5917996828556666
30,high,67,134,0.14030459592116643,0.7844382278432488,0.27622715365132583,0.5675195849028825,0.44212239057965586
30,high,68,136,0.02331719674776569,0.7881238150855823,0.27358256628902367,0.9836039755091572,0.5171568884078822
30,high,69,138,0.02922623463979595,0.7981672107123747,0.4165913759810981,0.8716228044140345,0.5289019064368258
30,high,70,140,0.0529514310885989,0.83386658176535,0.6702649548675337,0.9284354578080501,0.6213796063823832
30,high,71,142,0.102949033523345,0.7511775994708124,0.4555679039090288,0.47350331243341903,0.44579946233415135
30,high,72,144,0.25251820432128613,0.5553591932820894,0.08887439217522015,0.1582411775298663,0.2637482418271155
30,high,73,146,0.13931515976613063,0.6584865320827314,0.2504317870006367,0.743413697243231,0.44791179402318243
31,rest,0,0,0.6115404654253247,0.6972862482204446,0.19191111665991134,0.6688094868504592,0.5423868292890349
31,rest,1,2,0.3110237066425371,0.5263698436171986,0.2448658772510617,0.8784769516317391,0.4901840947856342
31,rest,2,4,0.23708339953811094,0.522129212680707,0.4229414442256525,0.7289341024532469,0.4777720397244294
31,rest,3,6,0.46538598976139306,0.2042550728310357,0.6185741125415454,0.6749684718175665,0.49079591173788517
31,rest,4,8,0.7456824326163973,0.2999376519412068,0.43116043147387345,0.4754158607738422,0.4880490942013299
31,rest,5,10,0.8530759146959228,0.5751924195759374,0.7439226262679954,0.21963997691433604,0.5979577343635478
31,rest,6,12,0.7358564166308245,0.442259507715604,0.5914034024920067,0.35066436206794527,0.5300459222265952
31,rest,7,14,0.38082356038951143,0.43257969215508046,0.5191035764566725,0.7005340968699872,0.508260231467813
31,rest,8,16,0.23611955870756915,0.19073017946744833,0.284928945050546,0.8902033305087739,0.4004955034335843
31,rest,9,18,0.32468780630927474,0.5461150004948828,0.25040201290196434,0.7946095678304015,0.47895359688413086
31,rest,10,20,0.2561068332084614,0.6821925002198933,0.2750651530323983,0.7933076706643689,0.5016680392812805
31,rest,11,22,0.32708950265334563,0.39007266122704726,0.7999369791007619,0.6098181590766829,0.5317293255144595
31,rest,12,24,0.6210922237291437,0.36593898664692787,0.2683945489183483,0.4341388527144516,0.4223911530022179
31,rest,13,26,0.6499970859689972,0.48856113772464294,0.33426558532902245,0.31991244692705406,0.44818406398742916
31,rest,14,28,0.7628496346141092,0.6995984502932986,0.2272029685599022,0.23556517704208496,0.48130405762734874
31,rest,15,30,0.6236852489512024,0.5181603734215525,0.27490648462458417,0.32814642328398796,0.4362246325703317
31,rest,16,32,0.4073444501937447,0.08987196062811707,0.3127508766349686,0.5417094428431177,0.33791918257498704
31,rest,17,34,0.294558994865873,0.11737064603992771,0.9081490400578578,0.4438178613260323,0.4409741355724227
31,rest,18,36,0.607601620611431,0.2521839944547496,0.6380900181427555,0.29012476713543056,0.44700010008609165
31,rest,19,38,0.7017771515394078,0.24789499703359066,0.5200805042799368,0.2552233030253045,0.43124398896955995
31,rest,20,40,0.7630765155643588,0.3445672982876222,0.6601722183591122,0.36031484268542846,0.5320327187241304
31,rest,21,42,0.3809433946215381,0.2292848467556387,0.8707466245748225,0.9468996202174268,0.6069686215423565
31,rest,22,44,0.33907590790214454,0.4743109299535758,0.7400522653819067,0.7213348801898891,0.568693495856879
31,rest,23,46,0.6411437005097788,0.8759763500410878,0.6143890453124963,0.4595631315226455,0.6477680568465021
31,rest,24,48,0.6399781847122777,0.6769967471714476,0.8510286804106629,0.4434226844865439,0.652856574195233
31,rest,25,50,0.4784576547366335,0.33627199443012223,0.5522531309116956,0.3999464940734728,0.441732318537981
31,rest,26,52,0.7379751767052922,0.6493247263987232,0.22221944470812158,0.39309714849161514,0.500654124075938
31,rest,27,54,0.811718263714351,0.7070627759396959,0.16030594669940734,0.5114630691681896,0.547637513880411
31,rest,28,56,0.49903821307868795,0.5093816848960799,0.4859022084185766,0.5125384912908162,0.5017151494210401
31,rest,29,58,0.5827342273477025,0.504036987318381,0.515271971820039,0.29879791352774315,0.47521027500346646
31,rest,30,60,0.3359117605992029,0.7715116490733981,0.4030948312021206,0.7380752958777262,0.562148384188112
31,rest,31,62,0.6170603454094198,0.7595371673615587,0.6336896181152447,0.4835450999106018,0.6234580576992063
31,rest,32,64,0.23179824224244996,0.6975439877964819,0.7267639388815242,0.5985316178380653,0.5636594466896303
31,rest,33,66,0.1458039881663165,0.826631718058253,0.4410003116445934,0.56387167283238,0.49432692267538575
31,rest,34,68,0.45927185482956956,0.8315132186752604,0.49369274673705077,0.4885369308318104,0.5682536877684228
31,rest,35,70,0.4486300548706954,0.8331369820373308,0.19875864987911745,0.7071273432536849,0.5469132575102071
31,rest,36,72,0.2405469603485985,0.8475495799258579,0.46099842574345407,0.6958850436589089,0.5612450024192048
31,rest,37,74,0.5020162616216186,0.361623490910345,0.7063714070145741,0.7519344419554083,0.5804864003754865
31,rest,38,76,0.5540081648436612,0.21994264012327702,0.26634295864736185,0.4760541831470016,0.3790869866903254
31,rest,39,78,0.17055954045359187,0.368583238882594,0.6351997658986865,0.8907376551642264,0.5162700500997747
31,rest,40,80,0.11121718348970648,0.6845016068947554,0.5629203456400574,0.7308967808679623,0.5223839792231204
31,rest,41,82,0.32249655705795033,0.4090868718909925,0.6762435618947378,0.4722186565009884,0.47001141183616724
31,rest,42,84,0.3348282774625533,0.6897903047553546,0.8764563996654814,0.5656432298201239,0.6166795529258783
31,rest,43,86,0.26201280771674484,0.45534161000938733,0.18740054178650387,0.721379211221619,0.4065335426835638
31,rest,44,88,0.5031169613313144,0.24378323176636219,0.750767265897454,0.5137917130543111,0.5028647930123604
31,rest,45,90,0.603345373311836,0.6582020040462097,0.37034686621700036,0.5973130451719337,0.557301822186745
31,rest,46,92,0.5009617869213121,0.4952087311497734,0.39448492651498535,0.6165241289466988,0.5017948933831924
31,rest,47,94,0.6685785565932536,0.698703013590871,0.4807184136784755,0.30179345910030614,0.5374483607407265
31,rest,48,96,0.6546381600979315,0.4064615811624423,0.6222772414214499,0.2869901368578439,0.49259177988491687
31,rest,49,98,0.161685200324839,0.8135133561822389,0.4661561058468738,0.8111541839939691,0.5631272115869802
31,rest,50,100,0.39933970194818347,0.481777331153839,0.3699037803039145,0.6516112600207995,0.4756580183566841
31,rest,51,102,0.37816803277446503,0.1788850861152404,0.41222772914925315,0.6854976984886506,0.4136946366319023
31,rest,52,104,0.5889319134862252,0.5335509362896506,0.47394405112647514,0.5356970218538838,0.5330309806890586
31,rest,53,106,0.6706793963153199,0.5942724105074967,0.4302452002981731,0.1982206994627179,0.47335442664592686
31,rest,54,108,0.4322978901852971,0.2637566148327108,0.6739534735499364,0.2741483027806354,0.41103907033714493
31,rest,55,110,0.5387801230554943,0.624171073177001,0.6279733408988659,0.3847770260776881,0.5439253908022623
31,rest,56,112,0.27197414962265687,0.4959630126816192,0.8286795928549487,0.9122454660136882,0.6272155552932283
31,rest,57,114,0.5292917679274937,0.35323897713346747,0.319273205835206,0.46062343863980876,0.41560684738399395
31,rest,58,116,0.8047832579827381,0.6567105618345145,0.5213466803298134,0.23685159687708637,0.5549230242560381
31,rest,59,118,0.6023773774858864,0.6898960548501326,0.6776026102387174,0.3671846335715971,0.5842651690365833
31,rest,60,120,0.711581215056886,0.5859819204152052,0.4592675443500137,0.3563335897167121,0.5282910673847042
31,rest,61,122,0.6223736510138635,0.321174449894744,0.664835847659171,0.2578019158764764,0.4665464661110637
31,rest,62,124,0.6049458028859227,0.46641422588278186,0.21432645758247704,0.33740034761609283,0.40577170849181865
31,rest,63,126,0.33379418880320616,0.49161621337750744,0.8071658036584821,0.38462016546299227,0.504299092825547
31,rest,64,128,0.503959581232551,0.49462959694014313,0.3613514774122371,0.316621260904942,0.4191404791224683
31,rest,65,130,0.319338766080342,0.8061799331355719,0.4463737684146885,0.577681343239116,0.5373934527174296
31,rest,66,132,0.1913918555151253,0.842940672648448,0.3801310998051499,0.698065877522035,0.5281323763726895
31,rest,67,134,0.6859522452189059,0.6010041206351312,0.5063072532629491,0.5462340711009738,0.58487442255449
31,rest,68,136,0.3316900308043537,0.8128929222255824,0.6552595524566012,0.43087841101198077,0.5576802291246294
31,rest,69,138,0.5291694400056864,0.6438507655401001,0.8023592236340553,0.42460814806475566,0.5999968943111493
31,rest,70,140,0.3285945439602114,0.33871420321553164,0.6933369139374053,0.8312755783467084,0.5479803098649642
31,rest,71,142,0.6478628912961113,0.11427635081222932,0.6345802955038292,0.33758369476468747,0.43357580809421437
31,rest,72,144,0.44743870367024524,0.06895581523079575,0.679049025263063,0.39114848687636244,0.3966480077601166
31,rest,73,146,0.32921477537959953,0.4873833176330939,0.2667000402804143,0.5741853075326693,0.41437086020644426
31,high,0,0,0.7779609838031415,0.5105277403652404,0.3270909111651093,0.2976166669453299,0.47829907556970525
31,high,1,2,0.31483761104135816,0.11407316696954582,0.4564825254651157,0.2485117342693687,0.28347625943634713
31,high,2,4,0.18668034145986973,0.14392152973724662,0.2116538391540031,0.36303426028847186,0.22632249265989782
31,high,3,6,0.6996542534244297,0.5870535135538021,0.3267075436651997,0.16416355940548014,0.444394717512228
31,high,4,8,0.7917127052845684,0.7666782286282683,0.5105164725812703,0.16037882966555736,0.5573215590399161
31,high,5,10,0.8241903665121326,0.7169555254432873,0.48989342265083397,0.1177306179800497,0.5371924831465759
31,high,6,12,0.777067776505669,0.5436715871418344,0.6233795021328246,0.15172893721590183,0.5239619507490574
31,high,7,14,0.6402181615964756,0.8639205821502726,0.4921936558572757,0.3171617495001709,0.5783735372760487
31,high,8,16,0.18746267350225818,0.7824948653145966,0.39279942063837764,0.3862432901032335,0.4372500623896165
31,high,9,18,0.8669102360815796,0.8797438127318499,0.32023844860638123,0.2333624926770535,0.5750637475242161
31,high,10,20,0.943054916296463,0.8382076172664832,0.49929854840049986,0.1513334758099344,0.607973639443345
31,high,11,22,0.729162114846079,0.7209793895658929,0.7304035472718443,0.361822799734298,0.6355919628545286
31,high,12,24,0.9704065574704109,0.9554014113081167,0.2915421104109962,0.9772207808818212,0.7986427150178363
31,high,13,26,0.9726420003001903,0.8611065285018863,0.26026433364105916,0.9733153561420844,0.766832054646305
31,high,14,28,0.9166697439299468,0.4532549113697843,0.33997856393840703,0.684020527736473,0.5984809367436528
31,high,15,30,0.8837564224256187,0.896255621554352,0.5496557242694791,0.31692011140317256,0.6616469699131555
31,high,16,32,0.26897243429473044,0.9006328698265883,0.48403842481519505,0.549146314333632,0.5506975108175365
31,high,17,34,0.4177815319974847,0.8910462183764438,0.3795045634845154,0.6574787660313539,0.5864527699724494
31,high,18,36,0.9453026097755141,0.6450691498508612,0.6281608554947191,0.23375026814070457,0.6130707208154497
31,high,19,38,0.10936838781204192,0.9975273768433653,0.95689650500537,0.3350209400885248,0.5997033024373255
31,high,20,40,0.11325504326704279,0.9975273768433653,0.9809177321162683,0.3634066940606238,0.6137767115718251
31,high,21,42,0.9002529598169361,0.6552692719674414,0.5009720999145746,0.12879775072262284,0.5463230206053937
31,high,22,44,0.27662312567165454,0.8353120662219207,0.38244170843387,0.2772370466382524,0.4429034867414244
31,high,23,46,0.354186934488852,0.6015598228745211,0.4248519096009738,0.2123536960122246,0.39823809074414285
31,high,24,48,0.8901201818513376,0.6006160904463753,0.5737742378286694,0.11290355906063763,0.544353517296755
31,high,25,50,0.2040930739868015,0.7464185264251945,0.1559405575041159,0.5485579254657964,0.4137525208454771
31,high,26,52,0.1132124406649133,0.8031510354775371,0.4006909781525088,0.6644953946402808,0.49538746223381
31,high,27,54,0.6336571222180744,0.554066228334697,0.4969854221120167,0.15117793091246767,0.4589716758943139
31,high,28,56,0.5468460699927828,0.41553442907388666,0.3115152278650406,0.2804789382056575,0.3885936662843419
31,high,29,58,0.9147201266134823,0.5887576308214771,0.5328484539255579,0.13560776662634386,0.5429834944967153
31,high,30,60,0.6242204626212833,0.8252431027226752,0.2878395391539881,0.16303755320736488,0.47508516442632787
31,high,31,62,0.5733195087127891,0.908600566749001,0.6210458083595425,0.19070008505375133,0.573416492218771
31,high,32,64,0.9543799363867589,0.9394729426707189,0.5352893453509436,0.4083959258895458,0.7093845375744918
31,high,33,66,0.8280176578193417,0.8934063891797098,0.4710755051423604,0.27745160114423856,0.6174877883214126
31,high,34,68,0.9642607260793498,0.9213292703010044,0.3560302887786835,0.40020127817560175,0.6604553908336599
31,high,35,70,0.5072959835162173,0.8806345572145426,0.48100609825485224,0.15015596734983003,0.5047731515838606
31,high,36,72,0.10875244197587626,0.7345095378285893,0.47883030132140714,0.3120347183253331,0.4085317498628015
31,high,37,74,0.3620118210892859,0.3765665636482235,0.3234445152661271,0.5678721869636435,0.40747377174182
31,high,38,76,0.00795086163232948,0.9975273768433653,0.9796227299823365,0.35632047495594293,0.5853553608534935
31,high,39,78,0.2179558776746284,0.9975273768433653,0.916101099000903,0.589006914955685,0.6801478171186454
31,high,40,80,0.9246262953398534,0.9975273768433653,0.7469712116736633,0.20045897174884011,0.7173959639014306
31,high,41,82,0.9376186603933802,0.8650049196963154,0.5627082525222991,0.1289833426436122,0.6235787938139017
31,high,42,84,0.6051031882774781,0.8320327138281384,0.27935950186130426,0.28725373114206504,0.5009372837772464
31,high,43,86,0.48805865153520667,0.7199473547266457,0.22574594190697952,0.20795433824763343,0.4104265716041164
31,high,44,88,0.4628855675123689,0.37891565081185064,0.2538841166663686,0.5405028293960159,0.409047041096651
31,high,45,90,0.9072260373344098,0.4706394778995774,0.3260587929219206,0.13859069957878842,0.46062875193367403
31,high,46,92,0.9578454913933395,0.27243775387113783,0.6271397232033658,0.12059276111031797,0.49450393239454027
31,high,47,94,0.6974623388783826,0.34257963863564145,0.5884448138762945,0.20526142091165142,0.4584370530754925
31,high,48,96,0.3704485122426766,0.5278837536687978,0.37117183494268935,0.14188925086144374,0.35284833792890186
31,high,49,98,0.6504747195990614,0.9308301739425249,0.3982179876233723,0.3648894763081952,0.5861030893682885
31,high,50,100,0.9880572140737623,0.9301293779303719,0.5557341043804196,0.798879246158625,0.8181999856357947
31,high,51,102,0.964235537048736,0.9087198613011457,0.7789636300066229,0.8134145746442543,0.8663334007501897
31,high,52,104,0.9012604613423693,0.8529899280549006,0.24542371405915983,0.21809090431547284,0.5544412519429756
31,high,53,106,0.9469427053772236,0.9599380470537509,0.28170564224762146,0.471116132534202,0.6649256318031995
31,high,54,108,0.8723243104772572,0.9092517296896614,0.26178014431068986,0.4477779774273473,0.622783540476239
31,high,55,110,0.8032066869946275,0.8791676619637833,0.3024343161674244,0.5944529162057441,0.6448153953328948
31,high,56,112,0.790212361255509,0.8293467001161693,0.7040841579146286,0.19995896542045366,0.6309005461766901
31,high,57,114,0.49580850787038544,0.49585195117360054,0.7816084102505917,0.19098333108555998,0.49106305009503437
31,high,58,116,0.5515288208835651,0.3474191747228459,0.2986510383286342,0.16343880364009658,0.3402594593937855
31,high,59,118,0.8536632735328127,0.927277328579717,0.5098991521219358,0.53952560559028,0.7075913399561864
31,high,60,120,0.9412584116866274,0.5781586079492516,0.46043013403021116,0.22776877065153917,0.5519039810794073
31,high,61,122,0.6463821922504186,0.3437075271131179,0.8482768102219336,0.2948488216939638,0.5333038378198585
31,high,62,124,0.5739634180467298,0.8037801966796096,0.7075692336720155,0.44968017112314507,0.633748254880375
31,high,63,126,0.8922382876320111,0.7842162775126634,0.3717392439503571,0.4555118257552348,0.6259264087125667
31,high,64,128,0.641828651664887,0.5777928158625603,0.5884589158931736,0.2928108999649876,0.5252228208464021
31,high,65,130,0.8450247883784728,0.82366321576788,0.29237709554238767,0.3090269493717989,0.5675230122651349
31,high,66,132,0.6444629066753366,0.7532594475919064,0.25648162127256413,0.28061540812879565,0.4837048459171507
31,high,67,134,0.8104370096215681,0.5007324677982666,0.4062428002757821,0.17623775978459627,0.4734125093700533
31,high,68,136,0.713729886273455,0.36563864196868284,0.1556854397667284,0.19363241522710106,0.3571715958089918
31,high,69,138,0.7099919191082589,0.5622811647918046,0.48564922505421876,0.20985067316219322,0.4919432455291189
31,high,70,140,0.6229619664986503,0.39902555256909156,0.36823277769833207,0.37937666325236485,0.44239924000460973
31,high,71,142,0.7310676418571779,0.7202936473506611,0.3600633140372321,0.28385596776851435,0.5238201427533963
31,high,72,144,0.5976624765342343,0.5917598991823578,0.4424942225080722,0.3047838061241784,0.4841751010872106
31,high,73,146,0.7686535958942505,0.600006498883715,0.588012356341923,0.3888850553760709,0.5863893766239899
32,rest,0,0,0.5092980534462354,0.543218767923021,0.8250390935155063,0.562535747044748,0.6100229154823776
32,rest,1,2,0.5499045278226304,0.23012805462750974,0.5988528786923063,0.3895850997473327,0.44211764022244476
32,rest,2,4,0.6392712955777902,0.3890165551284451,0.5576453349811764,0.3108648482051781,0.4741995084731474
32,rest,3,6,0.5593154789735066,0.29313554670846304,0.46516919716495014,0.347610225336288,0.41630761204580197
32,rest,4,8,0.4832706132726785,0.6081193729079682,0.47108014530343556,0.33655781676940205,0.47475698706337116
32,rest,5,10,0.49801399693831744,0.2678895771167142,0.663199470780309,0.4573019201448165,0.4716012412450393
32,rest,6,12,0.45900678538334516,0.325210382359364,0.7081449159621123,0.5533346743560035,0.5114241895152063
32,rest,7,14,0.6634437955532785,0.31967879321016224,0.6921608131076249,0.49757918653914646,0.543215647102553
32,rest,8,16,0.49376373371672366,0.2360880094173469,0.4329007485105991,0.3062526599112557,0.3672512878889813
32,rest,9,18,0.3625411934751479,0.17181582219335026,0.21365488170674438,0.5981944797028207,0.3365515942695158
32,rest,10,20,0.32436829539922857,0.39533788484686666,0.495786764719378,0.9416890725730268,0.539295504384625
32,rest,11,22,0.2655194322536805,0.7417992609070441,0.7888572001883757,0.44222005327941927,0.5595989866571299
32,rest,12,24,0.3779785372601052,0.7118629063668476,0.31577278238240075,0.22691027847066317,0.4081311261200042
32,rest,13,26,0.22790669622031648,0.7836353663461674,0.23706385640402938,0.5131439184332769,0.4404374593509476
32,rest,14,28,0.591963479813911,0.523676031859825,0.7253978691997998,0.3384274837305046,0.54486621615101
32,rest,15,30,0.8457294971616728,0.5832167162979107,0.4091209981454779,0.17323592964394746,0.5028257853122523
32,rest,16,32,0.36974931440659375,0.4170762435001618,0.7962408647151458,0.5802024255068824,0.5408172120321959
32,rest,17,34,0.19171316626762275,0.9393054275686341,0.2797547817291583,0.7844915829840481,0.5488162396373658
32,rest,18,36,0.6565403527074826,0.8540180715697555,0.31579886515892286,0.4018683477888105,0.5570564093062429
32,rest,19,38,0.31533252842518433,0.4985068711557213,0.7801740806356964,0.603710069311765,0.5494308873820917
32,rest,20,40,0.5638783111690464,0.5906050354192055,0.782995808899785,0.41534048442968646,0.5882049099794309
32,rest,21,42,0.370894619200704,0.9718333027852303,0.4680246198217214,0.5655944895784889,0.5940867578465361
32,rest,22,44,0.42936516773150063,0.7906946388313273,0.8128810479820975,0.6749669088157375,0.6769769408401658
32,rest,23,46,0.2691373778519971,0.5772099021263568,0.632502865026708,0.91496825736795,0.598454600593253
32,rest,24,48,0.31005173589810797,0.6638733439639616,0.7606605729815553,0.9031311948308554,0.65942921191862
32,rest,25,50,0.48441170098990516,0.7789040357865544,0.23184038802001844,0.6587174755108467,0.5384684000768312
32,rest,26,52,0.4640472823019043,0.6473989224846461,0.13318418043156302,0.8005924575391384,0.511305710689313
32,rest,27,54,0.18286959191217225,0.551737522800197,0.6503703014728373,0.7642509457303863,0.5373070904788981
32,rest,28,56,0.18046872257407978,0.44131354554353047,0.30408143703741625,0.4960798381397739,0.3554858858237001
32,rest,29,58,0.21759069896522581,0.7241063357423271,0.9773957722563974,0.7990096780255015,0.6795256212473629
32,rest,30,60,0.3598057724788572,0.608269333311374,0.834655184600317,0.8249064519542897,0.6569091855862095
32,rest,31,62,0.8497031425781704,0.527608842839469,0.2533226555923704,0.35447740241575576,0.49627801085644135
32,rest,32,64,0.6010321486621061,0.5965103949612713,0.30219289080295386,0.6979308043695429,0.5494165596989685
32,rest,33,66,0.9367698135461234,0.3665379596166995,0.48056316216234,0.23165119359103198,0.5038805322290487
32,rest,34,68,0.9089758186797054,0.3615083875887516,0.37424366805966214,0.23609014646971974,0.4702045051994598
32,rest,35,70,0.38225315256248343,0.540591529597345,0.90760638480549,0.6002263322230562,0.6076693497970936
32,rest,36,72,0.7783029356944143,0.6269915032407458,0.5678460549093773,0.32391500437273124,0.5742638745543172
32,rest,37,74,0.9232771965732903,0.22676218958745462,0.49139685642039377,0.19509809148270657,0.45913358351596134
32,rest,38,76,0.9300498866090051,0.3388600893585241,0.3178713716436342,0.22784384840745542,0.45365629900465476
32,rest,39,78,0.8408482738721732,0.33446492518818927,0.8394332487389222,0.4674260213674456,0.6205431172916825
32,rest,40,80,0.6814300649639777,0.3817108602872393,0.6373939925273393,0.40437756376967304,0.5262281203870574
32,rest,41,82,0.7000787913355114,0.2423679385379422,0.5042132352806221,0.19471496662080306,0.4103437329437197
32,rest,42,84,0.7900131894817426,0.4618361808360428,0.9287036065634975,0.24418170282663101,0.6061836699269785
32,rest,43,86,0.7487483437724248,0.3679415653415432,0.286141786494599,0.31282434986589325,0.42891401136861507
32,rest,44,88,0.40850034639609584,0.21975319940365484,0.3978900192714046,0.73751577948487,0.4409148361390063
32,rest,45,90,0.3127495806854971,0.25800282705269056,0.698729990653856,0.8872157814385581,0.5391745449576504
32,rest,46,92,0.44913318669454094,0.17256374542490108,0.3827990788658548,0.48374609892402626,0.37206052747733076
32,rest,47,94,0.8205488802906092,0.6807536984439073,0.23058977900343441,0.21801928790149885,0.48747791140986246
32,rest,48,96,0.4647881119788622,0.7800291153577494,0.4186834007417068,0.5430883386039441,0.5516472416705657
32,rest,49,98,0.4875938993060738,0.5517949390652025,0.5630067900448258,0.49743039596868766,0.5249565060961974
32,rest,50,100,0.5628105938722621,0.3738944978355045,0.5701526684827859,0.3926199062106908,0.4748694166003108
32,rest,51,102,0.47561324222306317,0.44385162186612465,0.41055490286983926,0.8184571891220997,0.5371192390202817
32,rest,52,104,0.6841330318229145,0.2940131223111643,0.4021165504471512,0.40205586714505664,0.44557964293157165
32,rest,53,106,0.3384291004448767,0.11547804426475344,0.6976768782067155,0.5669933037863831,0.42964433167568217
32,rest,54,108,0.32427273324037004,0.6021243862904495,0.7661704593399435,0.7109109535213644,0.6008696330980319
32,rest,55,110,0.5019860030616826,0.6969159223611396,0.46729196290567826,0.5212251599012822,0.5468547620574457
32,rest,56,112,0.8574780513396955,0.16271482102868928,0.42197859957187106,0.2315883703255341,0.4184399605664475
32,rest,57,114,0.7094017002844683,0.5014931288442788,0.5762294782152088,0.40780890959489985,0.548733304234714
32,rest,58,116,0.28703220033252413,0.6132947733509562,0.35094772628103343,0.7742918420658149,0.5063916355075821
32,rest,59,118,0.5099179590139774,0.617200152705654,0.24038360995347272,0.6679770845397558,0.508869701553215
32,rest,60,120,0.658786749061783,0.5934325517881076,0.44596592294025683,0.6536869558965067,0.5879680449216635
32,rest,61,122,0.5486127157483436,0.5969412362766071,0.7000076852758402,0.38874854426180033,0.5585775453906477
32,rest,62,124,0.7271022381638361,0.30892692246300485,0.7205215513459868,0.22564714361818775,0.4955494638977539
32,rest,63,126,0.881992805936759,0.10564159114034972,0.802495673878774,0.26453579518899706,0.51366646653622
32,rest,64,128,0.7025385611278788,0.3737614563109157,0.6618158033048052,0.5475951755949127,0.571427749084628
32,rest,65,130,0.7983110035397848,0.2682157094163559,0.44585237481167234,0.4465501296838625,0.48973230436291887
32,rest,66,132,0.7414551143832918,0.35666122648176984,0.568209143539774,0.5024208134608535,0.5421865744664223
32,rest,67,134,0.6816139916027427,0.182555967506904,0.5342579345363624,0.45500073796517726,0.4633571579027966
32,rest,68,136,0.5858583791383322,0.5182643635717146,0.5091760078982884,0.5917180753604901,0.5512542064922062
32,rest,69,138,0.3476428152247181,0.5965187718026996,0.45562415290300456,0.7486912988190151,0.5371192596873593
32,rest,70,140,0.29907637979512347,0.2753893453211163,0.36355121627394144,0.6805769053786385,0.4046484616922049
32,rest,71,142,0.4285402973823533,0.23994159377847254,0.46555330935674094,0.581782808097714,0.42895450215382014
32,rest,72,144,0.3578291009194976,0.7593069864667125,0.6412501463324146,0.7648289628697739,0.6308037991470996
32,rest,73,146,0.45586189116002496,0.700860036374673,0.19476030387535484,0.7320493141633335,0.5208828863933466
32,high,0,0,0.09244145864158049,0.8399456658085268,0.7264474981324298,0.7154668644030305,0.593575371746392
32,high,1,2,0.3664983661342278,0.7163484993363158,0.723576809609536,0.36963804509312004,0.5440154300432999
32,high,2,4,0.5249291348746136,0.8367758360316285,0.5331654156015025,0.1788045660998335,0.5184187381518945
32,high,3,6,0.49873237722895697,0.7593189116518738,0.5601785218692849,0.19797336836611787,0.5040507947790583
32,high,4,8,0.6532100603769019,0.5681305352780309,0.48210743862449973,0.21916266828412181,0.4806526756408886
32,high,5,10,0.2751479895644573,0.8372832323858593,0.2134705262526465,0.3300216084086627,0.41398083915290645
32,high,6,12,0.23554404766620532,0.7614640418272318,0.5761705889413223,0.5046875280527082,0.519466551621867
32,high,7,14,0.5260500958174431,0.6243175033698317,0.5155230572043535,0.4010805580100611,0.5167428036004224
32,high,8,16,0.30146944489755967,0.9517880205279575,0.8601357805083633,0.3248403057021762,0.6095583879090142
32,high,9,18,0.21332956094076225,0.9304917359025556,0.48519718427705133,0.7726732520242721,0.6004229332861604
32,high,10,20,0.4567071730902704,0.5557736359456861,0.8036479324069706,0.5059819736622917,0.5805276787763047
32,high,11,22,0.5680906313219567,0.6919058270306695,0.48977760802623577,0.47385399274929313,0.5559070147820387
32,high,12,24,0.6665248026115013,0.5633283701907416,0.49580574859953286,0.3805754924678998,0.5265586034674189
32,high,13,26,0.864030378422939,0.45734061211940047,0.8205104093701845,0.3430162696745822,0.6212244173967766
32,high,14,28,0.9124724482666483,0.2322718644664719,0.6299824997013236,0.3586030263133947,0.5333324596869596
32,high,15,30,0.603988486777252,0.6245966990024414,0.6347225063861646,0.4007511083279171,0.5660147001234438
32,high,16,32,0.452993715204468,0.7479510315738471,0.7249163661573644,0.26716533084890975,0.5482566109461474
32,high,17,34,0.8497932332063215,0.2400235620402437,0.8455173138749542,0.2115165393242789,0.5367126621114496
32,high,18,36,0.7080135893467414,0.6162064092779929,0.4056124016821784,0.2527787100284132,0.4956527775838314
32,high,19,38,0.8868387534282802,0.42691436248216946,0.7453114821444645,0.5374604789387462,0.6491312692484151
32,high,20,40,0.8422178843598266,0.6478235074870052,0.8529750259681921,0.3790318954130288,0.6805120783070132
32,high,21,42,0.3653092658164483,0.8050888754528679,0.8744571437959275,0.5681394819999019,0.6532486917662865
32,high,22,44,0.1324407051982213,0.9912723194072375,0.7747074272192387,0.5053876923631407,0.6009520360469596
32,high,23,46,0.3377378622531825,0.8979215908798732,0.7530950028202336,0.8026684494636833,0.6978557263542431
32,high,24,48,0.560622454250951,0.3075050243926792,0.7283030605457844,0.30675033213114833,0.4757952178301408
32,high,25,50,0.5481160047508922,0.7966971742472824,0.7200873640139451,0.36354906690357597,0.6071124024789238
32,high,26,52,0.37818149855606936,0.6311065289348333,0.4994159540756946,0.556188524766898,0.5162231265833738
32,high,27,54,0.17713125977111677,0.8133276990090237,0.8397974267414282,0.6388106273479125,0.6172667532173703
32,high,28,56,0.6065945806070507,0.9975273768433653,0.55930795741364,0.280853837716572,0.611070938145157
32,high,29,58,0.3589446493734687,0.8477102681697711,0.2006910922957212,0.47849352550004404,0.4714598838347513
32,high,30,60,0.620108394990295,0.6779282543307721,0.218175243866606,0.577196037971483,0.523351982789789
32,high,31,62,0.8209769964480131,0.28071746107370354,0.416493308451168,0.2289592305932607,0.4367867491415363
32,high,32,64,0.6833698321936028,0.3451889505464436,0.3271188733552326,0.23909450998417006,0.3986930415198623
32,high,33,66,0.7855501462798551,0.5088006742699773,0.37127893956138197,0.28956952215066517,0.4887998205654699
32,high,34,68,0.7253688852171852,0.5130587665585759,0.26239456383517246,0.21348416886006216,0.4285765961177489
32,high,35,70,0.5707089982244855,0.47973356936126604,0.2711605510229498,0.252144896728696,0.3934370038343493
32,high,36,72,0.27960709644909876,0.5662249578386,0.5726872180432749,0.47787008810106835,0.4740973401080105
32,high,37,74,0.44826856024126593,0.7258898856393834,0.6248635932789729,0.30335103384899736,0.5255932682521549
32,high,38,76,0.3534533951799304,0.4392215293897862,0.7749474949354973,0.3457746592860295,0.4783492696978109
32,high,39,78,0.49338563911635525,0.4730391089412943,0.7818407330519521,0.34642338444356297,0.5236722163882912
32,high,40,80,0.306052176159969,0.8547691636321005,0.638873288329027,0.4904070309959482,0.5725254147792612
32,high,41,82,0.906756140237951,0.7250385758777567,0.4814770009087818,0.17472971524315933,0.5720003580669123
32,high,42,84,0.7496416186772682,0.6615820806552163,0.2703417464061954,0.1599253466186498,0.46037269808933245
32,high,43,86,0.7491056466496095,0.39485030252907033,0.41432668911725895,0.15708146832997902,0.4288410266564795
32,high,44,88,0.7518205502753931,0.40215115694106096,0.3672017053894695,0.1530917545125055,0.4185662917796073
32,high,45,90,0.45886771198923804,0.5130920197608317,0.35799273011964383,0.3067387097437622,0.40917279290336894
32,high,46,92,0.7479276636623576,0.48606528513499986,0.5441131226124423,0.252294392024405,0.5076001158585512
32,high,47,94,0.7325126274557525,0.6045036865977574,0.5026455698055298,0.18245575818981072,0.5055294105122126
32,high,48,96,0.7308103882400404,0.715795119495968,0.5478485622684485,0.1634391349208952,0.539473301231338
32,high,49,98,0.5020612342228411,0.7788120301975665,0.7306476651299139,0.5719400756074338,0.6458652512894387
32,high,50,100,0.8538336150913753,0.7007997780890045,0.50544858474222,0.20910926717224934,0.5672978112737123
32,high,51,102,0.19591631868703108,0.4779565138254883,0.6162014153773357,0.580849305824305,0.46773088842854005
32,high,52,104,0.12838337490627977,0.45078884660287855,0.7447693434603957,0.5006391272987851,0.4561451730670848
32,high,53,106,0.5901396256245488,0.5691891867152471,0.25582267640928014,0.2768577297064503,0.42300230461388155
32,high,54,108,0.7021661451622033,0.5779618663636971,0.2550607842184527,0.2974518197914373,0.4581601538839476
32,high,55,110,0.69810272008405,0.3275680267666902,0.4345953386687625,0.8600834142297542,0.5800873749373142
32,high,56,112,0.8802220325488813,0.7024773199950934,0.24494415978008763,0.5864783749629491,0.6035304718217529
32,high,57,114,0.6489425347248986,0.7469568918586135,0.37618492775299167,0.33307300299094383,0.5262893393318618
32,high,58,116,0.433154505566899,0.7218114800435367,0.35166331835000386,0.3583522916748126,0.46624539890881306
32,high,59,118,0.7701835895621137,0.41789786155817404,0.4631343808672018,0.28504798233180445,0.4840659535798235
32,high,60,120,0.7934444627977275,0.42899813210739,0.6017411350164846,0.25181922351563335,0.5190007383593089
32,high,61,122,0.5028749537014365,0.8272230662275722,0.7166413019952989,0.5685989678404908,0.6538345724411996
32,high,62,124,0.14533630466298048,0.9392624330890054,0.76235900418955,0.7931347126407061,0.6600231136455605
32,high,63,126,0.5335312939841407,0.549826940479609,0.6258703545206685,0.5038308994021103,0.5532648720966322
32,high,64,128,0.5509080877568803,0.5081806281234741,0.41990705392153277,0.32492920235494255,0.45098124303920745
32,high,65,130,0.8583108602125182,0.4210884955068518,0.879236214186644,0.21957180534685355,0.5945518438132169
32,high,66,132,0.9078414119486766,0.6498353130676867,0.7104481404455141,0.5664244040050723,0.7086373173667375
32,high,67,134,0.6850530563604013,0.696424887953526,0.7767126040408641,0.347540026018918,0.6264326435934273
32,high,68,136,0.7168970786696847,0.8787556094397734,0.4910476427020499,0.3430264587437928,0.6074316973888252
32,high,69,138,0.5128023146160452,0.6746927659858902,0.8587665069619168,0.3026223219500577,0.5872209773784774
32,high,70,140,0.6178543753197754,0.9569315311175283,0.37526603443553175,0.48710919661099383,0.6092902843709573
32,high,71,142,0.7065509838936834,0.7150907410655396,0.5905441756065599,0.41565208445994173,0.6069594962564312
32,high,72,144,0.7624211333277745,0.5327169871357725,0.5988822051780813,0.23712455410064012,0.5327862199355671
32,high,73,146,0.7993858009964038,0.41002286921698594,0.3285003187920807,0.2549350261056775,0.448211003777787
33,rest,0,0,0.1305725136775816,0.383299537972027,0.3904476401627064,0.5703934974545666,0.3686782973167204
33,rest,1,2,0.07310591894318853,0.9521629037428185,0.3851747856667147,0.26878966809432586,0.4198083191117619
33,rest,2,4,0.03304811772404654,0.9243233389621187,0.2642231207613437,0.2861948201567244,0.37694734940105834
33,rest,3,6,0.1158589699184758,0.5680486236700937,0.6638310252105484,0.7250573572364414,0.5181989940088898
33,rest,4,8,0.21061866428861248,0.4480480771510067,0.29050918710470297,0.28196796271748287,0.3077859728154513
33,rest,5,10,0.3562166022663142,0.6361027719093792,0.41146436615830195,0.3177525987590914,0.4303840847732717
33,rest,6,12,0.3912290308187322,0.7734180582567284,0.3809783609549681,0.33513165384696886,0.4701892759693494
33,rest,7,14,0.18309446506302876,0.76534608544218,0.4678059891915828,0.38575872171525094,0.4505013153530106
33,rest,8,16,0.14997380300623742,0.5907671987522988,0.24111775288599652,0.26565489489698896,0.31187841238538044
33,rest,9,18,0.2630503511802451,0.2997326801032257,0.5298611093906628,0.48974702216000787,0.3955977907085354
33,rest,10,20,0.35665072313264407,0.1715481494327438,0.8214850945310613,0.5125292380942931,0.4655533012976856
33,rest,11,22,0.03911288741969459,0.38121955073618696,0.9324580163667201,0.21200206802571367,0.39119813063707887
33,rest,12,24,0.7269270397792612,0.41862267275738213,0.20150173189346177,0.26686744067301016,0.4034797212757788
33,rest,13,26,0.6314803943940825,0.4617284484996323,0.20477948455071363,0.28138032325455076,0.3948421626747448
33,rest,14,28,0.12421182186263674,0.9380952089733567,0.5589177906405934,0.3825122697152248,0.5009342727979529
33,rest,15,30,0.44021834268627497,0.811685691143911,0.7465360864925958,0.424390578096847,0.6057076746049072
33,rest,16,32,0.6634516801510653,0.6435629969301254,0.678498855762356,0.6604783301182874,0.6614979657404585
33,rest,17,34,0.6330400061029868,0.5914452416134721,0.8478456867259008,0.7117013707109343,0.6960080762883236
33,rest,18,36,0.49969319159816517,0.3416427493919179,0.29369802704016285,0.5924610290210368,0.4318737492628207
33,rest,19,38,0.19549474255393975,0.713257654302466,0.7316282064937667,0.554828539793598,0.5488022857859426
33,rest,20,40,0.5390977740266703,0.6201052150804959,0.4094482647109899,0.35129107566883255,0.4799855823717471
33,rest,21,42,0.5235240948513206,0.4585282811937074,0.2769360988517234,0.3137020215712335,0.39317262411699616
33,rest,22,44,0.4336318129916137,0.2233297774737682,0.7185184002223248,0.3965767048120876,0.44301417387494857
33,rest,23,46,0.20885173753428274,0.22759486674671603,0.7952906859710818,0.3009459308710983,0.38317080528079467
33,rest,24,48,0.46428625786044175,0.36454311930663513,0.7024046208434003,0.7267119017016975,0.5644864749280437
33,rest,25,50,0.49402117832103226,0.2634061181819227,0.3535711141044936,0.7189621833651203,0.4574901484931422
33,rest,26,52,0.572219791743559,0.2661331483183633,0.5673614569485758,0.6704897395060432,0.5190510341291352
33,rest,27,54,0.45639925850404695,0.285181222415165,0.42013516004136936,0.6122042134279102,0.4434799635971229
33,rest,28,56,0.45131634104782303,0.4983853714982025,0.6339596359940363,0.528193060668776,0.5279636023022095
33,rest,29,58,0.695961841956234,0.4511558502464119,0.6936123838692443,0.48756767790412625,0.5820744384940042
33,rest,30,60,0.6174271924019585,0.23989379095352825,0.5523218775059263,0.4121512231230316,0.45544852099611116
33,rest,31,62,0.4880624324150996,0.34582639282900646,0.5041259919170029,0.5587488949465893,0.4741909280269246
33,rest,32,64,0.6720678954851446,0.2967032555771102,0.35039333030120046,0.4307629813982955,0.4374818656904377
33,rest,33,66,0.6252419110757721,0.6623735045387448,0.569581657240314,0.6065228915616035,0.6159299911041086
33,rest,34,68,0.453413566992289,0.6371178519194522,0.4660213077660939,0.5968503558201534,0.5383507706244972
33,rest,35,70,0.557564611465922,0.09785672152943638,0.5201861559666099,0.6536008141177699,0.45730207576993454
33,rest,36,72,0.560808630957154,0.20087965468425964,0.4314073476289189,0.6006302256857567,0.44843146473902235
33,rest,37,74,0.1879388810493733,0.5566209055060309,0.7704541010768499,0.8782205415907982,0.5983086073057631
33,rest,38,76,0.35164775384696195,0.5460253939203187,0.4176792122328091,0.7866198698419606,0.5254930574605126
33,rest,39,78,0.22356103008521352,0.8378145156289121,0.5659898194606324,0.33146109006431385,0.489706613809768
33,rest,40,80,0.5029683930681005,0.724937734596291,0.32123190416542907,0.6015266415117619,0.5376661683353956
33,rest,41,82,0.6338031412839241,0.7126429545746565,0.4733852169940786,0.5683383746481075,0.5970424218751917
33,rest,42,84,0.6524164837779013,0.269498402742139,0.22352652851301003,0.7329170425474066,0.46958961439511426
33,rest,43,86,0.718124205012883,0.38342860972049886,0.4113291664616248,0.43323475380362564,0.4865291837496581
33,rest,44,88,0.6314274342166174,0.22839334886444082,0.4271294284361682,0.24834378364386644,0.3838234987902732
33,rest,45,90,0.45798768877776674,0.25990712770698654,0.4847959495364621,0.3937590047555073,0.39911244269418067
33,rest,46,92,0.04679702841717849,0.5412788672551317,0.8432238934490383,0.7538500059955422,0.5462874487792226
33,rest,47,94,0.10907242685972164,0.4344467431564326,0.7906815046365151,0.6730959877542863,0.5018241656017389
33,rest,48,96,0.05843164258276213,0.4857355550986008,0.7742840064507109,0.9704796851224149,0.5722327223136222
33,rest,49,98,0.2253853007718951,0.2332304431440137,0.2327174425749276,0.6611319408909941,0.3381162818454576
33,rest,50,100,0.4276532963070568,0.6118706234040441,0.6378340745300616,0.2932540869372947,0.49265302029461433
33,rest,51,102,0.09397797965295511,0.8653867791788111,0.7499994277703558,0.3715150171699023,0.5202198009430061
33,rest,52,104,0.2881283768936975,0.6626424390132484,0.8146020125195567,0.768903445851586,0.6335690685695221
33,rest,53,106,0.18986286584912512,0.6487824638123372,0.6611823952585214,0.7972955773543955,0.5742808255685948
33,rest,54,108,0.5166382380727967,0.9010439173065267,0.7425170875091779,0.6752723213188584,0.7088678910518399
33,rest,55,110,0.7486431422174611,0.642190653187964,0.18693180670835646,0.24111449003424432,0.4547200230370065
33,rest,56,112,0.7912712368075366,0.46037441444241806,0.49587400808299686,0.3056204510920246,0.5132850276062441
33,rest,57,114,0.855775315281378,0.39205392998242666,0.4297685752588797,0.531124889090285,0.5521806774032424
33,rest,58,116,0.6534855376953711,0.28872768333237825,0.35807004213761845,0.47480129578947833,0.4437711397387115
33,rest,59,118,0.5003068084018347,0.30771453004496024,0.16786775913820257,0.6100580334757354,0.39648678276518323
33,rest,60,120,0.5750768747785644,0.4734318187086625,0.45778095703698546,0.639264165970309,0.5363884541236303
33,rest,61,122,0.5512612843111054,0.45412626292565644,0.545147694295545,0.49414192865587464,0.5111692925470455
33,rest,62,124,0.3144568233153483,0.6306958944546136,0.31790129281705093,0.5058580713441253,0.44222802048278453
33,rest,63,126,0.7300967137024135,0.8615136895883194,0.19087207548553534,0.26031612572225155,0.51069965112463
33,rest,64,128,0.8669269038861246,0.3085883009516119,0.21611643781307063,0.3020522513663241,0.42342097350428276
33,rest,65,130,0.7156741575339645,0.30658645860164113,0.32356489360194335,0.2519867715623097,0.39945307032496463
33,rest,66,132,0.6227415218753867,0.8235630193605455,0.6305284781481943,0.36676367612202904,0.6108991738765389
33,rest,67,134,0.8085126182581973,0.8268526444777836,0.5699282711346343,0.33611871798122217,0.6353530629629593
33,rest,68,136,0.6615629933717465,0.6569256515931394,0.5528144028260199,0.5391927948850983,0.6026239606690009
33,rest,69,138,0.5251282311037,0.8295991753526101,0.7717871172065398,0.30408494957051946,0.6076498683083423
33,rest,70,140,0.9797893510380364,0.5016146285017978,0.6795511632393053,0.7200338210915206,0.720247240967665
33,rest,71,142,0.7849103284408738,0.6632183069169493,0.47656456214740867,0.4340744498427253,0.5896919118369892
33,rest,72,144,0.9162358958808318,0.5611961806314679,0.7093312105859318,0.6579547548587187,0.7111795104892376
33,rest,73,146,0.593315548536774,0.6604843722873216,0.5530737172924466,0.6700870044295728,0.6192401606365288
33,high,0,0,0.02675265944284259,0.8454728089235103,0.23256170225354084,0.739129058238006,0.46097905721447496
33,high,1,2,0.055496104569862884,0.8272300793624142,0.28192581748622936,0.6055676057871484,0.4425549018014137
33,high,2,4,0.031421272129831895,0.6050692187293006,0.45553073181277337,0.5174483683871284,0.4023673977647586
33,high,3,6,0.15512773839778737,0.872658042344951,0.30302083429401777,0.4578111196605783,0.4471544336743336
33,high,4,8,0.27130290194819057,0.5307055639360428,0.35776118997253425,0.5416650590873869,0.4253586787360387
33,high,5,10,0.25445922090999495,0.35918879646434543,0.5420253518509157,0.2356344156328199,0.347826946214519
33,high,6,12,0.23630425337887037,0.486366733627926,0.4693625737051371,0.44498438830290665,0.40925448725371005
33,high,7,14,0.9611195523589873,0.9438037435844067,0.6772610857195397,0.9961745956208333,0.8945897443209417
33,high,8,16,0.9657313472496515,0.7861799037210657,0.5642699391245257,0.9975273768433653,0.828427141734652
33,high,9,18,0.7344128467444404,0.605504697687995,0.3135485350446301,0.7264568778928726,0.5949807393424845
33,high,10,20,0.11338945689025118,0.752896756332962,0.9171866257190344,0.3377723593208398,0.5303112995657718
33,high,11,22,0.340654656487958,0.5783337740015915,0.7528170934148283,0.28157965024998927,0.4883462935385917
33,high,12,24,0.3881831052193367,0.44461869671538967,0.3903554710603666,0.32791046459860235,0.3877669343984238
33,high,13,26,0.38338065458578857,0.6705845906699296,0.4758280975274299,0.18372345344291457,0.42837919905651567
33,high,14,28,0.12703779006321617,0.5387343758167444,0.22154680343564193,0.3666332333065561,0.31348805065553964
33,high,15,30,0.11535710730000776,0.5918385002166795,0.17417981262006757,0.31796605291234953,0.2998353682622761
33,high,16,32,0.595381141586434,0.4317063738098873,0.22572999503375255,0.17571300821077773,0.35713262966021286
33,high,17,34,0.6607125784378253,0.4694395283297558,0.37073405856021774,0.12318011650797464,0.40601657045894335
33,high,18,36,0.9724242484004515,0.9941412491403916,0.8051123159946362,0.9974299753178045,0.942276947213321
33,high,19,38,0.9591540625475271,0.9776712441401378,0.4892798214763527,0.9971744947396433,0.8558199057259152
33,high,20,40,0.7783200033296611,0.7741242020102668,0.5515938306335472,0.9957316273291584,0.7749424158256584
33,high,21,42,0.11750265011489429,0.6541190416533292,0.4860402131692385,0.5640537158638732,0.4554289052003338
33,high,22,44,0.2907464045221703,0.8245299440001574,0.4030079259986769,0.8697274044988855,0.5970029197549725
33,high,23,46,0.7132907160204377,0.6686005755973553,0.3894890811938053,0.665259598022467,0.6091599927085163
33,high,24,48,0.3506175187612845,0.4981903666231288,0.15763049917525096,0.47091721571277306,0.3693389000681093
33,high,25,50,0.4431959772599798,0.45393611548636753,0.314084392207002,0.22305336532509024,0.3585674625696099
33,high,26,52,0.17734309188067726,0.38003704368638813,0.3909537707097052,0.3812873517505967,0.33240531450684185
33,high,27,54,0.14539991527076002,0.6135749776973665,0.28099682690375327,0.38793168943479833,0.35697585232666956
33,high,28,56,0.3124131274980717,0.5640675051568317,0.4492216268573432,0.5289042157418712,0.46365161881352945
33,high,29,58,0.294063385194653,0.5194606998834601,0.41321588704567525,0.2548509670183823,0.37039773478554266
33,high,30,60,0.41972137664489884,0.6250771076616009,0.24130006695502737,0.3400015929714021,0.4065250360582323
33,high,31,62,0.5217442383138143,0.6608782172170694,0.5938609238248603,0.7552277675248581,0.6329277867201505
33,high,32,64,0.43606513530330115,0.6829098385421992,0.7372098274176866,0.8116411421141938,0.6669564858443452
33,high,33,66,0.33410633635277764,0.752338021881014,0.8804072257866065,0.4924823413803007,0.6148334813501747
33,high,34,68,0.16520534816179983,0.42061617955415886,0.5432168978775961,0.3533779290803505,0.3706040886684763
33,high,35,70,0.114680467617514,0.3451854183745402,0.45822978673959175,0.5276603540572056,0.36143900669721285
33,high,36,72,0.29285462708242804,0.49490734720946195,0.2912674742489513,0.31315742716079725,0.3480467189254096
33,high,37,74,0.16936263634347667,0.5327515804997228,0.7470018225474802,0.6716195815917716,0.5301839052456128
33,high,38,76,0.1275830375837657,0.4081047654636556,0.5763581106252053,0.5041723146067864,0.40405455706985327
33,high,39,78,0.3197743492767652,0.3175360193499047,0.29043147034451594,0.835709160258705,0.4408627498074727
33,high,40,80,0.6378491406109701,0.6725232241000084,0.27805951771214354,0.9778706260133698,0.641575627109123
33,high,41,82,0.6380933611819023,0.6689470830584531,0.27902423713234437,0.5336020633922515,0.5299166861912378
33,high,42,84,0.20975898491849096,0.4430843716497205,0.27312791528468966,0.5374326345892398,0.36585097661053523
33,high,43,86,0.3692139088570617,0.5611616148738683,0.6589141127111391,0.5030551918126474,0.523086207063679
33,high,44,88,0.9144861352725748,0.912465398314798,0.714257028522645,0.9975273768433653,0.8846839847383458
33,high,45,90,0.9402901448489974,0.9667290407686463,0.7959993526233449,0.9975273768433653,0.9251364787710885
33,high,46,92,0.368391468071059,0.589725238600746,0.3213552394658086,0.6413958642171252,0.4802169525886847
33,high,47,94,0.10872653433608916,0.5768924349675966,0.7674800167647404,0.784576997541475,0.5594189959024753
33,high,48,96,0.022092369581954364,0.6228785756040842,0.7821569251585548,0.9591148359241968,0.5965606765671976
33,high,49,98,0.20101538115590717,0.7191413137515763,0.31298687249174856,0.9389396734730792,0.5430208102180778
33,high,50,100,0.9386339542408629,0.801495243733771,0.9014807067762617,0.9975273768433653,0.9097843203985653
33,high,51,102,0.3137936352816386,0.7834978424457506,0.7631839559407121,0.7193622132487034,0.6449594117292012
33,high,52,104,0.2296481525044261,0.857147499003594,0.7134787456078912,0.36389469619056136,0.5410422733266181
33,high,53,106,0.6705530785179946,0.5175408671019233,0.5717880661982679,0.32420607863001416,0.52102202261205
33,high,54,108,0.2317802491296524,0.5190276826716783,0.6718642205174854,0.36011304507944714,0.44569629934956584
33,high,55,110,0.14099578450534284,0.4426028690351591,0.24704919079612148,0.2942676144243936,0.28122886469025427
33,high,56,112,0.040125706747215606,0.7952478389209752,0.7709531426984694,0.47915936909868967,0.5213715143663374
33,high,57,114,0.018021553182206898,0.6617258410295378,0.7408262052551597,0.8061780083308937,0.5566879019494495
33,high,58,116,0.0549997593642842,0.7351877225609439,0.7043264487837548,0.8103947987263711,0.5762271823588385
33,high,59,118,0.36881688107116173,0.5830042999259973,0.2965584751842086,0.5867843959648719,0.4587910130365599
33,high,60,120,0.2941606013251139,0.8017783485694266,0.6793804579322553,0.45015043683954653,0.5563674611665856
33,high,61,122,0.6111231949901532,0.6416089419622295,0.5634175125314437,0.22728239247862156,0.510858010490612
33,high,62,124,0.6371638979088489,0.47457900311998447,0.2972054911021588,0.24792787440610736,0.4142190666342749
33,high,63,126,0.3446847934165062,0.5540931673241448,0.2715149225224372,0.3098718292313752,0.3700411781236158
33,high,64,128,0.8026476766268047,0.45941087522244783,0.4735164904741616,0.1506517762641716,0.4715567046468965
33,high,65,130,0.3948429587329615,0.3805010127455973,0.4644464559107563,0.27429929801869374,0.37852243135200225
33,high,66,132,0.4815798248656529,0.6362311844823701,0.27160922750880345,0.24440246619063777,0.40845567576186603
33,high,67,134,0.5341035464735412,0.7548408161218428,0.5434137816863279,0.4375037621380222,0.5674654766049336
33,high,68,136,0.30463921229508645,0.6371106493680786,0.6896024545096959,0.3670073712638852,0.49958992185918655
33,high,69,138,0.02931821607380548,0.7137948587521754,0.8321712599071788,0.8314709512662197,0.6016888214998448
33,high,70,140,0.05009062624540775,0.9352075952635276,0.19946606852857476,0.8952944132838804,0.5200146758303477
33,high,71,142,0.0315822336428978,0.7798847986287434,0.9962957062850688,0.3785926252153265,0.5465888409430091
33,high,72,144,0.006830835571369447,0.9773148956964549,0.9908020525571714,0.23724158275965848,0.5530473416461635
33,high,73,146,0.009262276366151123,0.9896166710925844,0.9966251403585424,0.29840238789454504,0.5734766189279558
34,rest,0,0,0.8182243396221026,0.38622945638144973,0.3911349522800889,0.7302239059091079,0.5814531635481873
34,rest,1,2,0.6332439269815245,0.49949130620699767,0.37316225481420956,0.792674688873445,0.5746430442190442
34,rest,2,4,0.2406926503864038,0.6301604221105487,0.4600597926476795,0.9953615115511134,0.5815685941739364
34,rest,3,6,0.5847197055155864,0.6049718781709765,0.22995041874648664,0.943916153281351,0.5908895389286002
34,rest,4,8,0.5614735106607087,0.6375132965439371,0.5250312853893884,0.6145355944079302,0.5846384217504911
34,rest,5,10,0.4679976133507471,0.2716175672456897,0.8025480894318047,0.6201385306151405,0.5405754501608455
34,rest,6,12,0.3129733869787982,0.3101658016513932,0.3403459262970403,0.7555434833679807,0.42975714957380307
34,rest,7,14,0.5126759427049087,0.818773256877487,0.7207653470143947,0.6616093519829902,0.6784559746449451
34,rest,8,16,0.6596845553612947,0.8377373618336007,0.34898208355785604,0.5431430840816315,0.5973867712085957
34,rest,9,18,0.47950322176175747,0.790543720492084,0.5147769595082636,0.6613937016302819,0.6115544008480968
34,rest,10,20,0.37603122723918786,0.28323254225872757,0.5812692267197745,0.7389955611373045,0.49488213933874864
34,rest,11,22,0.16481027763107758,0.35146024620030014,0.8462880531666119,0.6112004733930282,0.49343976259775446
34,rest,12,24,0.48525983667360667,0.2825890100671862,0.6697564810636877,0.5049783858896785,0.4856459284235397
34,rest,13,26,0.4389087605606599,0.21684492290470797,0.7883038567200336,0.3291351741765291,0.44329817859048265
34,rest,14,28,0.3163313997565572,0.3520091916425535,0.2797565814581215,0.6087537938716401,0.3892127416822181
34,rest,15,30,0.4561920822398983,0.4765012021946764,0.29250065794093266,0.5670637144513716,0.4480644142067197
34,rest,16,32,0.5424103541690629,0.45477146023921017,0.3378525079305146,0.6807709304168834,0.5039513131889177
34,rest,17,34,0.4267941548530563,0.4345056517985371,0.6020576945321334,0.752035969714117,0.553848367724461
34,rest,18,36,0.10695889682969927,0.37684780992979283,0.3227180188190052,0.6741695396855604,0.3701735663160144
34,rest,19,38,0.10274637568597275,0.4805357282507698,0.7599695742257282,0.7527060854952436,0.5239894409144286
34,rest,20,40,0.5529443711416188,0.5147162124802698,0.3009375978150347,0.4212953887228433,0.4474733925399416
34,rest,21,42,0.8116589590366134,0.3211977925547447,0.2418717582472983,0.38144529064526733,0.4390434501209809
34,rest,22,44,0.2568693579742308,0.2219724828272574,0.2514206209861473,0.5953538087566494,0.3314040676360712
34,rest,23,46,0.2533406496942646,0.4094804416001047,0.28682446425056224,0.45569800961089296,0.3513358912889561
34,rest,24,48,0.3533380257933041,0.2689463159074729,0.5641752098450655,0.43800308306481617,0.40611565865266464
34,rest,25,50,0.67074605968155,0.2780082431653114,0.15787079074681365,0.547996479523174,0.4136553932792123
34,rest,26,52,0.6423213708543589,0.3671133933635585,0.3024526642168271,0.807199055124963,0.5297716208899269
34,rest,27,54,0.6653198739584523,0.24782027385324434,0.18086138412888936,0.4388285360283343,0.3832075169922301
34,rest,28,56,0.7594907044213086,0.5375238961280678,0.6290231285775745,0.27273391359677585,0.5496929106809316
34,rest,29,58,0.38333911968692524,0.7980490127929715,0.7294842415169155,0.2480681272012274,0.5397351252995098
34,rest,30,60,0.551934945068543,0.51176580867759,0.5548774977552854,0.2613848313520541,0.4699907707133681
34,rest,31,62,0.5350087664046044,0.272569971753087,0.7107618329237093,0.4473042259874827,0.4914111992672208
34,rest,32,64,0.20922625050789673,0.2729986925578539,0.297596818686756,0.5555715124848701,0.3338483185593442
34,rest,33,66,0.10128677127904186,0.24491228855380984,0.7738409353344442,0.5104972624014141,0.4076343143921775
34,rest,34,68,0.13401536238017317,0.43151154888106,0.8909654782488613,0.3597062098986285,0.45404964985218077
34,rest,35,70,0.641921929318023,0.7625850040164447,0.7423942328139461,0.8472463520280351,0.7485368795441123
34,rest,36,72,0.48027701574190923,0.4950277711313028,0.6518925693651167,0.9335434710167569,0.6401852068137714
34,rest,37,74,0.5160053223796889,0.6594064084019183,0.6547934619519978,0.5348532951261024,0.5912646219649268
34,rest,38,76,0.6494129889466919,0.8020136272867344,0.5809917649430495,0.4864718363382943,0.6297225543786924
34,rest,39,78,0.6913007465740509,0.5485416549236757,0.6229832591071063,0.357193160386844,0.5550047052479192
34,rest,40,80,0.7988849981117906,0.6873819633522896,0.47625628297391975,0.2791919650646095,0.5604288023756524
34,rest,41,82,0.49799618998962897,0.797717205889176,0.6628682889599643,0.749088805721735,0.6769176226401261
34,rest,42,84,0.5683109441648103,0.5885726102550632,0.24219714049843302,0.7144948499999187,0.5283938862295564
34,rest,43,86,0.8345783524519615,0.33974138607211285,0.4148198324328094,0.34726388189943536,0.4841008632140798
34,rest,44,88,0.722376405783425,0.588439921698419,0.4133062511810597,0.19410428122551313,0.47955671497210417
34,rest,45,90,0.775024200144644,0.6780827400403697,0.5138466332250352,0.2420155491114066,0.5522422806303638
34,rest,46,92,0.5514385165750056,0.462185127703399,0.5323482990286359,0.6741302771159674,0.5550255551057519
34,rest,47,94,0.7109161200248918,0.578595787145331,0.363571948090708,0.6483484246581159,0.5753580699797617
34,rest,48,96,0.504527992130125,0.4543614331223844,0.29751253934729355,0.29031223586008886,0.386678550114973
34,rest,49,98,0.24977737913760054,0.8311505297643313,0.3523037802624712,0.23846496972539205,0.41792416472244875
34,rest,50,100,0.24263169262095957,0.9210630647263434,0.2957194372453239,0.36197493252301954,0.45534728177891154
34,rest,51,102,0.6662204211074512,0.6564478280018469,0.19281788049879675,0.33088553567720397,0.4615929163213247
34,rest,52,104,0.8415787903040018,0.8319798225930766,0.6043172213030432,0.4493240526197074,0.6817999717049572
34,rest,53,106,0.0024726231566347743,0.9933617927129526,0.962143732098636,0.2403059408071101,0.5495710221938334
34,rest,54,108,0.7098822924667034,0.6728988451190415,0.5111941270850513,0.3365945544719209,0.5576424547856793
34,rest,55,110,0.7842063228137707,0.5005086937930024,0.6591269566743437,0.4950216141103214,0.6097158968478595
34,rest,56,112,0.3760576593067874,0.795630702132084,0.7191779265573663,0.418926840031717,0.5774482820069886
34,rest,57,114,0.4129856169097007,0.5649794368770876,0.20096263859072158,0.4634901955894164,0.41060447199173156
34,rest,58,116,0.30766394780748835,0.6261834003389284,0.16427669991776128,0.44905245253272064,0.3867941251492246
34,rest,59,118,0.43664518399151214,0.36835787083522925,0.5993243108512673,0.8226641093114899,0.5567478687473746
34,rest,60,120,0.44118980138614927,0.7199656460884623,0.4338036616985967,0.4861351535683945,0.5202735656854007
34,rest,61,122,0.18690077257925405,0.7923734445475372,0.5096546944876116,0.1387856796710975,0.4069286478213751
34,rest,62,124,0.5478420401970403,0.47725152591041053,0.4313400019882857,0.700110873084112,0.5391361102949621
34,rest,63,126,0.09673645129208301,0.9224574433495404,0.2559427819825443,0.2519177948669909,0.3817636178727896
34,rest,64,128,0.041637953244938325,0.9531703066528325,0.49034530551238853,0.46621722016586203,0.4878426963940054
34,rest,65,130,0.502003810010371,0.7906174572462427,0.7556461858713968,0.32925800767694724,0.5943813652012395
34,rest,66,132,0.7704836404886432,0.4041328036013957,0.5218090856465987,0.43810265691665534,0.5336320466633232
34,rest,67,134,0.45680540757222915,0.33524997494613523,0.7555855563552804,0.8849685090409121,0.6081523619786392
34,rest,68,136,0.2900122802680715,0.5280342591760671,0.43372450431806636,0.7443949898052943,0.4990415083918748
34,rest,69,138,0.5696832294408231,0.5485904840324474,0.2795172414228608,0.6793211024561129,0.5192780143380611
34,rest,70,140,0.5981349391828499,0.48790804126214543,0.5591235722334662,0.4184454763880605,0.5159030072666305
34,rest,71,142,0.5185445924356746,0.24843519615288243,0.6167982791477923,0.25577529086964235,0.40988833965149796
34,rest,72,144,0.211779195206653,0.13354081290685738,0.1665446430089339,0.5376959138023049,0.2623901412311873
34,rest,73,146,0.20386099352367987,0.20396207654073642,0.397522402525331,0.4528733389644312,0.31455470288854465
34,high,0,0,0.41633279707962195,0.8228911023758605,0.5834799020200416,0.5527566871922517,0.593865122166944
34,high,1,2,0.18020165675168967,0.929418437029121,0.6265868109597561,0.29406543468842294,0.5075680848572475
34,high,2,4,0.2125852319151243,0.9447273533319568,0.4150168653201124,0.22919756310728898,0.45038175341862063
34,high,3,6,0.4561523778183609,0.8134664932694546,0.3580297153990603,0.18423600478551358,0.4529711478180974
34,high,4,8,0.28553594103822366,0.7164819960251976,0.7386502414012684,0.2997078878063026,0.510094016567748
34,high,5,10,0.2690066340909641,0.6110176157903263,0.5045117114948141,0.26562537807366354,0.412540334862442
34,high,6,12,0.5840403042740635,0.6959260363089983,0.32809180937588284,0.20144158967448061,0.4523749349083563
34,high,7,14,0.1975957866312142,0.9710112096837097,0.7009727654682385,0.2552967000511445,0.5312191154585767
34,high,8,16,0.21476764714598462,0.9667015963209902,0.767132509573364,0.27389027472563465,0.5556230069414934
34,high,9,18,0.14005768388988515,0.7147841141975193,0.5374319763914642,0.7281011946408901,0.5300937422799397
34,high,10,20,0.47860145147546934,0.4866689186907384,0.6470841741320169,0.44346348110465456,0.5139545063507198
34,high,11,22,0.7560128423988338,0.8381395280052313,0.41035739295662466,0.21350395524169388,0.554503429650596
34,high,12,24,0.5647799728447459,0.8971739104916082,0.17288058390726316,0.3779871173097718,0.5032053961383472
34,high,13,26,0.05057597712214744,0.8979742467281515,0.5218646035997972,0.43977147015207774,0.4775465744005435
34,high,14,28,0.2702585482842342,0.6839901945817476,0.3182847557736047,0.29563561274454553,0.39204227784603307
34,high,15,30,0.4360170962927039,0.48137161015464963,0.2308700173908961,0.30601411134442785,0.3635682087956694
34,high,16,32,0.23309321834263858,0.518335315867149,0.26605168035464216,0.2170012713065627,0.3086203714677481
34,high,17,34,0.33718418388714433,0.9159551759169585,0.5740041463380026,0.37589357706806187,0.5507592708025418
34,high,18,36,0.7051319597386675,0.8789955849983455,0.291283849322891,0.37164178725743097,0.5617632953293338
34,high,19,38,0.37900278876202337,0.8325236352058647,0.2696539263079665,0.22975630397252972,0.42773416356209604
34,high,20,40,0.3477691417503805,0.8886696315040757,0.4340547604015862,0.4176249550375044,0.5220296221733867
34,high,21,42,0.4098609905011148,0.6855012632089953,0.6716493048346133,0.24408529709724308,0.5027742139104916
34,high,22,44,0.6392703892695702,0.7865409987179341,0.46102138158297173,0.1442281634935293,0.5077652332660013
34,high,23,46,0.5339322527306657,0.8208526399582488,0.9121774066222736,0.18139167386116659,0.6120884932930886
34,high,24,48,0.08318480250339422,0.6726728547492771,0.5938636401630627,0.47525002413207434,0.45624283038695207
34,high,25,50,0.14171262004112978,0.07047889464070643,0.7208267897436975,0.6744497912159662,0.401867023910375
34,high,26,52,0.06911302839338113,0.1251297337005028,0.3882886590334345,0.9642002487869554,0.3866829174785685
34,high,27,54,0.23264059395384631,0.9550477218309318,0.7512060157772678,0.3837043107772332,0.5806496605848198
34,high,28,56,0.2884358380953774,0.9608675544351752,0.6087802495636279,0.3692561022950597,0.55683493609731
34,high,29,58,0.5195550149660916,0.7180161988347145,0.4472959236048911,0.41574089074610776,0.5251520070379512
34,high,30,60,0.2555576494781193,0.7396572567359055,0.5443830308014844,0.32464453994275955,0.4660606192395672
34,high,31,62,0.14654415218133068,0.47739514839577474,0.4147250778149646,0.45098182845631934,0.37241155171209733
34,high,32,64,0.33525278761075444,0.09150924171993834,0.8259438206128014,0.7239413852441479,0.4941618087969105
34,high,33,66,0.2179583172798578,0.06079668068403977,0.6696152239645417,0.7660253229225349,0.42859888621274356
34,high,34,68,0.4644314302601175,0.19314896502692588,0.5080696853533728,0.42592189459659,0.3978929938092516
34,high,35,70,0.40330954658093704,0.3048885965873907,0.14417288635142866,0.1933159740813079,0.2614217509002661
34,high,36,72,0.2911980998528462,0.5535823672260374,0.3255911766667712,0.46279159137336356,0.4082908087797546
34,high,37,74,0.09411981411446695,0.8052645840466566,0.7406621112791265,0.742116663445932,0.5955407932215455
34,high,38,76,0.015274881175769146,0.8038187410013867,0.48048714670826553,0.2860415029545926,0.3964055679600035
34,high,39,78,0.02123891566132846,0.8542114378557749,0.8277472871352921,0.15067777021387055,0.4634688527165665
34,high,40,80,0.7696198095310999,0.4525616308672352,0.17668287481737713,0.21510806983738057,0.40349309626327323
34,high,41,82,0.0730125791924374,0.8423856766703519,0.19438310334288394,0.45713409104555974,0.39172886256280826
34,high,42,84,0.14658406759058237,0.809478824008588,0.30175041443850176,0.3633037992433927,0.4052792763202662
34,high,43,86,0.12462973065274752,0.6785439356654442,0.7633298197110606,0.47131012717094695,0.5094534033000498
34,high,44,88,0.1468289226405842,0.6569844662970414,0.3987678812883312,0.2998922606709528,0.37561838272422743
34,high,45,90,0.47713231224853975,0.5593781745927814,0.6385361450673475,0.18082164583556404,0.46396706943605814
34,high,46,92,0.5717916338597153,0.6825290357639127,0.5488541659867975,0.22034888251378223,0.5058809295310519
34,high,47,94,0.1799901793139198,0.886409301498829,0.6945050893075606,0.38122603071383343,0.5355326502085357
34,high,48,96,0.285511210851001,0.9722081090607703,0.4560934057266214,0.25708542927675865,0.49272453872878785
34,high,49,98,0.38986318826452177,0.9823466921730079,0.5918999341808261,0.41987657406100093,0.5959965971698391
34,high,50,100,0.7653660279882718,0.7652036093803795,0.5380143421274696,0.5006827475403572,0.6423166817591195
34,high,51,102,0.41596638402645203,0.8535979059444183,0.41372812673476006,0.1475819714888622,0.45771859704862317
34,high,52,104,0.39371844552282076,0.6935411784759637,0.2804529213497237,0.17840032327700667,0.38652821715637875
34,high,53,106,0.42914592383144246,0.44537682756207536,0.45018016561934504,0.2873688663153888,0.4030179458320629
34,high,54,108,0.33229129488935694,0.5425899182960058,0.4723289161572444,0.23852538164110348,0.39643387774592764
34,high,55,110,0.3928933836826339,0.5987960903874643,0.17680964952188066,0.2104867021759396,0.3447464564419796
34,high,56,112,0.4542878193272661,0.6456640780782652,0.41304795247826315,0.1450462287030476,0.4145115196467105
34,high,57,114,0.6755770351591144,0.6792269915158006,0.6809598059171648,0.18566914193463321,0.5553582436316782
34,high,58,116,0.5096117687968714,0.8525089621486072,0.38361337429724185,0.1697164714839936,0.4788626441816785
34,high,59,118,0.40073304450446867,0.798143858304967,0.8146471236270304,0.3424099744836492,0.5889835002300289
34,high,60,120,0.30186111953492323,0.8251685526157758,0.3977969079415055,0.4810961209791293,0.5014806752678335
34,high,61,122,0.3464283094067484,0.801056636130491,0.2439466972086745,0.3772250882924314,0.44216418275958635
34,high,62,124,0.37883108825675305,0.621696155065671,0.2522149557068803,0.25588852667549855,0.37715768142620065
34,high,63,126,0.11929581724315792,0.6915901897098621,0.894637718821431,0.3551738280155373,0.5151743884474971
34,high,64,128,0.04554682864016983,0.681614720884403,0.792022698892031,0.45063954931884465,0.4924559494338621
34,high,65,130,0.3231021244598191,0.6059296633305884,0.5725786663548091,0.2199888454885886,0.4303998249084513
34,high,66,132,0.3002200656940913,0.8227394893591446,0.36855962212243115,0.35547643796800776,0.46174890378591876
34,high,67,134,0.41919846395687366,0.7990987200596011,0.24070251133205142,0.27478039171422913,0.4334450217656888
34,high,68,136,0.46758947744651336,0.6133266514843935,0.2235291827827386,0.2568170862640379,0.39031559949442085
34,high,69,138,0.4373406987722341,0.6509425241953422,0.7684560296498893,0.26498422694774393,0.5304308698913024
34,high,70,140,0.5334318559344322,0.7425481645114594,0.79054833209416,0.19374341611032841,0.565067942162595
34,high,71,142,0.5751665026184145,0.7294576175066694,0.7996432171122093,0.18009517427213217,0.5710906278773564
34,high,72,144,0.25335667696044184,0.7615040452927102,0.22096479097733138,0.2647868689665926,0.375153095549269
34,high,73,146,0.1158118274663328,0.4080316147011086,0.48338268293513537,0.46598834853964993,0.36830361841055664
35,rest,0,0,0.37213932635859964,0.817348592558594,0.5313540064846273,0.9642663049782394,0.6712770575950151
35,rest,1,2,0.5545766007121185,0.3690054131919111,0.8017961045225651,0.6467498973144583,0.5930320039352632
35,rest,2,4,0.6298052269335275,0.2881734864206111,0.413526435687522,0.42838356768295505,0.43997217918115394
35,rest,3,6,0.9534405043369566,0.4185073643625281,0.3459456992662561,0.7391317438309534,0.6142563279491736
35,rest,4,8,0.3965468371290279,0.28174868670872744,0.8144147482117357,0.8478154277430057,0.5851314249481241
35,rest,5,10,0.3653239319958729,0.5198806887554424,0.22176569559029033,0.4334495910221655,0.3851049768409428
35,rest,6,12,0.5067630466454657,0.2285906682901678,0.22467452842144517,0.6271029480634794,0.39678279785513954
35,rest,7,14,0.5764679204542315,0.2138236279898852,0.49952904898575407,0.6820071258130416,0.49295693081072806
35,rest,8,16,0.41830230558340936,0.3020421412069154,0.5660082544236948,0.3757562356222616,0.41552723420907034
35,rest,9,18,0.8615256561845371,0.6576146751080484,0.33121558725913286,0.26632882603231794,0.5291711861460091
35,rest,10,20,0.5803759003407746,0.438609427116924,0.36162486768225577,0.4018000636744848,0.44560256470360976
35,rest,11,22,0.554697256684985,0.4880580615870884,0.5004709510142459,0.5932536899062133,0.5341199897981331
35,rest,12,24,0.6563385880201327,0.47476563976184194,0.44479522365043817,0.563727277377548,0.5349066822024903
35,rest,13,26,0.11988956607684789,0.2762826457348506,0.6872628828265738,0.6474148014760024,0.43271247402856866
35,rest,14,28,0.49323695335453427,0.8340006947145009,0.49849274866437093,0.3663480026952083,0.5480195998571535
35,rest,15,30,0.28072600775504253,0.7920312732082773,0.26982800954001035,0.4047469375549997,0.43683305701458247
35,rest,16,32,0.43527337057996185,0.46270795682904237,0.6670576957103103,0.5938475466201876,0.5397216424348755
35,rest,17,34,0.5644812499430948,0.4616951593165639,0.23645212258263246,0.48635198279972885,0.43724512866050497
35,rest,18,36,0.7726840019727429,0.17710264706736142,0.6038753591683493,0.49872781865275045,0.513097456715301
35,rest,19,38,0.17956462712573748,0.2969747581650985,0.7218848924565792,0.9904045162323317,0.5472071984949367
35,rest,20,40,0.3556781976463888,0.5546642655521646,0.870094005779621,0.9125506556995425,0.6732467811694293
35,rest,21,42,0.15408146333299966,0.0902793214611491,0.5175038645853832,0.9627719316451461,0.4311591452561695
35,rest,22,44,0.06371969737592595,0.13901126071663406,0.6825722024426061,0.5077381604043854,0.3482603302348879
35,rest,23,46,0.23961628049290418,0.22833817129476558,0.20194410420505257,0.4137151985894943,0.27090343864555416
35,rest,24,48,0.5240098176178198,0.3477836006427257,0.48606566493624287,0.20926921264494877,0.3917820739604343
35,rest,25,50,0.7457825504291169,0.6069995459606268,0.7602391175647571,0.6292800665310793,0.6855753201213951
35,rest,26,52,0.5447858044544183,0.5119419384129115,0.6598984811640969,0.845951080348573,0.6406443260949999
35,rest,27,54,0.14451731532294945,0.37225471878597255,0.5931646587686129,0.6284198635090688,0.4345891390966509
35,rest,28,56,0.42786219442216344,0.3516493117109481,0.7604314597870259,0.5871277408696629,0.5317676766974501
35,rest,29,58,0.4842438021296382,0.5205795932808129,0.6396429118768702,0.26244054473728695,0.4767267130061521
35,rest,30,60,0.6977866625751034,0.6000386228169777,0.8056347391825996,0.17567195905376343,0.569782995907111
35,rest,31,62,0.8367003389509036,0.795333229258488,0.8095756064791307,0.27941852805023903,0.6802569256846904
35,rest,32,64,0.6433487377548843,0.8928123480578034,0.3951238356021203,0.31555934953876175,0.5617110677383924
35,rest,33,66,0.635716508918951,0.6404709661400372,0.13553032409676502,0.35204653649911755,0.4409410839137178
35,rest,34,68,0.6625551298055339,0.8455139288486775,0.33359328752605266,0.29912003663103415,0.5351955957028245
35,rest,35,70,0.25112591491207875,0.8585396163834058,0.664790131113513,0.3514880711528987,0.531485933390474
35,rest,36,72,0.7928081629621473,0.764496517379493,0.7197873300798864,0.5844102040025265,0.7153755536060132
35,rest,37,74,0.9373915975341482,0.6624331119265481,0.8248666739855468,0.7197919413526601,0.7861208311997258
35,rest,38,76,0.4497847959931183,0.6104321332255981,0.91872689691696,0.6457651555042255,0.6561772454099755
35,rest,39,78,0.5649800211122735,0.41743215254499866,0.7162601625429125,0.16136604417957853,0.46500959509494083
35,rest,40,80,0.5291627325271898,0.4298358205769011,0.22471547366115008,0.43495653074326074,0.40466763937712547
35,rest,41,82,0.5493176943885014,0.662582849760895,0.5588220474875645,0.6297866774688652,0.6001273172764565
35,rest,42,84,0.5549915421557765,0.5737145693570116,0.5106837074096237,0.5012721813472495,0.5351655000674153
35,rest,43,86,0.28609256300434327,0.5235423118183458,0.2481261517303885,0.3338928553000197,0.3479134704632743
35,rest,44,88,0.7903619982806113,0.45019338102721423,0.3454682625356889,0.3361543475168776,0.48054449734009796
35,rest,45,90,0.5843294414197828,0.5302713467823316,0.3510406531258308,0.17929103216501396,0.41123311837323984
35,rest,46,92,0.6328007135238942,0.8160209611727359,0.2641136699360013,0.8641588552599029,0.6442735499731336
35,rest,47,94,0.6858575934595629,0.5606887968069926,0.5839176393947457,0.6669884462643388,0.62436311898141
35,rest,48,96,0.16751101158631457,0.13742658975155533,0.27084662733920156,0.8657752053429936,0.36038985850501626
35,rest,49,98,0.05449974704061157,0.22297996775113846,0.4031406299327059,0.8379020348887442,0.3796305949033
35,rest,50,100,0.12423723119484396,0.17718571577966644,0.4669899860897642,0.8359812497590713,0.4010985457058365
35,rest,51,102,0.340954045049669,0.4342914965592701,0.39576331066841136,0.7421610272756486,0.4782924698882497
35,rest,52,104,0.35781871764566764,0.6567945081276773,0.41347486868042366,0.9177531985231345,0.5864603232442258
35,rest,53,106,0.6474250492620157,0.5917154955119815,0.18657360167316542,0.27137300453696045,0.4242717877460308
35,rest,54,108,0.020273567373094346,0.09427265505006024,0.29255291113492327,0.46945642701082896,0.2191388901422267
35,rest,55,110,0.03668075783667801,0.20633511769058402,0.5347937904640565,0.4167759028455567,0.2986463922092188
35,rest,56,112,0.6624608367988597,0.1751316834082766,0.3953298563664506,0.2633060540461339,0.37405710765493017
35,rest,57,114,0.3650319995362966,0.44233498263835297,0.5267515550261781,0.5357574435361492,0.46746899518424423
35,rest,58,116,0.03151215904148356,0.29711362012326753,0.7723128888568059,0.9907491617142379,0.5229219574339488
35,rest,59,118,0.3529612034240228,0.45436591719475394,0.45989925551594846,0.44738941937399046,0.4286539488771789
35,rest,60,120,0.20082821848749635,0.5592761875590619,0.8076036299447619,0.7238962999912089,0.5729010839956323
35,rest,61,122,0.054402478629098326,0.2332458368756126,0.21596114917120215,0.9049110557906767,0.3521301301166474
35,rest,62,124,0.05484865348909807,0.10427839839239901,0.8022475250789229,0.9964355385376746,0.4894525288745237
35,rest,63,126,0.07259752299790045,0.6960696627454775,0.46627189992326806,0.44368384179699677,0.4196557318659107
35,rest,64,128,0.810794537137117,0.6802673839383454,0.4085757158719364,0.19365853043686554,0.5233240418460661
35,rest,65,130,0.19269249407444702,0.413869935575287,0.46904367411520664,0.35409265993530936,0.3574246909250625
35,rest,66,132,0.44860279049770896,0.5588157771771224,0.8124392661681445,0.5622766869606792,0.5955336302009138
35,rest,67,134,0.8748842649466301,0.6489819252853758,0.5922023118568153,0.46629812353899014,0.6455916564069528
35,rest,68,136,0.876254685242027,0.9488684516738961,0.4201444624038094,0.19096634190393147,0.609058485305916
35,rest,69,138,0.5810438614310363,0.951756973369079,0.38149480789761003,0.42641317019595987,0.5851772032234213
35,rest,70,140,0.6759416169290614,0.6715228984676912,0.8724537652613732,0.3388322887517672,0.6396876423524733
35,rest,71,142,0.8285976698586835,0.6967890851292469,0.7888425528433083,0.19317969180851388,0.6268522499099382
35,rest,72,144,0.41756143407870117,0.8152658741943961,0.6602182428066372,0.34343910311331616,0.5591211635482627
35,rest,73,146,0.17908281590203584,0.6299501988523161,0.37360295747441624,0.9179177635099123,0.5251384339346701
35,high,0,0,0.9346479253010639,0.38124700045684345,0.7402730580364713,0.20602083792200482,0.5655472054290959
35,high,1,2,0.466773197930863,0.3176813905484783,0.44020500183335326,0.33276640310982397,0.3893564983556297
35,high,2,4,0.8921577390463665,0.4721896935410046,0.5740067249960733,0.17086091611405574,0.5273037684243751
35,high,3,6,0.5610802991927034,0.29267672940972783,0.39525211200723975,0.12495781016526544,0.34349173769373414
35,high,4,8,0.1296300804972493,0.34538655817526215,0.538048314498011,0.44039095298028696,0.36336397653770236
35,high,5,10,0.4985693540565984,0.9576396237302647,0.24864680039543435,0.8656584790464655,0.6426285643071907
35,high,6,12,0.008501819187904,0.8528318087487244,0.3042773733650692,0.20941882000305842,0.343757455326189
35,high,7,14,0.007160257633119053,0.983815972523845,0.9806543187574407,0.12555456325200698,0.524296278041603
35,high,8,16,0.04597171031134682,0.915110365295074,0.8972631006086546,0.0909014619908474,0.4873116595514807
35,high,9,18,0.05883809535862365,0.8342370368314149,0.6465057948518114,0.09665654729574466,0.4090593685843986
35,high,10,20,0.005007741124294334,0.8279420576898248,0.8370133571178342,0.09674545246502743,0.4416771520992452
35,high,11,22,0.005759275766631242,0.5787149676312235,0.8248352626561979,0.24139525415920787,0.4126761900533152
35,high,12,24,0.21684631772638455,0.8177694127653856,0.8550619072257868,0.09240659722587216,0.4955210587358573
35,high,13,26,0.7596115087169835,0.9799679663500613,0.742201194606035,0.16371865948582348,0.6613748322897258
35,high,14,28,0.0024726231566347743,0.9780389427292239,0.7997751725755263,0.6869180911801511,0.616801207410384
35,high,15,30,0.00601497236368883,0.9959543668514733,0.8414107370386512,0.10157796455251876,0.486239510201583
35,high,16,32,0.06315652151337517,0.23504592813578823,0.6104090187401472,0.21265697709699807,0.28031711137157717
35,high,17,34,0.6517396435419897,0.22520106563309172,0.30761480450202644,0.3023464264470579,0.3717254850310414
35,high,18,36,0.5385522882528263,0.10623580509264056,0.49945638291660477,0.6803779450685375,0.4561556053326523
35,high,19,38,0.6010710729740945,0.16461950120935562,0.47295006138835904,0.49610003944469006,0.4336851687541248
35,high,20,40,0.5267035240361732,0.4346585652508845,0.27606591664621866,0.2702765009158318,0.376926126712277
35,high,21,42,0.5064005423414663,0.6656062260179899,0.6604094082088589,0.15906594834313267,0.4978705312278619
35,high,22,44,0.7280345597297698,0.4600825781478868,0.46011935095100526,0.1561762632981094,0.4511031880316928
35,high,23,46,0.9515871961792357,0.3237686254455406,0.2672845850880929,0.3924261276361444,0.48376663358725336
35,high,24,48,0.572697872994923,0.4091810579212527,0.7363984825251542,0.21403742890629252,0.4830787105869056
35,high,25,50,0.8990462138614189,0.3135409436189603,0.32823572141678087,0.13912324164474746,0.4199865301354769
35,high,26,52,0.5306833899340054,0.18594304603750042,0.5043571124126026,0.16019651046389552,0.345295014712001
35,high,27,54,0.48144309206023367,0.4091357047663116,0.33348353868436337,0.15341063291530724,0.344368242106554
35,high,28,56,0.19869828122295066,0.7186575402274926,0.20538265535363825,0.12482306056420119,0.31189038434207067
35,high,29,58,0.2581097834249752,0.7715057357833229,0.4458036892462652,0.12848431014772432,0.4009758796505719
35,high,30,60,0.511998943971804,0.6316927883183401,0.7932337275307305,0.13810570403539943,0.5187577909640685
35,high,31,62,0.514347040116105,0.5004923734611727,0.8536219205672626,0.12984924441398385,0.499577644639631
35,high,32,64,0.4766933425308312,0.468700736528433,0.38796060291183054,0.2487224020115967,0.39551927099567286
35,high,33,66,0.11171545395416967,0.29614970166788906,0.3867640740215482,0.47939000162271594,0.31850480781658075
35,high,34,68,0.06128641924253492,0.4085459631941071,0.278674794634985,0.28774344371959104,0.25906265519780447
35,high,35,70,0.19110114530808373,0.45207830874334054,0.46164128589788006,0.15358952737767942,0.314602566831746
35,high,36,72,0.31799658912263257,0.9082736682091711,0.34819851377017097,0.2995719587165792,0.4685101824546385
35,high,37,74,0.7028507987588696,0.9035674222424109,0.30065909631663773,0.4497806207444489,0.5892144845155918
35,high,38,76,0.8029226440970129,0.5743328702376773,0.4784570174150711,0.15140905848848327,0.5017803975595612
35,high,39,78,0.10017998696961072,0.4839429979888578,0.38316853500213927,0.694097964634677,0.4153473711488212
35,high,40,80,0.23806128768802912,0.4048572616784904,0.38072954424882627,0.6240665831872194,0.4119286692006413
35,high,41,82,0.49165312903383646,0.9141130574461062,0.1435515396197839,0.40925819938389246,0.48964398137090476
35,high,42,84,0.6441235445282445,0.6583839440337041,0.5320607116441174,0.533193612613393,0.5919404532048648
35,high,43,86,0.4345790315818025,0.4537346725062512,0.23720256278655116,0.8824262175053662,0.5019856210949928
35,high,44,88,0.5141928430118821,0.5768272180794383,0.278746655099636,0.5744688166566801,0.48605888321190915
35,high,45,90,0.1253669847281996,0.29470840743620985,0.3522292650596806,0.6138864757437204,0.3465477832419526
35,high,46,92,0.039506681479112966,0.1434783334967876,0.2554965413020831,0.9150379995669671,0.3383798889612377
35,high,47,94,0.5704512002452647,0.43082328757915844,0.3138453059470191,0.26588666657204424,0.3952516150858716
35,high,48,96,0.5487963150908632,0.47037889511575515,0.33970444138511485,0.4203992862297445,0.4448197344553695
35,high,49,98,0.019082065889827728,0.779043490405401,0.6492622770500248,0.7688611220135786,0.5540622388397081
35,high,50,100,0.3877210255448328,0.8105517657290681,0.3913655079083713,0.716259476436655,0.5764744439047318
35,high,51,102,0.8892514430570001,0.5331304139441481,0.30579305715495025,0.17659060652407438,0.4761913801700432
35,high,52,104,0.54460481516605,0.5402895122849777,0.5362622806551874,0.570347094161695,0.5478759255669776
35,high,53,106,0.4861057355356906,0.5446603396931933,0.2656536596812276,0.396867096139752,0.42332170776246586
35,high,54,108,0.31598646015026666,0.45164156077250855,0.55152330323114,0.4683900476431538,0.44688534294926724
35,high,55,110,0.08769421754250153,0.6761682201251377,0.46294937237920014,0.8882448352354076,0.5287641613205617
35,high,56,112,0.19946388387445593,0.5521269512480886,0.3483777777113906,0.4612085284291812,0.3902942853157791
35,high,57,114,0.2990139531467313,0.275232700482139,0.526071848112045,0.47537557435459143,0.3939235190238767
35,high,58,116,0.3275022116966893,0.38690532128967786,0.6290411945636415,0.2706881116484722,0.4035342097996202
35,high,59,118,0.706383528758812,0.5180010859523635,0.6995419045590444,0.18664704358114054,0.5276433907128402
35,high,60,120,0.2550464769858822,0.25053223471993846,0.30037920493318676,0.3102078557707476,0.2790414431024387
35,high,61,122,0.44378634442226517,0.5445280087219876,0.18079409568366145,0.2141039340047185,0.34580309570815815
35,high,62,124,0.1697021918537411,0.6499324105246221,0.2740511311444394,0.2268372063310674,0.33013073496346756
35,high,63,126,0.1904682099080033,0.8368723121329745,0.5504691835848572,0.437945393005082,0.5039387746577293
35,high,64,128,0.6832500404768336,0.4659813150294381,0.44020614298377114,0.15576684602075205,0.4363010861276987
35,high,65,130,0.38200939470341705,0.5991373977514987,0.2675549155995192,0.3504695740784173,0.3997928205332131
35,high,66,132,0.7443901928257416,0.5132573503589348,0.5772567892271266,0.3809736850476222,0.5539695043648563
35,high,67,134,0.9376438469782981,0.4160959571786516,0.5288658403525828,0.22719765057765223,0.5274508237717962
35,high,68,136,0.7215862540860429,0.4731378780864699,0.6540185990561613,0.15492102301506808,0.5009159385609355
35,high,69,138,0.6267738813437361,0.61113250086204,0.6444817095941532,0.21574574823150183,0.5245334600078577
35,high,70,140,0.5107898831126447,0.4706100821790278,0.6667033260972747,0.2856400890226529,0.4834358451029
35,high,71,142,0.07021517143043923,0.31581094416856775,0.3966755010504306,0.6167902624961786,0.34987296978640403
35,high,72,144,0.7025917673398909,0.5874066500229453,0.29939576627198816,0.40150589020348887,0.49772501845957834
35,high,73,146,0.5355538851099602,0.7552722165331012,0.48225588574691364,0.503524864360022,0.5691517129374992
36,rest,0,0,0.6690938508408582,0.06711537996647401,0.8155691857619677,0.5577330311705991,0.5273778619349747
36,rest,1,2,0.2547670356854381,0.40468821707093583,0.6314393561292622,0.8730305415023135,0.5409812875969874
36,rest,2,4,0.4508093966826443,0.4612947594710735,0.3959857478076669,0.5812841951047418,0.47234352476653163
36,rest,3,6,0.5959814109907683,0.27569991157864204,0.5212625685337227,0.2511197564274577,0.41101591188264763
36,rest,4,8,0.460669416113871,0.40041268692812754,0.5600383867850919,0.6430462797030387,0.5160416923825324
36,rest,5,10,0.3441415390837604,0.5028592205597587,0.7828869290094479,0.7348234228725726,0.5911777778813849
36,rest,6,12,0.032161654607837174,0.5680995843141329,0.48977851671208356,0.9111832645499089,0.5003057550459906
36,rest,7,14,0.11334286717608087,0.5658176750481487,0.5575238820974974,0.6379074540898749,0.46864796960290045
36,rest,8,16,0.34456034228312604,0.32435872681676825,0.2588840494801129,0.5574160988935076,0.3713048043683787
36,rest,9,18,0.15396883984142362,0.23307964789794658,0.14236817236180943,0.7870730071169457,0.32912241680453136
36,rest,10,20,0.6854563725287944,0.41420187235493866,0.42377596507424287,0.3362630786370791,0.4649243221487637
36,rest,11,22,0.8599028347502125,0.2311912235122,0.42751458641658036,0.23863867406389244,0.4393118296857213
36,rest,12,24,0.9197796243511146,0.07880000564680831,0.37751409882892256,0.21931402128601243,0.3988519375282145
36,rest,13,26,0.48274095422984514,0.4961691197118927,0.20030965688123553,0.44407048462703136,0.40582255386250116
36,rest,14,28,0.36879141510772656,0.5090530786302344,0.7378471518714423,0.8146657414988607,0.607589346777066
36,rest,15,30,0.362335267427206,0.2317135957388572,0.6394377185890104,0.6160826735721193,0.46239231383179824
36,rest,16,32,0.4098317849078552,0.22647856185918616,0.2641897743720346,0.5914562306615254,0.37298908795015034
36,rest,17,34,0.29986216201876154,0.595020812317846,0.11118553589410898,0.7220483904739241,0.43202922517616016
36,rest,18,36,0.31005059393912043,0.2651678743729386,0.29144088883380787,0.6765251951436403,0.3857961380723768
36,rest,19,38,0.19894442904386017,0.32776052208988626,0.7216337998036507,0.8627028571441279,0.5277604020203812
36,rest,20,40,0.37756951594316107,0.7956279836632769,0.5580763739059246,0.759499643861967,0.6226933793435825
36,rest,21,42,0.41551555180482347,0.8872805724676324,0.4195404183930588,0.49115251909986035,0.5533722654413438
36,rest,22,44,0.6544490045016826,0.4999429425841554,0.30994614387116487,0.5093912135837793,0.49343232613519555
36,rest,23,46,0.20868411370057016,0.17872853829674526,0.5102214832879164,0.8017270197386741,0.42484028875597646
36,rest,24,48,0.5161955828492583,0.3546771199311899,0.317660342037905,0.7052323020649852,0.47344133672083455
36,rest,25,50,0.4635896470707853,0.8314677106182816,0.14398253687736615,0.6706446979100564,0.5274211481191224
36,rest,26,52,0.2775446756906529,0.6748124691208909,0.32542521473811725,0.652882612199653,0.4826662429373285
36,rest,27,54,0.6345264502164776,0.6825108524833277,0.35087219844896395,0.48924196289674915,0.5392878660113796
36,rest,28,56,0.5398562047617702,0.38348397579571886,0.5197591487393631,0.46461932691769603,0.476929664053637
36,rest,29,58,0.19987557935055153,0.551665851507501,0.6803813022590913,0.6235453614214345,0.5138670236346446
36,rest,30,60,0.12523399514607203,0.7273739875504621,0.7418325396459241,0.798512720807577,0.5982383107875088
36,rest,31,62,0.16529127663217333,0.6152030990395461,0.7101718338248152,0.8262225229357283,0.5792221831080657
36,rest,32,64,0.42805840384602545,0.5489784381566108,0.5938413677983557,0.8350017263956819,0.6014699840491685
36,rest,33,66,0.6333355997774359,0.5544139369899582,0.25554785538407887,0.3741613980110892,0.45436469754064057
36,rest,34,68,0.3236675406319317,0.44877526224504766,0.1862812373798006,0.35928368412838785,0.329501931096292
36,rest,35,70,0.7720080707402311,0.07398880471157707,0.887683686236517,0.22956167353322465,0.4908105588053875
36,rest,36,72,0.7583393844027932,0.27616577380306945,0.3573569681755217,0.27943588751512294,0.4178245034741268
36,rest,37,74,0.6879914268341374,0.11334176542786494,0.516032514634912,0.3353511412883122,0.4131792120463066
36,rest,38,76,0.7421188384335996,0.4303660009090699,0.5201171486856588,0.43519474566537686,0.5319491834234262
36,rest,39,78,0.4849564461203879,0.5034753863239234,0.20935771070408077,0.6487341756024015,0.46163092968769837
36,rest,40,80,0.35677975539052975,0.33921663662080564,0.14493465989219476,0.599700728479681,0.3601579450958028
36,rest,41,82,0.5026090449131281,0.6752742331510725,0.3391574109276903,0.3387231508323695,0.4639409599560651
36,rest,42,84,0.5801410787972942,0.9287936357101332,0.5600880778287639,0.3998155308267365,0.617209580790732
36,rest,43,86,0.8309430035827456,0.6534766646544008,0.644649198041491,0.2112678965947588,0.585084190718349
36,rest,44,88,0.32320970945546423,0.8505998101589737,0.4787406718566393,0.589395707671265,0.5604864747855856
36,rest,45,90,0.5987934586643916,0.17802290093930492,0.3464349240871893,0.4497486612347485,0.3932499862314086
36,rest,46,92,0.38028816668233273,0.6048773720286468,0.6470081366890444,0.5088474809001396,0.5352552890750408
36,rest,47,94,0.5492132692890928,0.6056326048179389,0.6242420153043546,0.5683505739047697,0.586859615829039
36,rest,48,96,0.8797150097441894,0.5786256005363387,0.44022849133413,0.2021839787688546,0.5251882700958782
36,rest,49,98,0.9136099665680388,0.5162160124102861,0.5630965227061752,0.2915735029952262,0.5711240011699317
36,rest,50,100,0.41850928357880807,0.4550099361493072,0.9043243881438934,0.42772183601282643,0.5513913609712088
36,rest,51,102,0.9801461068269498,0.5000570574158452,0.30301274994302096,0.14955514375423348,0.4831927644850123
36,rest,52,104,0.5772268779815496,0.5955186525641892,0.2912629733834096,0.803378610688002,0.5668467786542876
36,rest,53,106,0.4788041260731327,0.3357717062542027,0.7769077540500272,0.4181657706577594,0.5024123392587805
36,rest,54,108,0.5031601561695199,0.9121131230234687,0.6662570703852005,0.4344520920439464,0.628995610405534
36,rest,55,110,0.47704527344937525,0.6253935838498983,0.5709960359684262,0.5965130977060024,0.5674869977434255
36,rest,56,112,0.9016508196822935,0.32217105057526446,0.5196567379635428,0.18149179628529744,0.48124260112659956
36,rest,57,114,0.9371368421365762,0.10801767479345999,0.36996201274475493,0.26723928555410026,0.42058895380722283
36,rest,58,116,0.4387699973559639,0.5903396943461554,0.8863841272400078,0.3952866046607841,0.5776951059007278
36,rest,59,118,0.49739095508687203,0.7633211679350468,0.2099303259797996,0.45231898119872477,0.48074035755011074
36,rest,60,120,0.5240552209002004,0.8683043313741897,0.30505536772353453,0.5198181190681213,0.5543082597665114
36,rest,61,122,0.7806986896690168,0.42809212782371525,0.6641693588291226,0.22752295171897755,0.5251207820102081
36,rest,62,124,0.9970287834038367,0.2999357404464933,0.4701286787786318,0.24265850569776254,0.5024379270816811
36,rest,63,126,0.30834098917292674,0.7260626179443288,0.617555056687064,0.8147320460008037,0.6166726774512808
36,rest,64,128,0.08767659361370321,0.8138548960145849,0.4361120307532373,0.7027233554739419,0.5100917189638668
36,rest,65,130,0.5900590751802656,0.6123786785479918,0.2613227804503631,0.317933472514804,0.4454235016733561
36,rest,66,132,0.6043998449445214,0.3177475266214312,0.6529063765958968,0.26095873675204495,0.4590031212284736
36,rest,67,134,0.4597295442254297,0.20679597027202604,0.4121573611262766,0.34195871257044846,0.3551603970485452
36,rest,68,136,0.9613241587236859,0.30291749477382585,0.25870595870293256,0.34248786201165554,0.466358868553025
36,rest,69,138,0.9975273768433653,0.4339392595617875,0.30559359515758955,0.11411621306817474,0.4627941111577293
36,rest,70,140,0.9578433898099754,0.5761736351629139,0.616138719589624,0.27049179044314287,0.605161883751414
36,rest,71,142,0.827968872726888,0.6872920315745191,0.8770247661048619,0.56178977079027,0.7385188602991347
36,rest,72,144,0.7396821955529478,0.508343749700518,0.7716117573418952,0.4115136205802504,0.6077878307939029
36,rest,73,146,0.6243076340110691,0.4342693329300568,0.6705853616929444,0.5604609084194409,0.5724058092633778
36,high,0,0,0.7802513001551137,0.16901679177186021,0.5134055621231672,0.5888446909965046,0.5128795862616615
36,high,1,2,0.9214414330755369,0.5945748772163498,0.504199268943891,0.6550586139447601,0.6688185482951345
36,high,2,4,0.8552567317491562,0.27015048187879576,0.30864637755140384,0.5710029982594698,0.5012641473597064
36,high,3,6,0.592630726106308,0.691356074131533,0.15797303144724123,0.4785074545910132,0.4801168215690238
36,high,4,8,0.32484346489909854,0.8822318455902581,0.2261192814585014,0.4792664381587343,0.4781152575266481
36,high,5,10,0.3674506198039113,0.8732639058628298,0.1089777695042379,0.774944987571557,0.531159320685634
36,high,6,12,0.8053530921404672,0.8558645450673595,0.9073886795327972,0.48908053975618904,0.7644217141242032
36,high,7,14,0.7307536282104095,0.7789070709055844,0.45261897326867034,0.6858757273428332,0.6620388499318743
36,high,8,16,0.5733852900700264,0.8444861705104412,0.20221832007076024,0.45393443102247377,0.5185060529184253
36,high,9,18,0.6508078301650336,0.7626708989545555,0.1882209151067926,0.5356280576400569,0.5343319254666097
36,high,10,20,0.302127754617242,0.727205066559014,0.623010005300845,0.5718091661382901,0.5560379981538478
36,high,11,22,0.929909267880428,0.6539055808094326,0.44005348110420767,0.5316287268877147,0.6388742641704457
36,high,12,24,0.37516923943899605,0.7291165390807124,0.09923359456458403,0.5958763843026156,0.449848939346727
36,high,13,26,0.7437724315861505,0.6716987448509402,0.5740399153939821,0.3492520450822312,0.584690784228326
36,high,14,28,0.664329393947945,0.5647649651504982,0.16124124946994436,0.363524945422309,0.4384651384976742
36,high,15,30,0.6936015557293332,0.7796394182786933,0.2787834774856708,0.35667369186943293,0.5271745358407826
36,high,16,32,0.28084046745175467,0.8816796045713639,0.5014516405449867,0.7541748597207727,0.6045366430722194
36,high,17,34,0.40263016020575476,0.8231708716163848,0.20400748648249722,0.6468952174990281,0.5191759339509162
36,high,18,36,0.8806963264001711,0.703885760866192,0.7280305239614245,0.6165520901497622,0.7322911753443875
36,high,19,38,0.9599569668464211,0.6854022578825526,0.715975034163019,0.6665031911268603,0.7569593625047132
36,high,20,40,0.9605064972157086,0.7130449024077516,0.3820286658167998,0.6907289667266843,0.6865772580417362
36,high,21,42,0.8974525398120048,0.3893913795402276,0.30533392244050706,0.7754906036868744,0.5919171113699034
36,high,22,44,0.9366865028607914,0.2053502948523129,0.37798216349674535,0.8081732199978041,0.5820480453019135
36,high,23,46,0.9940383344652143,0.6238515530286517,0.29555834379228946,0.9975273768433653,0.7277439020323802
36,high,24,48,0.760556771498186,0.44490267815733736,0.5415866129225121,0.33170406267541225,0.5196875313133619
36,high,25,50,0.20631542273075612,0.3403939504630344,0.25282938444040837,0.4288990835464415,0.3071094602951601
36,high,26,52,0.6997361771675549,0.36356438091141713,0.5013678934402551,0.19980228029381675,0.4411176829532609
36,high,27,54,0.9390420932964905,0.6021375658327333,0.3644759333359393,0.24078902168341304,0.5366111535371441
36,high,28,56,0.9975273768433653,0.9610336930313489,0.2366372406657981,0.8009728682086448,0.7490427946872893
36,high,29,58,0.9975273768433653,0.7508139639471596,0.35972192053626756,0.5610998786718024,0.6672907849996488
36,high,30,60,0.9906732910981673,0.3968699565640739,0.4385980251784693,0.21804545554720997,0.5110466820969801
36,high,31,62,0.9741271021336333,0.630866051507226,0.735431629819853,0.4371022494165223,0.6943817582193087
36,high,32,64,0.42299452489753053,0.598324142990599,0.8976542106264767,0.36813509039425024,0.5717769922272141
36,high,33,66,0.21712913922744814,0.7972768241377398,0.8279254504618812,0.7055105454247699,0.6369604898129597
36,high,34,68,0.9093466531062755,0.4593688405722395,0.39744163496767715,0.22205582035881355,0.4970532372512514
36,high,35,70,0.25144050780454047,0.5368672283291022,0.44514342640216226,0.43691658556974794,0.4175919370263882
36,high,36,72,0.18662078073045518,0.8367860883137873,0.5328794495298452,0.27048071241237914,0.4566917577466167
36,high,37,74,0.5323906155216805,0.864390247910725,0.07980907638681377,0.2350840548197083,0.42791849865973197
36,high,38,76,0.5459618984395865,0.40963390564777835,0.434509382900107,0.2705881985472346,0.41517334638367664
36,high,39,78,0.25712612297520815,0.5845961057886986,0.4713990777108097,0.3254156227915425,0.40963423231656476
36,high,40,80,0.19415786273649865,0.7460922176326761,0.2297813195111093,0.7222996023591681,0.47308275055986304
36,high,41,82,0.3196710398219995,0.7352357278285089,0.555719317633251,0.6729098853317046,0.570883992653866
36,high,42,84,0.6954689852140826,0.47080551350031474,0.45925131556036364,0.16198815322953394,0.44687849187607376
36,high,43,86,0.5939303855737488,0.6800380305285508,0.27151149885177933,0.251211216579038,0.4491727828832792
36,high,44,88,0.7119371713420239,0.6507631520366174,0.5991516197879007,0.25164765097849573,0.5533748985362594
36,high,45,90,0.8395418070381505,0.7611742814259046,0.6128101346539737,0.22092832010156455,0.6086136358048984
36,high,46,92,0.2955732103608721,0.7066024780705262,0.30435658486891853,0.49725493456149056,0.45094680196545184
36,high,47,94,0.30124945363548106,0.7920871576833795,0.482655629463251,0.707547284414582,0.5708848812991734
36,high,48,96,0.9714174447115659,0.8658959407866127,0.20875015865303934,0.4201413943605793,0.6165512346279494
36,high,49,98,0.997167235957974,0.7143881132071621,0.44239608206592546,0.3305326130090927,0.6211210110600386
36,high,50,100,0.9938651235607222,0.5713999121119263,0.45951388376633723,0.2906695307715208,0.5788621125526267
36,high,51,102,0.9858625021591305,0.48401484431987085,0.3896659424794948,0.22589113164654834,0.5213586051512611
36,high,52,104,0.9734850574352951,0.24807821763980775,0.2582254460920792,0.2717075845933977,0.437874076440145
36,high,53,106,0.9072472963750041,0.11150595931817966,0.36510669072468765,0.2277149626527211,0.4028937272676481
36,high,54,108,0.667576963417582,0.12656705519907344,0.6123678792971747,0.22876109225824706,0.40881824754301926
36,high,55,110,0.9229019746746122,0.15417625368393864,0.27138758026017085,0.19486791774499618,0.3858334315909295
36,high,56,112,0.5447055802555664,0.2650068348317871,0.37838779750608076,0.3022203223057652,0.37258013372479987
36,high,57,114,0.8313033383607539,0.28127013283080626,0.413769068073929,0.18322065080824848,0.42739079751843445
36,high,58,116,0.8483055940728698,0.4034232215676235,0.4435660042555787,0.19985254667741717,0.4737868416433723
36,high,59,118,0.5310268959999389,0.44174798618761457,0.23190446075175128,0.5037408977542376,0.42710506017338556
36,high,60,120,0.9965641146314933,0.6371750765922842,0.3036328402320291,0.8115895943677379,0.6872404064558861
36,high,61,122,0.9926577554327255,0.973164678161895,0.4546779432771264,0.612822857858397,0.758330808682536
36,high,62,124,0.9855980810245892,0.6584170738089598,0.5452073690624605,0.5191020742796286,0.6770811495439095
36,high,63,126,0.8639558246016438,0.9390682169924185,0.3898346092743509,0.8390647868692329,0.7579808594344115
36,high,64,128,0.8860539111085228,0.9492874038116467,0.39740859064233525,0.4741811221669497,0.6767327569323637
36,high,65,130,0.9657566784678645,0.9738324070634422,0.56008967427344,0.7084217231448552,0.8020251207374004
36,high,66,132,0.6278872981227382,0.9968000853134439,0.8522540366619975,0.5784299632147115,0.7638428458282227
36,high,67,134,0.3024117898505572,0.9151687722403051,0.29574449124590313,0.7673032150769633,0.5701570671034322
36,high,68,136,0.2582018812624419,0.7306594943731523,0.27760147279146186,0.44258356450327435,0.42726160323258255
36,high,69,138,0.5974954687360219,0.5027056117935988,0.7229492948938211,0.4347782599810529,0.5644821588511236
36,high,70,140,0.9056352406944246,0.32626299726529034,0.5814418826131735,0.4697289706315286,0.5707672728011043
36,high,71,142,0.8689100690634382,0.976810662313971,0.9150289055109281,0.8163872771918307,0.894284228520042
36,high,72,144,0.7528932083325531,0.5008836367347923,0.5867549496137027,0.41094027356318164,0.5628680170610574
36,high,73,146,0.6304450841236418,0.4492206601818084,0.5566414043621039,0.5099854116880991,0.5365731400889132
37,rest,0,0,0.8810372734420191,0.5244356704009577,0.3124637157896006,0.7691472126637662,0.6217709680740859
37,rest,1,2,0.831940660119577,0.38212001385845523,0.37853819443312464,0.6632425253308989,0.563960348435514
37,rest,2,4,0.6307868992749314,0.17629796233409534,0.5838528410829187,0.9384249110877163,0.5823406534449154
37,rest,3,6,0.2572934827511199,0.137065704750865,0.6516189482050663,0.9818258942223733,0.5069510074823561
37,rest,4,8,0.524423266770846,0.43226122677809226,0.40253145441646215,0.8436657788910218,0.5507204317141056
37,rest,5,10,0.6573236773543633,0.43434372650659087,0.22525424126832677,0.774673319572577,0.5228987411754644
37,rest,6,12,0.3872270663068816,0.2770385243402419,0.7078360957281903,0.8388424711798458,0.5527360393887899
37,rest,7,14,0.6478025176471035,0.4855463757647879,0.21312219574187516,0.8967781513109595,0.5608123101161815
37,rest,8,16,0.8423367913034946,0.826792762851578,0.5271308998533852,0.9555380480097333,0.7879496255045478
37,rest,9,18,0.41374232373302455,0.8698964876785048,0.8433481721607639,0.7959080098587284,0.7307237483577554
37,rest,10,20,0.36978010289257557,0.788961052032114,0.6342180568201623,0.8553139053578369,0.6620682792756722
37,rest,11,22,0.47714365387977653,0.2920096482487047,0.7050707697894044,0.40213230586674253,0.46908909444615704
37,rest,12,24,0.3901962656173477,0.24339365703190488,0.6406248309919935,0.545847188127647,0.45501548544222326
37,rest,13,26,0.4208351849427125,0.33660952282693085,0.6317939679575569,0.8975855806937282,0.5717060641052321
37,rest,14,28,0.5599971960496213,0.36478365015115494,0.24094544897885908,0.8313019184118321,0.49925705339786686
37,rest,15,30,0.8119998178160788,0.41311924570377023,0.3925091246551398,0.49269032965440424,0.5275796294573483
37,rest,16,32,0.5541918206524079,0.34486712817813925,0.6303227763591116,0.8632510975433854,0.5981582056832611
37,rest,17,34,0.4609328489386286,0.16382820159169076,0.24440666203362518,0.6887454744236258,0.3894782967468926
37,rest,18,36,0.6902609196964236,0.23498687106303967,0.9403006188979373,0.9975273768433653,0.7157689466251914
37,rest,19,38,0.25817976877590526,0.6460891771772953,0.47933084317244895,0.8689722227400971,0.5631430029664366
37,rest,20,40,0.3684357200260444,0.8073146770835432,0.4992344027676552,0.5073096703455957,0.5455736175557097
37,rest,21,42,0.9282159262899108,0.8454691143385269,0.7188020739526518,0.6140152997611961,0.7766256035855714
37,rest,22,44,0.7061995391118986,0.5938187452049687,0.7210657389856124,0.6897917912197126,0.677718953630548
37,rest,23,46,0.5805042976174034,0.5075139271772056,0.7311077123170028,0.6829278075272931,0.6255134361597263
37,rest,24,48,0.10730395752065748,0.597311184679554,0.21531806032536466,0.5261331273869743,0.3615165824781376
37,rest,25,50,0.4634672691129904,0.3981129810497019,0.5014930853451899,0.5296669421391818,0.473185069411766
37,rest,26,52,0.707939824264087,0.4791443672309377,0.29347186598062136,0.7858633053824008,0.5666048407145117
37,rest,27,54,0.4420416908047424,0.7969728654535301,0.3307247626894069,0.43523631926490025,0.5012439095531449
37,rest,28,56,0.5068059131015137,0.9564096331850764,0.39045588971469075,0.433913226839096,0.5718961657100943
37,rest,29,58,0.1765836403968481,0.6463717431963575,0.5007655972323448,0.6607956781953936,0.496129164755236
37,rest,30,60,0.15462898890371124,0.22308289209194407,0.451776907172086,0.5574683198356251,0.3467392770008416
37,rest,31,62,0.3323464842349214,0.6181322838488721,0.6701429824011523,0.3330934794909723,0.48842880749397954
37,rest,32,64,0.4918259689465069,0.23839026562770893,0.7061186196742507,0.36343957421074485,0.44994360711480286
37,rest,33,66,0.4952328371356007,0.42396147417349395,0.2892283718348959,0.634588772956185,0.46075286402504384
37,rest,34,68,0.06246337370013137,0.7020356482639911,0.2064549864281039,0.4838992929407999,0.36371332533325657
37,rest,35,70,0.5047671628643994,0.25261257414628513,0.19802952486266584,0.9629504192610525,0.4795899202836007
37,rest,36,72,0.649483123398397,0.4162082673919542,0.14146588602666302,0.6623560205697855,0.4673783243466999
37,rest,37,74,0.37995719593402866,0.4067799765104762,0.5544174631301065,0.5427422137427771,0.47097421232934716
37,rest,38,76,0.4594913571170859,0.6086692384937741,0.1841037088642521,0.4865554365052638,0.43470493524509396
37,rest,39,78,0.7304348284349405,0.05663156954510495,0.5514316561330388,0.7497323741805128,0.5220576070733992
37,rest,40,80,0.6424879718188595,0.5811074176691972,0.1807227961915986,0.5813963500852309,0.4964286339412215
37,rest,41,82,0.6792829864534273,0.6268814269056459,0.7054356216655913,0.44243359055936615,0.6135084063960077
37,rest,42,84,0.747089735256801,0.8623044650465871,0.43494640354618463,0.34926103519100604,0.5984004097601446
37,rest,43,86,0.7816442544451239,0.5053931670995294,0.24213220294577187,0.8615296024328604,0.5976748067308214
37,rest,44,88,0.9094532757480108,0.8921650594534866,0.475967070084666,0.5992470845219878,0.7192081224520378
37,rest,45,90,0.7878476289262589,0.9207685250065857,0.4605343189777195,0.44388996790479995,0.653260110203841
37,rest,46,92,0.09926620691736292,0.46198086056648685,0.6530861528925804,0.28604904318612967,0.37509556589063997
37,rest,47,94,0.13025330544260322,0.15533140085857602,0.5015269625970615,0.3661432308792699,0.2883137249443777
37,rest,48,96,0.5144533600324381,0.8798050265707051,0.40232608527569075,0.33013659702744147,0.5316802672265688
37,rest,49,98,0.4603939267498697,0.4431572506126411,0.631091926859489,0.36844389523764604,0.4757717498649115
37,rest,50,100,0.4633472174452748,0.36354167248812036,0.2365555647067027,0.3719984066862129,0.3588607153315777
37,rest,51,102,0.190297118109706,0.762354937907008,0.7498470933474721,0.33437020616707525,0.5092173388828154
37,rest,52,104,0.8847056702192766,0.8811839821228817,0.37580717258967566,0.8028887731414145,0.7361463995183122
37,rest,53,106,0.8170577583593653,0.3194145344462029,0.5570656475262792,0.3668086623230306,0.5150866506637195
37,rest,54,108,0.5593900712791654,0.4855921902090786,0.6792221646071154,0.3140321182997329,0.509559136098773
37,rest,55,110,0.16131650578605897,0.596162158946813,0.27649715170906136,0.373745376090593,0.3519302981331316
37,rest,56,112,0.4075346429419146,0.6654358157693936,0.755742796421692,0.33937062345260177,0.5420209696464005
37,rest,57,114,0.6360483862177526,0.869629339444108,0.29490370171092967,0.4114860172734783,0.5530168611615672
37,rest,58,116,0.0347259811132825,0.7128497998121053,0.6554277454927174,0.37047740115197064,0.44337023189251895
37,rest,59,118,0.20061105272169238,0.6383304569458831,0.9087922241851347,0.41304079881770417,0.5401936331676036
37,rest,60,120,0.563496798703346,0.6102595654173559,0.5724798279790557,0.304505331075258,0.5126853807937539
37,rest,61,122,0.29213587672813984,0.6030280963763679,0.5626208497390057,0.2997342604721508,0.4393797708289161
37,rest,62,124,0.20979403013054038,0.8643219824342786,0.4064639006340206,0.6097123411869109,0.5225730635964376
37,rest,63,126,0.09211240094559837,0.7805537821920528,0.33856410506542817,0.4841828285519316,0.42385327918875276
37,rest,64,128,0.7468354631486743,0.3176720557414995,0.7754330658170991,0.3450207056596336,0.5462403225917266
37,rest,65,130,0.8438221342865395,0.41997142421199307,0.5396694668653924,0.3287980086715015,0.5330652585088567
37,rest,66,132,0.4589921410095649,0.24757786528502343,0.3364215932536095,0.32608899418571496,0.3422701484334782
37,rest,67,134,0.4808160224403102,0.15957981287663603,0.7809088507645885,0.35996840663819524,0.4453182731799325
37,rest,68,136,0.2255131838464434,0.33837564085803734,0.4421636266712284,0.3349509719690196,0.3352508558361822
37,rest,69,138,0.20958621227445645,0.3164741486205702,0.4162117394742474,0.3373400842955093,0.31990304616619586
37,rest,70,140,0.5994322200896884,0.5297830576410738,0.5376820375938933,0.3301123169079878,0.49925240805816085
37,rest,71,142,0.6217383918779589,0.4946068329004709,0.21476694159054474,0.49258192171693743,0.45592352202147796
37,rest,72,144,0.7293958923265214,0.6001672569868653,0.4323523376893277,0.3207398502523437,0.5206638343137645
37,rest,73,146,0.5553908942463182,0.5459531286671871,0.9284354570487799,0.37033222072608235,0.6000279251720919
37,high,0,0,0.8887865143086023,0.06807142004832777,0.1463853882554793,0.977968712454652,0.5203030087667654
37,high,1,2,0.7747345222593233,0.497064126030653,0.5084073655380774,0.9216489738122973,0.6754637469100877
37,high,2,4,0.8684031681118484,0.39234974160030056,0.8113948335207971,0.9685954083597074,0.7601857878981634
37,high,3,6,0.7580054138130372,0.3704674052686294,0.22780663984354002,0.9804751252469275,0.5841886460430336
37,high,4,8,0.7373700613758108,0.5895290590431387,0.18415303201876498,0.9127094479006365,0.6059404000845877
37,high,5,10,0.6994820035753045,0.6879785803516654,0.48537081581451696,0.6449620523167497,0.6294483630145591
37,high,6,12,0.7963634539059953,0.5104735011501631,0.7419437605080565,0.8976389529017523,0.7366049171164918
37,high,7,14,0.7225947994417257,0.17376549273258093,0.7291781692173323,0.9841057443634843,0.6524110514387808
37,high,8,16,0.6003569412428074,0.22717944720764682,0.35191574957471466,0.8381749212453632,0.504406764817633
37,high,9,18,0.8844282095518947,0.4374668324573805,0.3259409757018699,0.7902134323772164,0.6095123625220904
37,high,10,20,0.9267729440521119,0.33116716020244874,0.1849168478239307,0.9975273768433653,0.6100960822304642
37,high,11,22,0.8482242115811311,0.27006607931629745,0.3437893464603974,0.9975273768433653,0.6149017535502979
37,high,12,24,0.8882148479260275,0.30771219692903057,0.35099632542631487,0.9975273768433653,0.6361126867811846
37,high,13,26,0.9446066930444117,0.2598432001137213,0.4849567941469335,0.9923988895683754,0.6704513942183605
37,high,14,28,0.8506864859092629,0.12468607989314048,0.6963280880099928,0.9907156603154476,0.6656040785319609
37,high,15,30,0.7289804641027084,0.17272563236042887,0.27480159653990416,0.9831340144878625,0.5399104268727261
37,high,16,32,0.7588244959399651,0.18738912945764563,0.26195193189175064,0.9975273768433653,0.5514232335331817
37,high,17,34,0.774029644286011,0.09914908069310877,0.2798516199149418,0.829922920166297,0.49573831626508963
37,high,18,36,0.6858098143013212,0.10009196169253275,0.36540824221681484,0.973374756241882,0.5311711936131377
37,high,19,38,0.6657608569723027,0.14924718844240242,0.41192437633172346,0.9619234051651785,0.5472139567279017
37,high,20,40,0.7337209881950014,0.10671177830489778,0.40203834757239904,0.9454375762084692,0.5469771725701918
37,high,21,42,0.9188711175161476,0.12896082606514603,0.5023501144543493,0.9975273768433653,0.636927358719752
37,high,22,44,0.8251158417997512,0.31095903750064063,0.834414365617586,0.9975273768433653,0.7420041554403358
37,high,23,46,0.867544647116687,0.35315734814170824,0.5541498659997185,0.9078695466563205,0.6706803519786085
37,high,24,48,0.6032428662266619,0.5440572695387982,0.2076155485072183,0.7590348196599666,0.5284876259831612
37,high,25,50,0.8399854917960825,0.5273820062598926,0.759786072318614,0.8006211446530612,0.7319436787569126
37,high,26,52,0.8460443669975244,0.6103036808305528,0.7029621429275381,0.7549099613725236,0.7285550380320347
37,high,27,54,0.8776536673469113,0.35896924810168507,0.4156443732965388,0.4377139248110419,0.5224953033890443
37,high,28,56,0.9564931148505899,0.3516621451370281,0.8228350967792225,0.991468995686293,0.7806148381132834
37,high,29,58,0.897944906547892,0.5674489793148522,0.09473535240477801,0.8641015414521421,0.6060576949299161
37,high,30,60,0.7035298027166674,0.48691596221833666,0.3566005767006578,0.9975273768433653,0.6361434296197568
37,high,31,62,0.9302963835703553,0.1414122587319006,0.8126939151692365,0.9963147780092794,0.720179333870193
37,high,32,64,0.9485498729315351,0.3836796263506699,0.8066607185839271,0.7736065475008086,0.7281241913417352
37,high,33,66,0.9680894330444758,0.8481081034580109,0.4377545267793481,0.9975273768433653,0.8128698600313
37,high,34,68,0.9711125505168494,0.7722567332271215,0.4215246099072016,0.9975273768433653,0.7906053176236344
37,high,35,70,0.895195507408298,0.47329572613208265,0.6951966747315594,0.9975273768433653,0.7653038212788263
37,high,36,72,0.5095331106844393,0.5069896761331317,0.2349384738196962,0.9482288767381798,0.5499225343438617
37,high,37,74,0.7042442261780312,0.40527298778378823,0.6662988915549721,0.9350483817261765,0.677716121810742
37,high,38,76,0.7340037840337741,0.48575483160896366,0.4794082898692012,0.9975273768433653,0.6741735705888261
37,high,39,78,0.8592356505600456,0.4997462971859892,0.7891140143865903,0.8518537340406475,0.7499874240433182
37,high,40,80,0.5644238052139307,0.1597076321552989,0.6934630655971181,0.9975273768433653,0.6037804699524283
37,high,41,82,0.6762959605246865,0.13483855539632883,0.5643301937456304,0.9975273768433653,0.5932480216275028
37,high,42,84,0.7877322952595718,0.4785621020044189,0.10392235591902124,0.9975273768433653,0.5919360325065943
37,high,43,86,0.4302896288034673,0.1347381825334891,0.25073001433559455,0.9974751773634604,0.45330825075900283
37,high,44,88,0.7153924357002782,0.2900422307838782,0.4772413203233447,0.9322271037845227,0.603725772648006
37,high,45,90,0.7184211224358835,0.44585980233979083,0.7296860993372815,0.9975273768433653,0.7228736002390803
37,high,46,92,0.7974609079222755,0.3166835024628882,0.8110856202952772,0.8797816793148165,0.7012529274988144
37,high,47,94,0.8003718823481212,0.731313233159038,0.20718792779162276,0.9975273768433653,0.6841001050355368
37,high,48,96,0.6468014556541452,0.9162982108873503,0.49417755801838953,0.9523699065883463,0.7524117827870578
37,high,49,98,0.538073751947195,0.4683430042105851,0.2919982375343591,0.9972920556523514,0.5739267623361226
37,high,50,100,0.8918776597274175,0.23217792036825505,0.6415305235284927,0.9975273768433653,0.6907783701168827
37,high,51,102,0.8000691534087846,0.26503773193448976,0.878231404417239,0.9975273768433653,0.7352164166509697
37,high,52,104,0.7043101187146279,0.4672334844990247,0.4479640660477382,0.994380291253642,0.6534719901287582
37,high,53,106,0.8129405596885994,0.4581486830384112,0.6899922461014356,0.9975273768433653,0.7396522164179529
37,high,54,108,0.7790530784776625,0.41483130152647746,0.4209476284399858,0.9975273768433653,0.6530898463218727
37,high,55,110,0.8520289956397692,0.42902877022985647,0.533736627656034,0.9661863385930762,0.695245183029684
37,high,56,112,0.9681517077373168,0.6229585101202856,0.5855167774505294,0.9975273768433653,0.7935385930378742
37,high,57,114,0.9686260631781215,0.2007455139599611,0.3061107195249225,0.9923721688034786,0.616963616366621
37,high,58,116,0.8689820651555934,0.602918625595922,0.3360679129945707,0.9507512212252389,0.6896799562428313
37,high,59,118,0.7336384216809608,0.4609469811789622,0.37364782553191267,0.918669431917553,0.6217256650773472
37,high,60,120,0.7306787440534831,0.45972308437864084,0.18978048966201663,0.9383869374882645,0.5796423138956013
37,high,61,122,0.68132952621279,0.38827532092059114,0.4178331415617364,0.7907658446563646,0.5695509583378706
37,high,62,124,0.5796375113534411,0.26119040324968373,0.45032673525520783,0.9788236523351281,0.5674945755483651
37,high,63,126,0.3684288214517652,0.08616648480131192,0.6612911691525679,0.8169578701388751,0.48321108638613003
37,high,64,128,0.3638461705309905,0.10038467898963595,0.48580812010370383,0.9863904931246388,0.4841073656872423
37,high,65,130,0.6563627278631032,0.177029962375785,0.5336808483298785,0.8874120047639144,0.5636213858331702
37,high,66,132,0.8604527729655537,0.27549686023820075,0.9430553034337039,0.9924691473998404,0.7678685210093248
37,high,67,134,0.7852921791425818,0.17318898001281705,0.2907582676742441,0.9692769785661944,0.5546291013489594
37,high,68,136,0.7540850018784555,0.10699857893445483,0.49193076261766777,0.9274895941278144,0.5701259843895982
37,high,69,138,0.767981005283114,0.18344079593652243,0.7646774366831088,0.9175577576073101,0.6584142488775139
37,high,70,140,0.7187508125215373,0.1698960033718676,0.1912727263949304,0.995081311814375,0.5187502135256775
37,high,71,142,0.5331016155368924,0.34908646318029035,0.49827541048297486,0.9126922849474517,0.5732889435369023
37,high,72,144,0.7052236623765941,0.651691689997102,0.26664136821753737,0.6192288422255566,0.5606963907041975
37,high,73,146,0.8595214854443917,0.17869311269561808,0.42186428934406284,0.9288991808238563,0.5972445170769822
38,rest,0,0,0.590009530743868,0.4112055311776166,0.7158000644852375,0.5320498586068689,0.5622662462533977
38,rest,1,2,0.37566599995583294,0.37045126689717917,0.8337914633488616,0.5843674729883568,0.5410690507975576
38,rest,2,4,0.8097395602944478,0.5648354846500412,0.26472076164808417,0.5294663077045533,0.5421905285742816
38,rest,3,6,0.4988378427370634,0.823001776750473,0.41377302517635267,0.33801697103490297,0.518407403924698
38,rest,4,8,0.574529794093606,0.6817303177830536,0.6374874263381601,0.5121790199713226,0.6014816395465356
38,rest,5,10,0.730081810957907,0.329936095627547,0.3752195019100233,0.48770076021371284,0.48073454217729755
38,rest,6,12,0.8506839220683957,0.27227194311877817,0.2286647963088593,0.4682268469149684,0.4549618771027504
38,rest,7,14,0.7332519747853844,0.3621702958777383,0.5451960473583098,0.6664654172382775,0.5767709338149275
38,rest,8,16,0.677117502441701,0.4372116935047751,0.7661866845597946,0.7636918236807718,0.6610519260467606
38,rest,9,18,0.7185505064070906,0.18064614265672035,0.7300362114375879,0.34252008247069665,0.4929382357430239
38,rest,10,20,0.688473915544065,0.2713876964116703,0.651969670627361,0.45924308985772155,0.5177685931102045
38,rest,11,22,0.3674745422557704,0.6302420079152092,0.7154444722186558,0.9477183598751302,0.6652198455661914
38,rest,12,24,0.4882996572947934,0.9368851971050726,0.5914461421076812,0.6630325405897943,0.6699158842743353
38,rest,13,26,0.3869242218798376,0.41971239150348705,0.6232775513043357,0.7788990233637668,0.5522032970128569
38,rest,14,28,0.27510418275462917,0.5576109097802835,0.5292583266923689,0.8785602439699808,0.5601334157993156
38,rest,15,30,0.25804059518775785,0.48546481412858555,0.9266199335733429,0.5788726868589938,0.5622495074371701
38,rest,16,32,0.6239371641556983,0.7086774810196964,0.6627611454128317,0.5395428681407874,0.6337296646822534
38,rest,17,34,0.24298265038653863,0.4820189923438063,0.5051809338297525,0.6484022097930804,0.4696461965882945
38,rest,18,36,0.5353132025565008,0.565542076855962,0.3451385905215444,0.3021159755801802,0.43702746137854687
38,rest,19,38,0.5376007431268935,0.33725493294103503,0.9543216426486238,0.4870421423510207,0.5790548652668932
38,rest,20,40,0.41918588082509284,0.4737713222694199,0.5613820074423256,0.6720390145122461,0.531594556262271
38,rest,21,42,0.4623364314107791,0.23234189130599975,0.4534332793890745,0.4945076240175246,0.41065480653084446
38,rest,22,44,0.707271355900422,0.24431470216312906,0.2621413604443119,0.38472517658472705,0.3996131487731475
38,rest,23,46,0.6683291398314856,0.42437598846843977,0.3332149255333477,0.332403218612046,0.43958081811132976
38,rest,24,48,0.3298040151230102,0.22806624552742585,0.36819700946948924,0.5797664100396777,0.3764584200399007
38,rest,25,50,0.43604352268282387,0.2939080379949925,0.6791912591144786,0.5368832818935746,0.48650652542146744
38,rest,26,52,0.7920886048628364,0.5044807949738358,0.19094351332709714,0.308031645386614,0.4488861396375958
38,rest,27,54,0.6997377158617589,0.15205145398675787,0.5895164905934036,0.3270205244750687,0.44208154622924734
38,rest,28,56,0.31993004910914585,0.514327014126706,0.1136600492701126,0.9068360482015988,0.46368829017689084
38,rest,29,58,0.41125527173033455,0.248664699150895,0.3286920574065093,0.46524350705490936,0.3634638838356621
38,rest,30,60,0.6954135723086619,0.12734664800600545,0.5680963197671977,0.30854284820546407,0.42484984707183227
38,rest,31,62,0.6869713955554121,0.5004703975733286,0.43640647146838,0.392540100951358,0.5040970913871197
38,rest,32,64,0.0026861552612344277,0.9975273768433653,0.9975273768433653,0.20754793700047233,0.5513222114871094
38,rest,33,66,0.002695625520693215,0.9975273768433653,0.9975273768433653,0.20759461581394545,0.5513362487553424
38,rest,34,68,0.364742619757544,0.971891703732974,0.4559936892161496,0.37556090146630816,0.5420472285432439
38,rest,35,70,0.5636985071054149,0.456916396770755,0.572207748184712,0.41272753351667535,0.5013875463943893
38,rest,36,72,0.4248688956589981,0.8662694194967209,0.33774526877432026,0.6856037287897301,0.5786218281799423
38,rest,37,74,0.6370177473237242,0.8984573125295434,0.12242051728989362,0.342315579580867,0.500052789181007
38,rest,38,76,0.6314107184367936,0.17147166883601006,0.32412564008731803,0.40667846621715326,0.38342162339431873
38,rest,39,78,0.6029206242307865,0.33772917895648485,0.6120505267757701,0.47489241745805166,0.5068981868552733
38,rest,40,80,0.6038191986340201,0.9551080173006311,0.5689892960896121,0.31529667788873317,0.6108032974782491
38,rest,41,82,0.5124754734367998,0.9247787061549692,0.2770079288577095,0.2556998919083019,0.49249050008944506
38,rest,42,84,0.5855031865581115,0.4995296024266717,0.6149646748654577,0.2642391066318838,0.49105914262053124
38,rest,43,86,0.5285517045112736,0.5889305379213072,0.40199896379148126,0.5408236461324928,0.5150762130891388
38,rest,44,88,0.24811901040290354,0.5972178996322924,0.3495398210126623,0.47135942236810563,0.416559038353991
38,rest,45,90,0.16139955410146342,0.8722352197833062,0.3912423279029395,0.8102257047336051,0.5587757016303285
38,rest,46,92,0.12097829925351308,0.8842955468834535,0.6031384988452696,0.6071934930575751,0.5539014595099527
38,rest,47,94,0.5395729519050204,0.9134010355572517,0.2968083250219272,0.31630332950546514,0.5165214104974161
38,rest,48,96,0.814029605618051,0.9206974624503952,0.4638898660076248,0.30860718191922515,0.6268060289988241
38,rest,49,98,0.37979459772648844,0.9809580357205464,0.2690368497999514,0.321870921663547,0.48791510122763326
38,rest,50,100,0.6418165813569622,0.5730948212652709,0.4948190661702475,0.4574563480807251,0.5417967042183015
38,rest,51,102,0.7198955917866086,0.4759333972032708,0.47351762378564144,0.5054923759824753,0.543709747189499
38,rest,52,104,0.5011621572629367,0.455901011814784,0.30583292385283645,0.5084284361001492,0.44283113225767656
38,rest,53,106,0.599128029333296,0.31544461307315225,0.14886562965316089,0.32365160239518115,0.3467724686136976
38,rest,54,108,0.4697453271126265,0.5773730728546874,0.22545196192496644,0.256257234327135,0.38220689905485383
38,rest,55,110,0.4253924998202525,0.5557132178808724,0.2404930403182271,0.43742761393745744,0.4147565929892023
38,rest,56,112,0.24526020562062265,0.3013610752701575,0.4518481073432183,0.9519226955178746,0.4875980209379682
38,rest,57,114,0.37084998834559013,0.5278852072288204,0.3870640839337117,0.8327111360237428,0.5296276038829663
38,rest,58,116,0.5917947952217953,0.7465532168647414,0.8407311705373635,0.598752290282858,0.6944578682266895
38,rest,59,118,0.09010655919256585,0.8551707826540303,0.7364143180562726,0.9662340947585547,0.6619814386653559
38,rest,60,120,0.3835529248296567,0.8518938715375572,0.5673330267816235,0.4744587096779716,0.5693096332067022
38,rest,61,122,0.2974268032558307,0.9103620786100683,0.8569151428541456,0.5628020393374161,0.6568765160143651
38,rest,62,124,0.2842210849287241,0.5339880453160264,0.8165236200512705,0.5137876640826364,0.5371301035946643
38,rest,63,126,0.12563222317883668,0.5442167278247191,0.18867964290629397,0.7829430738126371,0.4103679169306217
38,rest,64,128,0.09618100543422219,0.6931014645361343,0.46021652169237315,0.9298101575411964,0.5448272873009815
38,rest,65,130,0.1414746554326038,0.4202866559583286,0.6851107514961838,0.9203882956088606,0.5418150896239942
38,rest,66,132,0.2813530147258473,0.4985864426065305,0.5319202149435257,0.8426024820804892,0.5386155385890982
38,rest,67,134,0.19946647141690402,0.4669313948219372,0.14223664122105634,0.9061151209989985,0.428687407114724
38,rest,68,136,0.34336284740256356,0.3889689692082711,0.5091153143041387,0.8765582450995415,0.5295013440036287
38,rest,69,138,0.623004401976205,0.38856534671139936,0.3791348549692841,0.3082825471023549,0.42474678768981083
38,rest,70,140,0.45839090101821267,0.6106658008448924,0.2535605039299962,0.3914138920011231,0.42850777444855614
38,rest,71,142,0.7472703023604662,0.43572698351471606,0.7568681276841305,0.3239570303257723,0.5659556109712712
38,rest,72,144,0.7148153319321936,0.4604362823812846,0.8474617371130057,0.5963809723300707,0.6547735809391386
38,rest,73,146,0.6955230056184837,0.18365152761003253,0.6377871407309347,0.6952922122346431,0.5530634715485235
38,high,0,0,0.03391365930320267,0.7154854678748251,0.7179768745065653,0.8045358128393141,0.5679779536309768
38,high,1,2,0.07904780769739579,0.3640258892055269,0.729426413561574,0.7513769172025004,0.4809692569167493
38,high,2,4,0.195260963427957,0.2507954085885254,0.30070382554833747,0.4284855121655315,0.29381142743258787
38,high,3,6,0.13251982529796244,0.26623006963058543,0.5496023546927377,0.6309474916458776,0.39482493531679075
38,high,4,8,0.0700928364993684,0.6566060385492252,0.8397771704190059,0.8792041494863365,0.611420048738484
38,high,5,10,0.02633629401231512,0.46428749245610784,0.9038060069224633,0.993932949303121,0.5970906856735019
38,high,6,12,0.1487822559968196,0.984779990551259,0.8475600283870156,0.8794700161336071,0.7151480727671753
38,high,7,14,0.2967429136232932,0.9891320358063087,0.4999080600803969,0.9167182643984725,0.6756253184771178
38,high,8,16,0.13144159555364687,0.9444345270431289,0.8056663737639448,0.1949340735345225,0.5191191424738107
38,high,9,18,0.16038149257224374,0.9638937259212862,0.8136555988196018,0.3550557175026784,0.5732466337039525
38,high,10,20,0.5177493616696341,0.8759222881876736,0.5850786130200811,0.9947367382921287,0.7433717502923795
38,high,11,22,0.17195093491715369,0.5740740870523275,0.44304737222699564,0.9751940674201971,0.5410666154041686
38,high,12,24,0.12165896387368842,0.69272731381585,0.3166696358373286,0.9861783903347979,0.5293085759654163
38,high,13,26,0.23806842599734482,0.6688257334815046,0.3518307267401749,0.9038721555409482,0.5406492604399932
38,high,14,28,0.07309838278834736,0.723198623634579,0.5044326925944111,0.9692246670071017,0.5674885915061098
38,high,15,30,0.0346233353962694,0.7314308559826197,0.3872927494275651,0.8237859787022027,0.4942832298771642
38,high,16,32,0.44631906614650774,0.5925582907900174,0.9304234190005369,0.43220532670530065,0.6003765256605906
38,high,17,34,0.08784662997398064,0.5024400643517604,0.7993438096243239,0.7784546566556502,0.5420212901514287
38,high,18,36,0.07632899623935153,0.4805192211599205,0.556693502484229,0.8992042331899311,0.503186488268358
38,high,19,38,0.02043188794281839,0.5560413417339055,0.11961286567707605,0.9617610843032717,0.41446179491426793
38,high,20,40,0.07090901189764882,0.583834896330749,0.5605615895944005,0.8601994497004807,0.5188762368808197
38,high,21,42,0.026550551227642657,0.5127949186854731,0.4466799305704846,0.9944786519402499,0.49512601310596255
38,high,22,44,0.12718818367432858,0.7300723335063121,0.565903328316575,0.9617595453832645,0.59623084772012
38,high,23,46,0.4750914477588924,0.41444360399349944,0.11037094587952717,0.4895037679718185,0.3723524414009344
38,high,24,48,0.5501411546956901,0.41198080805844484,0.5628703950829133,0.663359954582531,0.5470880781048948
38,high,25,50,0.22437635342783238,0.6835312272291885,0.2714189611531047,0.7635950373247602,0.48573039478372143
38,high,26,52,0.04307027939920361,0.37281450755107076,0.518673690916351,0.9226941333127483,0.4643131527948434
38,high,27,54,0.008846590920663519,0.49473650516825607,0.44738597279937325,0.9975273768433653,0.48712411143291456
38,high,28,56,0.07921440642580861,0.4071783265644585,0.699733699136975,0.8650765767830265,0.5128007522275672
38,high,29,58,0.17156908181387012,0.28936874248815536,0.22221402814742325,0.596659323810775,0.31995279406505595
38,high,30,60,0.21824024383338333,0.367845010917385,0.22472540436927183,0.6920865889880714,0.3757243120270279
38,high,31,62,0.021874882801331662,0.31764767689521584,0.28195083579711727,0.976071217225151,0.39938615317970394
38,high,32,64,0.015610744267762102,0.3065872264522087,0.7368057840477578,0.9853377963684594,0.511085387784047
38,high,33,66,0.0024726231566347743,0.5035266148015409,0.8534019560795139,0.9975273768433653,0.5892321427202637
38,high,34,68,0.10888296261365753,0.5504752192109013,0.5389962594276109,0.8824775774127036,0.5202080046662183
38,high,35,70,0.061359042908807074,0.1807225067278555,0.6847732914171969,0.4525870243702996,0.3448604663560398
38,high,36,72,0.031455531423947976,0.41994378489192713,0.39149801784466304,0.4140632445967367,0.3142401446893187
38,high,37,74,0.5580492379205085,0.5107230709027493,0.7110361387091343,0.8099136207935524,0.6474305170814861
38,high,38,76,0.12323760700034365,0.4434262779789069,0.5219697820843179,0.9877053923887711,0.519084764863085
38,high,39,78,0.06260689807382956,0.3163192990014313,0.15812801492543815,0.9942707556186426,0.3828312419048354
38,high,40,80,0.6378529352165998,0.29807449802144675,0.03749956763019502,0.6147503135211407,0.39704432859734556
38,high,41,82,0.16606629440598042,0.30057623067074235,0.8313863118103674,0.9652202822425903,0.5658122797824201
38,high,42,84,0.10414442179017465,0.5597095159332021,0.34674896149452195,0.9943637962387059,0.5012416738641512
38,high,43,86,0.1436188546093497,0.6665843298443503,0.18813079414802084,0.9635883121785533,0.49048057269506856
38,high,44,88,0.20224788176155964,0.6493533104631213,0.48907929423743157,0.9278769807591263,0.5671393668053097
38,high,45,90,0.34898423114260885,0.3266271929051222,0.4816055407984492,0.6616501646982339,0.4547167823861036
38,high,46,92,0.6352345233065315,0.954442674308288,0.46794250085455213,0.3445065393697334,0.6005315594597763
38,high,47,94,0.24208403225559624,0.8353017625198863,0.34861408271163,0.3643386482046965,0.44758463142295224
38,high,48,96,0.9161669331851,0.9445977778169464,0.6102740835689282,0.8808857734932337,0.837981142016052
38,high,49,98,0.3372175837659116,0.9441696061298912,0.045294086579258055,0.9969024047168514,0.5808959202979781
38,high,50,100,0.19150435912468228,0.610542682937338,0.33538985790219455,0.9636342818897102,0.5252677954634812
38,high,51,102,0.7115999867274417,0.9909522443288685,0.5269592603977169,0.928235468119467,0.7894367398933736
38,high,52,104,0.789639460421175,0.9901308017209557,0.7609827056106565,0.866098317573976,0.8517128213316908
38,high,53,106,0.16275398519223824,0.4661057816604098,0.5110077613050882,0.9267732158479605,0.5166601860014242
38,high,54,108,0.2123447296139475,0.4286645306473477,0.38275642569427737,0.7918335149791204,0.45389980023367327
38,high,55,110,0.36565726183024877,0.35871745270990224,0.45931641876073015,0.6931362560129373,0.4692068473284546
38,high,56,112,0.34925394710405694,0.5096450730884035,0.7428940263683239,0.5184974621770594,0.5300726271844609
38,high,57,114,0.248007106917289,0.9141462779657445,0.5204571397003609,0.49884524083993353,0.545363941355832
38,high,58,116,0.8087155025230593,0.941431432933774,0.6449165061452292,0.9820548764816979,0.8442795795209401
38,high,59,118,0.6658517666020598,0.3705799451510819,0.6961559103017682,0.9940397744503101,0.681656849126305
38,high,60,120,0.42700210590438403,0.19120558351776726,0.7338748432631114,0.968397121598346,0.5801199135709022
38,high,61,122,0.7000602820336995,0.24350883473173146,0.3514962321615943,0.6499512566494531,0.48625415139411954
38,high,62,124,0.507199704619777,0.6791282970039468,0.47462064884893285,0.9184425399851771,0.6448477976144584
38,high,63,126,0.41851706496364993,0.517577603150307,0.861932543777286,0.9908677213937179,0.6972237333212402
38,high,64,128,0.29305636888531333,0.47846889860280944,0.66737244713456,0.9800106907056236,0.6047271013320765
38,high,65,130,0.43576571651987245,0.5555904719323307,0.7606403741437177,0.9104841307769744,0.6656201733432238
38,high,66,132,0.5883286144041018,0.3855697691279236,0.40611036601420913,0.9518924024521987,0.5829752879996083
38,high,67,134,0.46877370607358454,0.4044271188445778,0.33708736076201956,0.9608913196979587,0.5427948763445352
38,high,68,136,0.2973727082053685,0.5096718761610016,0.3294365248028868,0.9810637517582108,0.5293862152318669
38,high,69,138,0.6449804450758756,0.3962596844412934,0.10196624775748259,0.9440560885460056,0.5218156164551643
38,high,70,140,0.7470762554395384,0.5343659856693601,0.12510337208596026,0.721355137185932,0.5319751875951977
38,high,71,142,0.21897922263854505,0.5888432515758276,0.41996718913137787,0.9829741816667492,0.552690961253125
38,high,72,144,0.15911060986247777,0.4694876379552773,0.35477053740007436,0.94066784043093,0.4810091564121899
38,high,73,146,0.2774264632291325,0.39720336181034177,0.734636732607993,0.798333068056561,0.5518999064260071
39,rest,0,0,0.7275937903960261,0.6678308705682616,0.27365739419575935,0.5816631510196654,0.5626863015449282
39,rest,1,2,0.4969378388748268,0.7269464446598741,0.8286784648564619,0.6172766523710197,0.6674598501905457
39,rest,2,4,0.7103687038791638,0.5514508037187712,0.5093276027653062,0.4192294634867988,0.54759414346251
39,rest,3,6,0.7783062231429403,0.5541982140706284,0.4616337238961533,0.41968215108602447,0.5534550780489366
39,rest,4,8,0.6676967031785171,0.7150020997166373,0.337108440249456,0.7324416249883404,0.6130622170332377
39,rest,5,10,0.6143480779437878,0.5961860438440567,0.2748034733170608,0.6379140774720452,0.5308129181442376
39,rest,6,12,0.5118633379682899,0.5283963978483848,0.7383473231649743,0.4711769592497163,0.5624460045578413
39,rest,7,14,0.5600849697101757,0.7253103444713465,0.26280643081820093,0.5384843377442242,0.5216715206859869
39,rest,8,16,0.46038670909490087,0.951950309496964,0.33514944994769796,0.5687929048092869,0.5790698433372125
39,rest,9,18,0.5308508443303012,0.623795511401145,0.6914455232385652,0.45249227625282534,0.5746460388057092
39,rest,10,20,0.37163879171020864,0.8504314839352785,0.7809961456907185,0.6436379998471209,0.6616761052958315
39,rest,11,22,0.5238189176883178,0.9029796640907618,0.8286431008862227,0.7250052034723375,0.74511172153441
39,rest,12,24,0.29708605497620255,0.6352594748167192,0.4168794953983154,0.7406724059909393,0.5224743577955442
39,rest,13,26,0.16062204805651847,0.5969224132671386,0.35905527230575585,0.7681986082261506,0.47119958546389085
39,rest,14,28,0.1918038111368213,0.34390119685236603,0.4257404873184816,0.7708397361302427,0.4330713078594779
39,rest,15,30,0.5797739169685074,0.3413897379052084,0.48867839020725123,0.3375231585783595,0.4368413009148317
39,rest,16,32,0.732878772745484,0.8747550063956689,0.7372710082884901,0.3709737198248372,0.67896962681362
39,rest,17,34,0.8360734513902334,0.6298560606666477,0.14382043181827836,0.24959548169090767,0.4648363563915167
39,rest,18,36,0.7899959383423308,0.6946129568399291,0.2304075826910257,0.24283511743226846,0.48946289882638855
39,rest,19,38,0.5365252831599313,0.788422768923892,0.29336367181048695,0.4228275632913535,0.5102848217964159
39,rest,20,40,0.513642847123186,0.6979636688553995,0.2141490537898698,0.5122738860998552,0.4845073639670776
39,rest,21,42,0.5650185670626531,0.2445070082958582,0.5439671901828841,0.4442050681286591,0.4494244584175136
39,rest,22,44,0.27252391675179516,0.34203263752516727,0.5099176352732222,0.679339117109816,0.45095332666500015
39,rest,23,46,0.3549950181433238,0.6064033581766513,0.25771543782081463,0.7159173047874883,0.48375777973206946
39,rest,24,48,0.6859201315283495,0.8675713782125023,0.5874251304876712,0.32123947180139933,0.6155390280074806
39,rest,25,50,0.4350925743805139,0.703293778211507,0.6030942511876295,0.4017587185777454,0.535809830589349
39,rest,26,52,0.5987898592785497,0.6272601634055467,0.6232736560807547,0.33279108270521895,0.5455286903675175
39,rest,27,54,0.657279833794483,0.2627698429369684,0.3851588634021007,0.2861321233436008,0.3978351658692882
39,rest,28,56,0.668624833115303,0.2597340336452267,0.5827937655890831,0.3175719706921584,0.4571811507604428
39,rest,29,58,0.5493058202646715,0.33494889432678465,0.31812743851693887,0.47005550249024636,0.41810941389966033
39,rest,30,60,0.8003316876066845,0.42236885893149034,0.45727754705605367,0.27968162842059946,0.489914930503707
39,rest,31,62,0.7845658895588966,0.6407677024032514,0.5974824189790154,0.3181868758773021,0.5852507217046163
39,rest,32,64,0.7231411126452232,0.5265870671675397,0.1843210868002409,0.3338953616187687,0.44198615705794314
39,rest,33,66,0.5732800958679112,0.3575354164484888,0.6074842782972794,0.33667891181024284,0.46874467560598054
39,rest,34,68,0.4909215026681938,0.5861076581135019,0.5778745470907792,0.38068908021617365,0.5088981970221621
39,rest,35,70,0.672941917838801,0.7144857322682353,0.35716777879756395,0.30062598212623415,0.5113053527577086
39,rest,36,72,0.5270700151375138,0.1721201677520363,0.8583477114226947,0.26871913678644166,0.45656425777467163
39,rest,37,74,0.5553568903235275,0.30247855082557773,0.1750169312714698,0.30779622281261737,0.33516214880829814
39,rest,38,76,0.8922413675674857,0.3266116069097094,0.662124196095418,0.36085010874334356,0.5604568198289892
39,rest,39,78,0.9454810188510686,0.6167918964195841,0.7117773911127955,0.44269261668615156,0.6791857307674
39,rest,40,80,0.28540146468534866,0.47341293283246033,0.5650306787071444,0.4788762106337827,0.45068032171468403
39,rest,41,82,0.1744234056653081,0.1722156123320648,0.622086113888193,0.7533598890922835,0.43052125524446233
39,rest,42,84,0.8537813375147174,0.7116148683043708,0.30557198704525085,0.617341873985482,0.6220775167124553
39,rest,43,86,0.6702020325545618,0.8738518001061694,0.455179689529682,0.6212019089505002,0.6551088577852283
39,rest,44,88,0.5011373558441664,0.6725812124728401,0.8768618045319467,0.7646183572633682,0.7037996825280803
39,rest,45,90,0.2957278109328214,0.5680352957784911,0.5033126914682815,0.6337438998811327,0.5002049245151816
39,rest,46,92,0.21896595495289492,0.6250239633193411,0.654058504226643,0.8736684592748162,0.5929292204434238
39,rest,47,94,0.3735020289606032,0.535080740426425,0.3505517334294954,0.6625391270040184,0.4804184074551355
39,rest,48,96,0.27347806540866254,0.5271685712183608,0.6476003649353613,0.8760056994770362,0.5810631752598552
39,rest,49,98,0.4690559784484768,0.29401824569624974,0.8834679285363735,0.6647945638243901,0.5778341791263725
39,rest,50,100,0.20955949569296164,0.28017832609000465,0.49668730853171844,0.8806977157534016,0.4667807115170216
39,rest,51,102,0.3486253490530328,0.5690622891904383,0.28662720745613385,0.703967561889467,0.47707060189726797
39,rest,52,104,0.5798240813891055,0.34004457193672144,0.6423385218267568,0.45787567501977056,0.5050207125430886
39,rest,53,106,0.2923523554806861,0.4109879148827434,0.36536913839447255,0.7180069185724258,0.446679081832582
39,rest,54,108,0.11642503347661605,0.6089102135264092,0.49140822369557835,0.7523646943652447,0.49227704126596206
39,rest,55,110,0.12425869966104461,0.46001423979013994,0.6300726031598352,0.8049255097346893,0.5048177630864272
39,rest,56,112,0.2455285978031161,0.40796741293527916,0.7153885728398338,0.6358463319711064,0.5011827288873338
39,rest,57,114,0.19934675194138637,0.4656820009164333,0.42962614731510584,0.6844108043367513,0.44476642612741923
39,rest,58,116,0.23110233982671105,0.38396625787229516,0.33034157093707756,0.5523990038337684,0.3744522931174631
39,rest,59,118,0.40811411066684866,0.09171764416155684,0.5115312790022791,0.3432134864943395,0.33864413008125605
39,rest,60,120,0.4988626441558337,0.3964419996928616,0.7673767358615163,0.3930099384679241,0.5139228295445339
39,rest,61,122,0.458502072215,0.4281094477730644,0.9665402092396769,0.41703645121812155,0.5675470451114657
39,rest,62,124,0.5357135091765868,0.2830465046545444,0.6730541459672276,0.4842507683731788,0.49401623204288436
39,rest,63,126,0.47842675707909743,0.2901484357348626,0.7672660289254319,0.33186694824769436,0.4669270424967716
39,rest,64,128,0.15948121530509227,0.26326130711299,0.3019509138565883,0.6921452229405788,0.35420966480381233
39,rest,65,130,0.1607109528276301,0.11153617394414846,0.23975269686173808,0.8659188057850916,0.344479657354652
39,rest,66,132,0.5225418233495368,0.08670210778931779,0.5050515154847128,0.2932975040032161,0.3518982376566958
39,rest,67,134,0.49426461230815555,0.13017033810361864,0.6639361919653664,0.41397631791759065,0.42558686507368276
39,rest,68,136,0.3634142401426696,0.2906337545667664,0.33126695490965513,0.5961359282332391,0.39536271946308255
39,rest,69,138,0.354967054511774,0.23484434153957967,0.15750199799875625,0.4877261139001448,0.3087598769875637
39,rest,70,140,0.5070294937986412,0.43282487162903294,0.3247598263307549,0.30046590293899245,0.39127002367435537
39,rest,71,142,0.21081839245032352,0.3421022501205952,0.560163162956196,0.6491254792566357,0.4405523211959376
39,rest,72,144,0.26338932162897444,0.33312472690621703,0.45366717315133187,0.5644730678345553,0.4036635723802696
39,rest,73,146,0.3810005316609431,0.38062598119522684,0.41235069713851513,0.5970217120674568,0.44274973051553546
39,high,0,0,0.49692081944951727,0.15402570516936248,0.570238613694164,0.6454337272253806,0.4666547163846061
39,high,1,2,0.512911602955266,0.2371964669913247,0.5683549806048586,0.5318894408198734,0.4625881228428307
39,high,2,4,0.12087308868833678,0.6270460533827151,0.5639313770884994,0.7493771550542448,0.515306918553449
39,high,3,6,0.0750675842149295,0.49577982946932087,0.49410276943566206,0.7874202468520297,0.46309260749298553
39,high,4,8,0.34573581230461836,0.34253561088185425,0.39732655196315453,0.4926330158232268,0.3945577477432135
39,high,5,10,0.418242914850918,0.36449491632312825,0.553983128699534,0.49406347095638986,0.4576961077074925
39,high,6,12,0.3490184759122225,0.3268451582409798,0.3509368186032484,0.47301798996878874,0.37495461068130986
39,high,7,14,0.18786310210369597,0.313148027377112,0.7128645033940034,0.7791807622890969,0.4982640987909771
39,high,8,16,0.40383615051097654,0.20377039736704458,0.9300748809151346,0.6374066849727621,0.5437720284414794
39,high,9,18,0.43222202016406464,0.23729849439499764,0.5431542607354926,0.543941022824317,0.439153949529718
39,high,10,20,0.6180513062979236,0.3380957858613238,0.4735809207813193,0.5294377896493407,0.48979145064747687
39,high,11,22,0.3054607376244851,0.48368491906201067,0.703454312805036,0.7020930137913743,0.5486732458207265
39,high,12,24,0.2846145729138607,0.159034740327224,0.21301694289034342,0.8340897661802021,0.3726890055779076
39,high,13,26,0.11144384831343088,0.43709941538240454,0.9307700736232195,0.9630357600838858,0.6105872743507351
39,high,14,28,0.14080422848803853,0.3107722764869374,0.8384277787204647,0.7615455445883874,0.512887457070957
39,high,15,30,0.30352624568654135,0.19545540419462684,0.533399563992169,0.7203540995536167,0.4381838283567385
39,high,16,32,0.281637024320813,0.9456050478061979,0.8961247805632456,0.3607856204960134,0.6210381182965675
39,high,17,34,0.16769218750841275,0.9284898960789105,0.8165675070344732,0.3249135338489348,0.5594157811176829
39,high,18,36,0.130130972132558,0.9313526614097669,0.9059227674607429,0.35219370652245086,0.5799000268813796
39,high,19,38,0.17533012995455474,0.9099863294440166,0.8582049471867877,0.3595872875537359,0.5757771735347738
39,high,20,40,0.7710377651622062,0.28555502986110776,0.2897197418033737,0.5229523056319252,0.4673162106146532
39,high,21,42,0.09893952905508037,0.6703537383142372,0.9821999024636324,0.6564520046642276,0.6019862936242943
39,high,22,44,0.0795737604968342,0.675892400474041,0.9686868512550753,0.7260684393314151,0.6125553628893413
39,high,23,46,0.708830857266639,0.20965317001969133,0.5911845998669899,0.4827538234525959,0.498105612651479
39,high,24,48,0.7478235385456296,0.4536916610030693,0.20562379418950144,0.46722567715313756,0.46859116772283443
39,high,25,50,0.5583330330794292,0.2359998541502566,0.4566127141726068,0.4823802286699557,0.43333145751806207
39,high,26,52,0.2912020366260915,0.38950549493830333,0.25487170847231344,0.808572870378247,0.43603802760373883
39,high,27,54,0.4575618816486758,0.24279727470894905,0.4141577040714553,0.7569172610546815,0.4678585303709404
39,high,28,56,0.548319876384804,0.32248815637694556,0.6827371511934088,0.49949685154333334,0.5132605088746229
39,high,29,58,0.539601612976109,0.23549571214661127,0.6885633013529431,0.381378407910624,0.4612597585965718
39,high,30,60,0.47952014029938356,0.3266146277631886,0.23470421748175457,0.4594230822438922,0.37506551694705476
39,high,31,62,0.577602596650483,0.5484940655546332,0.2565521895916138,0.4001301174164324,0.4456947423032906
39,high,32,64,0.8188543272261105,0.5738673157818905,0.34668608885947977,0.3069100043081084,0.5115794340438973
39,high,33,66,0.8012345842078404,0.5829722433431406,0.33461265800708584,0.3381810763205084,0.5142501404696438
39,high,34,68,0.5019079120328959,0.2815858937876131,0.5280067598968157,0.508619142698034,0.45502992710383966
39,high,35,70,0.39637914854697537,0.42134798729005374,0.47464668505899893,0.633239875591156,0.48140342412179604
39,high,36,72,0.4069111813876038,0.6211710620676225,0.518938112860321,0.6376624521761056,0.5461707021229132
39,high,37,74,0.39658350392043235,0.3546163004045897,0.6850774749302105,0.4964734677049099,0.48318768674003565
39,high,38,76,0.5319067776727212,0.24801277555954707,0.3735488373429326,0.4963033783876594,0.41244294224071504
39,high,39,78,0.25818068829911156,0.3828465434465638,0.37624549300153715,0.7233000325350327,0.4351431893205613
39,high,40,80,0.42852786770588275,0.3433486472365169,0.7537779418979951,0.48749662195478893,0.5032877696987959
39,high,41,82,0.7002652631410339,0.33213016062724504,0.20645436512359677,0.4013818731259074,0.41005791550444576
39,high,42,84,0.5367712768287551,0.4611356451434175,0.3010963366103513,0.5749771866161987,0.4684951112996806
39,high,43,86,0.6674479545436274,0.3357719497792085,0.15431091414480477,0.36297741750682105,0.3801270589936154
39,high,44,88,0.6977386575780978,0.38741068207540735,0.40668759711078273,0.3863928689159233,0.46955745142005284
39,high,45,90,0.45199628994594754,0.35003494261806156,0.18048970293963595,0.7231816756996264,0.4264256528008179
39,high,46,92,0.3200934682783983,0.36886175411185546,0.4886671245086278,0.7179966765125633,0.4739047558528612
39,high,47,94,0.28024422081253614,0.23768534521445758,0.7810394749356291,0.6469374481631308,0.4864766222814384
39,high,48,96,0.2634666339403372,0.19470986962206607,0.7374283285273936,0.7120629636070964,0.4769169489242233
39,high,49,98,0.11087969012716424,0.4269071892025816,0.5689000468469498,0.8916664693589238,0.49958834888390485
39,high,50,100,0.17054596446178916,0.6452775382844723,0.42208683302787686,0.8855167422693571,0.5308567695108739
39,high,51,102,0.2972199018590134,0.503741467635061,0.5054862496498558,0.8006824335247639,0.5267825131671735
39,high,52,104,0.4446161427146093,0.2523787191960585,0.6525288471136484,0.5150843786736511,0.4661520219244918
39,high,53,106,0.233038148671036,0.24375129609413376,0.35769390192323,0.8003694254660588,0.40871319303861464
39,high,54,108,0.40420654543418044,0.5807956567916323,0.2580329835192374,0.7468949736456506,0.4974825398476752
39,high,55,110,0.2557034304588187,0.6580529769034844,0.4966589531808373,0.9284617702171984,0.5847192826900847
39,high,56,112,0.5888527685512945,0.23232322045568304,0.5787662648206708,0.6582723399364334,0.5145536484410205
39,high,57,114,0.6060295195050971,0.33229858535574924,0.6131220480514824,0.6353942789738481,0.5467111079715442
39,high,58,116,0.7174578967563963,0.2291919646944117,0.773799098686506,0.47913630209476654,0.5498963155580201
39,high,59,118,0.5836069580503548,0.2723903957848047,0.3938412768023912,0.5333024994821546,0.44578528252992633
39,high,60,120,0.6722618614804788,0.3239983004810234,0.11688745749924419,0.37322897686674505,0.3715941490818728
39,high,61,122,0.8943379787131419,0.4219074548562955,0.5630754592987968,0.25602656835090065,0.5338368653047837
39,high,62,124,0.6890669832729908,0.2584010167183089,0.3448740662598044,0.44091653960599886,0.4333146514642757
39,high,63,126,0.607001291945768,0.23625842052025056,0.6559659869263081,0.49282435689954013,0.4980125140729667
39,high,64,128,0.6567817786847857,0.2830667114357225,0.6041603000520878,0.53205006365762,0.519014713457554
39,high,65,130,0.2081913579022947,0.3305445707832474,0.528101694371449,0.7727002537865106,0.45988446921087545
39,high,66,132,0.15975248389793428,0.16496135758631966,0.5519274614225953,0.7807672532591532,0.4143521390415006
39,high,67,134,0.36614741342665585,0.2713030749278075,0.3942641371080768,0.5850575327996982,0.40419303956555963
39,high,68,136,0.546521381413257,0.30357044722759874,0.7645805406371149,0.5220586635045131,0.5341827581956209
39,high,69,138,0.48207827830762595,0.33706415511545246,0.36363800609561964,0.6581927305237125,0.46024329251060264
39,high,70,140,0.3031586538520249,0.13487744689699,0.2525132564789953,0.9372122023635048,0.40694038989787873
39,high,71,142,0.2037999852171686,0.32004338033199714,0.5791645320827693,0.9222923847722353,0.5063250706010426
39,high,72,144,0.44195259513678437,0.4808995696384238,0.5771138381724803,0.6557185560886951,0.5389211397590958
39,high,73,146,0.8670165270582333,0.21103385718489281,0.7165993672148686,0.31407945047298075,0.5271823004827438
40,rest,0,0,0.6370423530701267,0.9947728193687291,0.4942404698314442,0.40970099170317403,0.6339391584933686
40,rest,1,2,0.5638908583096931,0.40957923311323924,0.3242145979044897,0.24026004027806394,0.3844861824013715
40,rest,2,4,0.7433643215653261,0.6080310301091507,0.5569687334612663,0.3330125485068594,0.5603441584106507
40,rest,3,6,0.6356373756004229,0.6486300331721003,0.3286026279436469,0.34443473756326687,0.48932619356985924
40,rest,4,8,0.518883000834563,0.5504022630078721,0.5659832252890702,0.29454023983742306,0.4824521822422321
40,rest,5,10,0.4735459956103753,0.22012691943358054,0.6041903591372815,0.8179783199856324,0.5289603985417174
40,rest,6,12,0.47787466223450475,0.5815868220816173,0.7479867328888231,0.9968518355981323,0.7010750132007694
40,rest,7,14,0.6907316997970537,0.49039800371809783,0.8316712521536803,0.9687670495013981,0.7453920012925576
40,rest,8,16,0.5811441821454603,0.8064083060276606,0.27005575243133195,0.9240344884478972,0.6454106822630875
40,rest,9,18,0.671631657044611,0.6365565250815548,0.27120396647964096,0.455235563503225,0.5086569280272579
40,rest,10,20,0.8392364947912184,0.4823854970477734,0.4689159989591525,0.5060498092598497,0.5741469500144984
40,rest,11,22,0.9246517063355514,0.7134835059334684,0.6358668749623497,0.8063114727177155,0.7700783899872713
40,rest,12,24,0.8086400051584282,0.33185035484999675,0.5061966493219048,0.4536484183212746,0.525083856912901
40,rest,13,26,0.5578448690783421,0.5814703823908167,0.7690939463705426,0.42597137523769785,0.5835951432693498
40,rest,14,28,0.519959410502588,0.5784211323172767,0.5899656605677716,0.7741934491516302,0.6156349131348167
40,rest,15,30,0.6507422076220861,0.35467680290222203,0.2561172105611902,0.5422778530496164,0.4509535185337787
40,rest,16,32,0.32943141260704945,0.20422503679253373,0.3657037244317345,0.3897508813905287,0.3222777638054616
40,rest,17,34,0.42047638429388495,0.10166781677332704,0.45739775220161405,0.2767551512803212,0.3140742761372868
40,rest,18,36,0.5666508311164594,0.4919416510221363,0.3451373766601514,0.303269327034264,0.42674979645825273
40,rest,19,38,0.25171319117627294,0.42505272894599544,0.33548881927864405,0.46036845187114034,0.3681557978180132
40,rest,20,40,0.4700528363447381,0.39527342588334075,0.48549405470248846,0.35137845025362424,0.42554969179604785
40,rest,21,42,0.5705592140704854,0.3551620898356213,0.27790532264323253,0.6628699034356125,0.46662413249623796
40,rest,22,44,0.6231420945717675,0.28645819607150624,0.7539661814032019,0.3717537920584217,0.5088300660262243
40,rest,23,46,0.5245509645777156,0.23338356965799506,0.19308283404648255,0.2669058784888817,0.30448081169276875
40,rest,24,48,0.7454609767874445,0.6507637018432789,0.3395010609865943,0.6489779201434563,0.5961759149401935
40,rest,25,50,0.5893133374200484,0.4141842165435515,0.7627808283728541,0.6597866568170467,0.6065162597883752
40,rest,26,52,0.6343588189660059,0.4792714775382927,0.44158720404554497,0.6500375689953767,0.5513137673863051
40,rest,27,54,0.3605081526063164,0.5080583489778637,0.7406890742931639,0.8595659454163559,0.617205380323425
40,rest,28,56,0.3923094468275584,0.3999331179119362,0.1595889898528865,0.6039033858327664,0.38893373510628687
40,rest,29,58,0.3576633222253843,0.2307066442484435,0.6771461660344239,0.5894432331860902,0.4637398414235855
40,rest,30,60,0.18659564433715334,0.8304762579083995,0.7786993540129754,0.7566443191861614,0.6381038938611724
40,rest,31,62,0.308620966453599,0.3876558843768148,0.4391534491392775,0.3136815046368874,0.36227795115164463
40,rest,32,64,0.37352056985513415,0.4612679174439521,0.17866259717879107,0.7279525767571624,0.43535091530875997
40,rest,33,66,0.6853647216113968,0.42986844829495197,0.8281163591254704,0.7819986459370633,0.6813370437422206
40,rest,34,68,0.6501355687506954,0.3110465948974293,0.922077697816511,0.49395019074015045,0.5943025130511965
40,rest,35,70,0.08068838277604712,0.46612542354584635,0.44875332104777027,0.7554704212336475,0.43775938715082785
40,rest,36,72,0.5009240953708883,0.48633968925643056,0.6520384457399521,0.4742498826071181,0.5283880282435972
40,rest,37,74,0.26587176029004506,0.7887510910764104,0.2701929037417463,0.30904766896612285,0.40846585601858115
40,rest,38,76,0.20467980138436673,0.13270975016867126,0.5909472923122076,0.5064195881094071,0.35868910799366316
40,rest,39,78,0.14490624039094885,0.2000373143216577,0.3109794955852727,0.3579700456870589,0.25347327399623454
40,rest,40,80,0.05549410776582552,0.9919326886891472,0.6010188964625167,0.2596188805233682,0.47701614336021436
40,rest,41,82,0.2620732156322891,0.9956127835272898,0.8307448310554704,0.541777501722551,0.6575520829844002
40,rest,42,84,0.5657486000310196,0.8283562461992109,0.691437789287924,0.9909203946157353,0.7691157575334724
40,rest,43,86,0.22559706475472577,0.7321407585322951,0.8642632778926094,0.91716619162452,0.6847918232010375
40,rest,44,88,0.11031383234938287,0.6187693295276747,0.692477789108953,0.6272817297090314,0.5122106701737605
40,rest,45,90,0.4553306026082595,0.9644199053130866,0.3819836364402125,0.619809260379347,0.6053858511852264
40,rest,46,92,0.6170376553349948,0.8848144863523665,0.4296209906653998,0.22490108483025925,0.5390935542957551
40,rest,47,94,0.29179614840623846,0.9486245643790778,0.5678932727827836,0.5309562595474611,0.5848175612788903
40,rest,48,96,0.2811461929461241,0.7269937402016394,0.18063187151198856,0.6549031999537858,0.46091875115338443
40,rest,49,98,0.046724798484718257,0.7950332698111716,0.9017008014477444,0.39093214905158724,0.5335977546988054
40,rest,50,100,0.03678720034419732,0.8335566321372162,0.41575435930106897,0.22245537495637172,0.3771383916847136
40,rest,51,102,0.32897680827669157,0.54950983922057,0.38681985812241343,0.31800186976246414,0.3958270938455347
40,rest,52,104,0.1467846400336355,0.9359990371864267,0.834509476764743,0.2131340019285045,0.5326067889783275
40,rest,53,106,0.11650371597582719,0.9575155579951284,0.6289921312572668,0.26959454750831935,0.49315148818413546
40,rest,54,108,0.08953071961104554,0.7540256908319346,0.5692359924333481,0.3378541241024315,0.43766163174468997
40,rest,55,110,0.49907590462911167,0.6122717310802085,0.7589406691699186,0.45192999326057187,0.5805545745349526
40,rest,56,112,0.6945357871935346,0.20029495505713274,0.9524159234883959,0.3130129730872621,0.5400649097065813
40,rest,57,114,0.8731452650267282,0.5712596128995892,0.8939445525888565,0.5635671705496413,0.7254791502662038
40,rest,58,116,0.7341720852565126,0.46983665227821886,0.5945630065950746,0.6484403874103817,0.6117530328850469
40,rest,59,118,0.6552552403483246,0.6568196759163226,0.6057754850277838,0.46080351971967265,0.5946634802530258
40,rest,60,120,0.6627769863999088,0.7812573019234428,0.3432554036481933,0.704259309673978,0.6228872504113807
40,rest,61,122,0.27064544014476105,0.7419065349541055,0.3798467784050061,0.8280328607936447,0.5551079035743793
40,rest,62,124,0.44543500370485567,0.47852193673894206,0.8765607578781621,0.8796299483719058,0.6700369116734665
40,rest,63,126,0.4027590728158423,0.08952401870395105,0.5644730757767601,0.3365310194043333,0.3483217966752217
40,rest,64,128,0.16954490909162737,0.07134339926427517,0.6357478429447687,0.30478165380933364,0.29535445127750126
40,rest,65,130,0.31388393605706044,0.261437129612701,0.3738790346058561,0.750486044213695,0.4249215361223281
40,rest,66,132,0.7068691756461319,0.38256756061528335,0.49427310545986364,0.3535917337031116,0.48432539385609763
40,rest,67,134,0.5862432235754883,0.31471741893120647,0.39417125533956676,0.6798772485240723,0.4937522865925834
40,rest,68,136,0.5262698746408043,0.21960668011373705,0.15653498749819894,0.6082813824423253,0.3776732311737664
40,rest,69,138,0.7951947306958885,0.2288452894319166,0.27549830012825044,0.43211791055972193,0.43291405770394437
40,rest,70,140,0.40637968313055056,0.5572118173470392,0.3596396223208322,0.7525253468859929,0.5189391174211038
40,rest,71,142,0.4517166809679527,0.6162256327234584,0.3306715424091515,0.38705117987015625,0.44641625899267967
40,rest,72,144,0.6622388782080681,0.5415251177808167,0.19547219688119052,0.6377993364583016,0.5092588823320943
40,rest,73,146,0.571202765093777,0.47540893423893443,0.5057268945401363,0.44276083151505413,0.4987748563469755
40,high,0,0,0.20289971766395043,0.28502270923108225,0.46269566348521357,0.4821970049054297,0.358203773821419
40,high,1,2,0.1932071526956384,0.48769602123863226,0.20371716710956958,0.9090024438841495,0.44840569623199744
40,high,2,4,0.39527428508504403,0.7623655906246701,0.20571988753966497,0.8840994507327945,0.5618648034955435
40,high,3,6,0.5345659324096538,0.34959370012218993,0.12749401915219838,0.74344349833051,0.43877428750363806
40,high,4,8,0.3329293578542077,0.47467676469259085,0.4153168897989035,0.4571517536314898,0.42001869149429794
40,high,5,10,0.17555135185888446,0.4568389640303039,0.9119966859121469,0.6447190048587521,0.5472765016650218
40,high,6,12,0.21183609246137244,0.39195245579684496,0.606570995025973,0.9658953255334723,0.5440637172044157
40,high,7,14,0.04391938263257001,0.19170647889547549,0.29576863624859406,0.9405714505366664,0.3679914870783265
40,high,8,16,0.05322774787047349,0.39236782375079854,0.19391937602107795,0.2395657436423554,0.21977017282117636
40,high,9,18,0.14486494440451242,0.25509378543589706,0.3403854165740001,0.5934181966130124,0.33344058575685553
40,high,10,20,0.28591240540765045,0.42701467106333785,0.17482871456761315,0.5648080034123437,0.36314094861273627
40,high,11,22,0.18227383155883864,0.2539055936991525,0.16311589081279226,0.9882149873915944,0.39687757586559447
40,high,12,24,0.3324675840986341,0.6596987580516634,0.816574224360828,0.9774542923079718,0.6965487147047743
40,high,13,26,0.7457983119319695,0.6863033664416148,0.3434733972536892,0.3582687914160997,0.5334609667608433
40,high,14,28,0.4248622672090851,0.566877660852767,0.7028288120739583,0.9828989404428184,0.6693669201446573
40,high,15,30,0.23497913045791916,0.203720830096519,0.8502476405445855,0.9723477802948318,0.5653238453484639
40,high,16,32,0.1242218222663776,0.3383713366787004,0.5343360675992419,0.21807311810230545,0.30375058616165634
40,high,17,34,0.119486108223011,0.5613514805314349,0.2131046805931067,0.6991782326202317,0.3982801254919461
40,high,18,36,0.2636292321928484,0.766876755822949,0.18781011944019324,0.4949245224014717,0.4283101574643656
40,high,19,38,0.10103651914126446,0.802012159974607,0.257110705204002,0.9253917191330199,0.5213877758632233
40,high,20,40,0.22719082219179967,0.9190710772070891,0.514791834985609,0.9633321864437345,0.6560964802070581
40,high,21,42,0.13982580747553675,0.6582934866947826,0.20439796878869082,0.8086948286894788,0.45280302291212227
40,high,22,44,0.23772873056864313,0.6535154690413855,0.08865170160083488,0.9526983196639176,0.48314855521869526
40,high,23,46,0.21233659966631652,0.5340509243364489,0.7364801793598181,0.7966988249183775,0.5698916320702403
40,high,24,48,0.16755646174794295,0.5500596119174213,0.16858953946499447,0.9975273768433653,0.470933247493431
40,high,25,50,0.6220215934110073,0.7043056506403591,0.37528371132825306,0.6628716583158282,0.5911206534238619
40,high,26,52,0.5891411392285595,0.48108325510735706,0.08660157778336251,0.7536543298909556,0.4776200755025586
40,high,27,54,0.262110564863643,0.2830910629813888,0.3116755757835283,0.8262937141031809,0.4207927294329352
40,high,28,56,0.16312409225626015,0.14975031166153946,0.7245288507127442,0.9133995145044908,0.4877006922837587
40,high,29,58,0.2118976136270968,0.2892259715882443,0.208914034665013,0.6371746961907684,0.3368030790177806
40,high,30,60,0.22847517890152283,0.4562586498122888,0.4713175079811232,0.3999405469461088,0.3889979709102609
40,high,31,62,0.014131914855618351,0.9975273768433653,0.9094407545809333,0.6990929707603868,0.655048254260076
40,high,32,64,0.009335507943065011,0.9975273768433653,0.3609384767796784,0.9761306326611764,0.5859829985568212
40,high,33,66,0.014236168103319655,0.5538895577517321,0.6275437564033696,0.9963572075932583,0.5480066724629199
40,high,34,68,0.06976673615902952,0.4310002009504482,0.35586889836056357,0.8377129398724403,0.4235871938356204
40,high,35,70,0.09507164388879061,0.5789915950929581,0.13390619998160938,0.5989670721911368,0.3517341277886237
40,high,36,72,0.19880553937749026,0.5074238644454233,0.6925215027424916,0.4715654849559563,0.46757909788034036
40,high,37,74,0.3052093284090852,0.4980430578392078,0.7525468465938598,0.26295831441673057,0.4546893868147208
40,high,38,76,0.1381715429103118,0.6135597666191563,0.31640811519499434,0.6967298923414323,0.4412173292664737
40,high,39,78,0.2669490896042298,0.4485693975451825,0.16224064191634505,0.983586344188573,0.4653363683135826
40,high,40,80,0.02369081547574753,0.7093201131257263,0.8521611182351032,0.951564406993318,0.6341841134574737
40,high,41,82,0.07514317100830759,0.5882052977000324,0.8537390204180916,0.8606163645505966,0.594425963419257
40,high,42,84,0.07459638922663347,0.42103858003240535,0.5127498241556308,0.4197480106077352,0.35703320100560115
40,high,43,86,0.16893873301307674,0.4247778283118857,0.30402086451934923,0.5083799904066523,0.351529354062741
40,high,44,88,0.12530790251749188,0.32414729749885407,0.5311232909629746,0.6049450330865299,0.3963808810164626
40,high,45,90,0.2419981882340376,0.5382535022280217,0.7578719891777423,0.7472031585096232,0.5713317095373562
40,high,46,92,0.17580246473272895,0.2529211742832808,0.7653340515220396,0.9783887454800839,0.5431116090045334
40,high,47,94,0.13806532806001456,0.5400832158158417,0.695484820694192,0.939745899460485,0.5783448160076333
40,high,48,96,0.06964267597570428,0.6518331015471189,0.48739902338424945,0.908662316483541,0.5293842793476534
40,high,49,98,0.26108158056868663,0.7848863471662072,0.46540906738070964,0.8736207034092136,0.5962494246312042
40,high,50,100,0.8016994549372766,0.715045068168083,0.7836299450793315,0.5288332339006728,0.707301925521341
40,high,51,102,0.13169007868765947,0.5291316615194576,0.5090189408404,0.8932236479378047,0.5157660822463305
40,high,52,104,0.24460860503023596,0.7898893694884098,0.678075664327331,0.5580445164529152,0.567654538824723
40,high,53,106,0.36952711115365006,0.24314004168700393,0.5301243222841336,0.6658971909183111,0.4521721665107747
40,high,54,108,0.2541891437834933,0.689519781880476,0.8012049258379444,0.9409247322540566,0.6714596459389925
40,high,55,110,0.1776079819423692,0.6049852210385506,0.3811484698983761,0.9075140987771382,0.5178139429141084
40,high,56,112,0.08374633514296385,0.6643594247311041,0.23446338513513784,0.8619307660082792,0.4611249777543712
40,high,57,114,0.16666073382108093,0.37980415890363994,0.21133764778508646,0.3785609759225205,0.28409087910808195
40,high,58,116,0.22524121243307643,0.6031215506520005,0.4471629086715649,0.38099526313921855,0.4141302337239651
40,high,59,118,0.5250074251941819,0.42735818797980735,0.5095709122982663,0.9196676546339987,0.5954010450265635
40,high,60,120,0.35313314945875235,0.3024520079736453,0.741744472053049,0.5594413872314534,0.48919275417922503
40,high,61,122,0.35712628079145875,0.22849848680844184,0.8475258486783903,0.816117552665972,0.5623170422360657
40,high,62,124,0.4963413883150346,0.7266346550479762,0.1593310256922107,0.9613232506656014,0.5859075799302057
40,high,63,126,0.34614644527983324,0.49808965485430096,0.5619889941683741,0.6997860213833298,0.5265027789214596
40,high,64,128,0.4558777622626526,0.40058346784226356,0.6523702576323066,0.810348900194444,0.5797950969829168
40,high,65,130,0.07706643592203588,0.41629765819967096,0.530584782174725,0.9105791935102278,0.48363201745166495
40,high,66,132,0.14761148112198838,0.5169551846432645,0.24254726518675127,0.8330681661244399,0.43504552426911103
40,high,67,134,0.1162676930457667,0.3993401444141777,0.4043083526611817,0.39256322912754643,0.32811985481216815
40,high,68,136,0.12264349593417001,0.6017331068331061,0.8802930902533952,0.997077920958253,0.650436903494731
40,high,69,138,0.12919117809557024,0.8736667841805894,0.4990444384735273,0.8064582705636638,0.5770901678283378
40,high,70,140,0.1541417903374246,0.3173767094979198,0.20401433800817223,0.6909135236187761,0.3416115903655732
40,high,71,142,0.01706086589723196,0.21023311723731913,0.6239592523586787,0.9887777181567045,0.46000773841248355
40,high,72,144,0.10640527592572263,0.3515731023751462,0.8682511822007246,0.806689929486689,0.5332298724970707
40,high,73,146,0.09194525993067904,0.5858732135675306,0.3592677917252025,0.6574288069763197,0.42362876804993294
41,rest,0,0,0.34604284611199015,0.6052877167248213,0.4531523893469079,0.8007479123314332,0.551307716128788
41,rest,1,2,0.34494517796818747,0.5352782775612576,0.22801363644640388,0.5723047838067917,0.4201354689456601
41,rest,2,4,0.6094144425619105,0.5041386535213613,0.5072080895571468,0.4714367397049399,0.5230494813363396
41,rest,3,6,0.49892228138718725,0.44418830619808014,0.3131047704251497,0.3058685450732273,0.3905209757709111
41,rest,4,8,0.4159060568883049,0.16802222967479638,0.4671814550480386,0.264719062417351,0.3289572010071227
41,rest,5,10,0.46755484523309093,0.37528985243457863,0.1898481693960981,0.5059654136021549,0.3846645701664806
41,rest,6,12,0.5010777186128127,0.3402332270741015,0.3711046997940777,0.4562399752926267,0.4171639051934046
41,rest,7,14,0.48021987011493095,0.5960355077821364,0.35425167243991135,0.26057701958287394,0.42277101747996315
41,rest,8,16,0.22415355260882924,0.3106909893496318,0.46095721426208763,0.6514603105205314,0.41181551668527006
41,rest,9,18,0.6125882134008045,0.7210198061713127,0.7804273909202307,0.7393397098650266,0.7133437800893436
41,rest,10,20,0.7491834698493158,0.447628887648968,0.5758447267270711,0.6907032724699306,0.6158400891738214
41,rest,11,22,0.4309562462704226,0.49586134647863866,0.3386055984567738,0.5921059418593859,0.46438228326630526
41,rest,12,24,0.43241747517391943,0.5892370733403789,0.8109801805499248,0.6601447735124089,0.623194875644158
41,rest,13,26,0.46687072279603553,0.4368656353757585,0.9107026394148379,0.6047528526070316,0.6047979625484159
41,rest,14,28,0.5553386790860468,0.17195040195136574,0.4581152668739638,0.4603363380485792,0.4114351714899889
41,rest,15,30,0.5389766239112379,0.2275695104944522,0.6513536977025407,0.5682990009130425,0.4965497082553183
41,rest,16,32,0.5683689365958309,0.901489686209683,0.5257463177492122,0.6303700919322409,0.6564937581217417
41,rest,17,34,0.29849156599408677,0.4833708489617986,0.5619351344016136,0.35382138562885995,0.4244047337465897
41,rest,18,36,0.1804637716197017,0.30428341355869953,0.6080502749051769,0.8273675313713351,0.4800412478637283
41,rest,19,38,0.3900991068070125,0.23309080178375716,0.5468657063967711,0.3585952502053274,0.382162716298217
41,rest,20,40,0.31800815350974665,0.7834259497395398,0.19902703501431435,0.45300566344823606,0.4383667004279592
41,rest,21,42,0.6337106695861123,0.465746111649872,0.4139828527793254,0.3678193427142433,0.4703147441823883
41,rest,22,44,0.5734830794857282,0.0999458115123459,0.21468649486681723,0.5452020839718934,0.3583293674591962
41,rest,23,46,0.4536971244312421,0.30050109718002344,0.3106661473111674,0.4650159853230857,0.38247008856137965
41,rest,24,48,0.5027844875983958,0.6417793324457925,0.2407357442533301,0.2522507726193263,0.4093875842292112
41,rest,25,50,0.49860020319270987,0.043655212424957415,0.4093791726588112,0.4233944780317975,0.343757266577069
41,rest,26,52,0.5984641171283124,0.25686272873218696,0.7071213216195008,0.3258948938847726,0.4720857653411932
41,rest,27,54,0.22282767589426317,0.41268674188885,0.3269841766852705,0.686613063029435,0.4122779143744547
41,rest,28,56,0.24054484270186516,0.3786744087029927,0.22741768105499544,0.5826470188945516,0.3573209878386012
41,rest,29,58,0.5534432745755884,0.665149833768033,0.2047355820574097,0.47444512903042774,0.4744434548578647
41,rest,30,60,0.5181461490547146,0.9110059774478501,0.4894143850848299,0.335136894000575,0.5634258513969923
41,rest,31,62,0.02701206485016884,0.9790540356324299,0.9538610330324194,0.2363128538612386,0.5490599968440641
41,rest,32,64,0.842971910465976,0.5953459669610909,0.3640448778631216,0.2639723627289476,0.516583779504784
41,rest,33,66,0.7897107452415366,0.519267529071674,0.4496197267940393,0.32457511691094365,0.5207932795045485
41,rest,34,68,0.350274703758536,0.6320126235642525,0.464193097837722,0.6969339597215066,0.5358535962205043
41,rest,35,70,0.7397091300038524,0.3804276631599353,0.34497602742168665,0.4045475843573202,0.4674151012356986
41,rest,36,72,0.704814709317637,0.40109071078027253,0.3064767885523003,0.36061412871334897,0.4432490843408897
41,rest,37,74,0.2681792361890734,0.30550218254185596,0.4693482406268197,0.465869361115617,0.3772247551183415
41,rest,38,76,0.32768736590390696,0.6064635124500831,0.3961899500451122,0.7958018321536869,0.5315356651381973
41,rest,39,78,0.6323122724080497,0.7067659714748923,0.511629603642731,0.4940345863978451,0.5861856084808795
41,rest,40,80,0.20474849120479904,0.578583275357002,0.8542423873294644,0.9148097672231423,0.6380959802786019
41,rest,41,82,0.6738036456609614,0.15527837216555396,0.588954359409743,0.39299042711152915,0.4527567010869469
41,rest,42,84,0.7372114929993024,0.6772703270813375,0.4825654094212098,0.44312862455670116,0.5850439635146377
41,rest,43,86,0.2888812287363966,0.5933880166322806,0.7740140545254073,0.787954591658324,0.6110594728881021
41,rest,44,88,0.2603590065160372,0.9391703131042825,0.7837886861122939,0.7471704572734716,0.6826221157515213
41,rest,45,90,0.7952546059735706,0.6009577855427711,0.7124877790543807,0.2525006566494642,0.5903002068050467
41,rest,46,92,0.6000869783319397,0.5329866934354247,0.7076805280017421,0.2917332504994047,0.5331218625671278
41,rest,47,94,0.15348481895059946,0.43706415390629316,0.6765853526927983,0.871575972884881,0.534677574608643
41,rest,48,96,0.21475044430247242,0.13676890757287097,0.19644725855220688,0.7652984991158207,0.32831627738584274
41,rest,49,98,0.4389455779636508,0.05425439801628706,0.3800746396953636,0.2965330744724056,0.29245192253692676
41,rest,50,100,0.2787746567746075,0.27762635997956997,0.8173219206425761,0.8847923091431007,0.5646288116349636
41,rest,51,102,0.6985950862812386,0.7936715835652247,0.5179460341948711,0.4627952227606162,0.6182519817004876
41,rest,52,104,0.7577713830665106,0.6943394703782549,0.7780961905589258,0.5538050135871433,0.6960030143977087
41,rest,53,106,0.30594361622750293,0.2952511027546936,0.728720243139164,0.7593998330968794,0.5223286988045599
41,rest,54,108,0.25803597511854026,0.8701498989454411,0.4607609110147615,0.9475219119905726,0.6341171742673288
41,rest,55,110,0.5960161713967669,0.8644917065250773,0.46501959365897766,0.38689854900970444,0.5781065051476316
41,rest,56,112,0.8049429640515383,0.5641105273444552,0.4927919104428532,0.24271472410377115,0.5261400314856545
41,rest,57,114,0.9325663091415008,0.6927575602838644,0.648260729076355,0.40342341423934136,0.6692520031852653
41,rest,58,116,0.5539235583921087,0.6873450372508216,0.8121011853225846,0.8598066727822572,0.7282941134369431
41,rest,59,118,0.4053932531252001,0.8596363256287858,0.6804804958273715,0.8334266569131179,0.6947341828736188
41,rest,60,120,0.7994008572665943,0.33076406439730394,0.3855576426363726,0.20385723140121045,0.4298949489253703
41,rest,61,122,0.51992481905846,0.4611365486689481,0.8632648228114823,0.5744097005100479,0.6046839727622346
41,rest,62,124,0.7633733834604682,0.7774848689686685,0.6571970117312221,0.23519902827630615,0.6083135731091663
41,rest,63,126,0.3301187346591325,0.38305426772489204,0.9167352367458469,0.924217971419107,0.6385315526372446
41,rest,64,128,0.5959552681322388,0.26425442282802264,0.8131242484344063,0.5174051161138554,0.5476847638771308
41,rest,65,130,0.7656044822383766,0.6598559516306152,0.26112956715487334,0.5600487569909954,0.5616596895037151
41,rest,66,132,0.7900719160314772,0.6480830522723873,0.34000264005419495,0.34771393321365224,0.5314678853929279
41,rest,67,134,0.5105120035385066,0.2697100965894591,0.7705725619877439,0.509438893396966,0.5150583888781689
41,rest,68,136,0.3856909829281291,0.38746879419961144,0.5399668835143412,0.9077016729077333,0.5552070833874537
41,rest,69,138,0.27886114301274256,0.7124199015408759,0.6636197686212343,0.929958742393424,0.6462148888920692
41,rest,70,140,0.2257654088750772,0.6334288092881288,0.677782172810725,0.7691403651018794,0.5765291890189527
41,rest,71,142,0.5866530261270408,0.6335185678985902,0.37788601324313303,0.4734702311062331,0.5178819595937493
41,rest,72,144,0.5259914758596381,0.4643246162676577,0.6921683079598138,0.39085959843816404,0.5183359996313184
41,rest,73,146,0.23755818625743838,0.3443869128115494,0.9238940341839286,0.8434936517369157,0.587333196247458
41,high,0,0,0.11263391996082514,0.789593438908824,0.9177350351539083,0.3522610521758971,0.5430558615498637
41,high,1,2,0.11046415049191514,0.9289132295726826,0.9746439988780002,0.30984522484173294,0.5809666509460827
41,high,2,4,0.4922688402154031,0.864850921180423,0.3353069353587343,0.5665109514791015,0.5647344120584155
41,high,3,6,0.37960785905062505,0.20412988852258449,0.14420638396202098,0.8904635358061079,0.40460191683533464
41,high,4,8,0.22784944553251998,0.25401944441912305,0.30278673194399175,0.9915162263218362,0.4440429620543678
41,high,5,10,0.2098316207658235,0.27216114145250975,0.39790837777231997,0.988982258978356,0.4672208497422523
41,high,6,12,0.2103116338208856,0.6333045037187839,0.4375269019913563,0.9975273768433653,0.5696676040935977
41,high,7,14,0.2368858491763473,0.9197727424718337,0.7819672896082484,0.9962741117444879,0.7337249982502293
41,high,8,16,0.24568533596068784,0.8520635879875448,0.21648575956879262,0.9939395745643359,0.5770435645203402
41,high,9,18,0.5153508599046114,0.8307519086417028,0.41440640380260796,0.9846411940407289,0.6862875915974127
41,high,10,20,0.3235355618180515,0.4106635327007766,0.533546274864162,0.8259438879067007,0.5234223143224227
41,high,11,22,0.1631651994998693,0.6254123323800185,0.319462215980985,0.9975273768433653,0.5263917811760596
41,high,12,24,0.06791384211102018,0.7253409738172638,0.4987581442003313,0.9975273768433653,0.5723850842429952
41,high,13,26,0.1526762407652665,0.48314555814937327,0.4140933043586015,0.9742188553963501,0.5060334896673978
41,high,14,28,0.1937757354307593,0.4380189749790965,0.4347827532611035,0.9870974275806537,0.5134187228129032
41,high,15,30,0.3558187486645274,0.32540397062447196,0.6645883721384029,0.6949497391685747,0.5101902076489943
41,high,16,32,0.07557904104922021,0.6369533280060762,0.4770814381390182,0.9968791861306167,0.5466232483312328
41,high,17,34,0.1592502795274088,0.6055793244143457,0.6408848310425439,0.9975273768433653,0.6008104529569159
41,high,18,36,0.21944238966676535,0.6849076836747762,0.30817234486680717,0.9856500958900749,0.549543128524606
41,high,19,38,0.09388558666633338,0.7471831848612012,0.10053618765902536,0.9970636377888757,0.4846671492438589
41,high,20,40,0.09294174115406034,0.5060156125320704,0.5865553116212288,0.9197492073309458,0.5263154681595763
41,high,21,42,0.14965612539121526,0.47959554155083156,0.7854889080059815,0.8907810672519736,0.5763804105500006
41,high,22,44,0.1463397593372414,0.3355679185244708,0.44576677075296944,0.6798891150565695,0.40189089091781277
41,high,23,46,0.17975943396564376,0.323953073967863,0.5218076102209159,0.4147498430105668,0.36006749029124735
41,high,24,48,0.40283449010137906,0.6198192585292102,0.3054206247142164,0.4110473241492556,0.4347804243735153
41,high,25,50,0.27238731738033906,0.4899814042580021,0.30256444927791826,0.37393748995866455,0.35971766521873094
41,high,26,52,0.28103944692802607,0.5856038324880902,0.6392839784689393,0.20655068474731902,0.42811948565809366
41,high,27,54,0.5342688025649207,0.705274979116009,0.3377930592764332,0.20230087103380107,0.44490942799779093
41,high,28,56,0.4274417860080527,0.7508912340677621,0.23842794383654395,0.19033255170362087,0.40177337890399495
41,high,29,58,0.17098608790371547,0.5275562821128367,0.16204414572570558,0.28837115901272187,0.2872394186887449
41,high,30,60,0.13418679067176545,0.9298897151204418,0.4804453403434007,0.7969800836987015,0.5853754824585773
41,high,31,62,0.2443243115908381,0.7134671234517044,0.3867830756541997,0.7256571409210675,0.5175579129044524
41,high,32,64,0.46336926065800293,0.6989619866387498,0.3383733379407693,0.7806495737389664,0.5703385397441221
41,high,33,66,0.546450886519403,0.23941943579233088,0.6118668555234852,0.28550293319801445,0.42081002775830834
41,high,34,68,0.15014446079806595,0.21330985851106418,0.7329432473773723,0.9905397743075544,0.5217343352485142
41,high,35,70,0.1238859624196882,0.6550060618785314,0.6927734542751685,0.9749416316799768,0.6116517775633412
41,high,36,72,0.04793505101424183,0.9130492751528513,0.5363593436433243,0.8720124698198003,0.5923390349075544
41,high,37,74,0.27062838360667,0.6845147143944391,0.15194008786623772,0.9512429255817542,0.5145815278622753
41,high,38,76,0.21660344240202528,0.3720843401013865,0.3299285235324656,0.6099590439376678,0.3821438374933863
41,high,39,78,0.204545643569818,0.20680883518618318,0.5547070124149652,0.5590423739759377,0.381275966286726
41,high,40,80,0.25534696660426354,0.2981807844060419,0.6450812549179007,0.47463399660376626,0.4183107506329931
41,high,41,82,0.12663918140295438,0.7239024983717464,0.7409742097508606,0.9654632668002422,0.6392447890814509
41,high,42,84,0.29286110269753995,0.779851531036186,0.40097919696889656,0.7832866099355991,0.5642446101595554
41,high,43,86,0.321910056285854,0.6369981529126956,0.24333662565227976,0.5750042951146707,0.444312282491375
41,high,44,88,0.3812315051279821,0.2557725600164261,0.5134084538803267,0.9166823250041075,0.5167737110072106
41,high,45,90,0.44134595357984735,0.3462930731989576,0.5237528312475711,0.9677233935803173,0.5697788129016734
41,high,46,92,0.2845195637938529,0.6650072874677155,0.5244987164303153,0.9513845474711917,0.606352528790769
41,high,47,94,0.2732151293818919,0.2944924904647412,0.19482331814663562,0.8954449858558364,0.4144939809622763
41,high,48,96,0.15915529643582169,0.3899591677240752,0.2547247765064542,0.9721385406233655,0.44399444532242915
41,high,49,98,0.16779994614960542,0.7591704978970145,0.24604015403819285,0.9964107254358198,0.5423553308801582
41,high,50,100,0.4478684567314188,0.33051633536654773,0.19505432515021762,0.8603626863333063,0.4584504508953726
41,high,51,102,0.5332024627673515,0.4002250657745612,0.19307381720966751,0.9120482587178474,0.5096374011173569
41,high,52,104,0.24205202171780088,0.7821712747943544,0.4198435613145793,0.9963036014037566,0.6100926148076228
41,high,53,106,0.392136431696578,0.5093672725233624,0.18377896323813678,0.997228277945957,0.5206277363510086
41,high,54,108,0.04100760837968265,0.9647373799555639,0.8686424243500658,0.9975273768433653,0.7179786973821694
41,high,55,110,0.03915857360736181,0.9454280378156125,0.5266965038465342,0.9975273768433653,0.6272026230282185
41,high,56,112,0.2069360573317375,0.5516532564998367,0.6698429771172987,0.9823068254407241,0.6026847790973993
41,high,57,114,0.27612029995900883,0.47971952779021193,0.5066826098881742,0.9877533380132915,0.5625689439126715
41,high,58,116,0.37230883966999934,0.6492064930893721,0.6340541455664784,0.8712517146296985,0.6317052982388871
41,high,59,118,0.33144388530384467,0.5700273097234313,0.43139602102151137,0.9587380134343212,0.5729013073707772
41,high,60,120,0.38977566267714375,0.47387032603052603,0.4402396704675594,0.9973586015183206,0.5753110651733875
41,high,61,122,0.27918841945306466,0.3643399122648301,0.49134644578767345,0.9875156459037656,0.5305976058523335
41,high,62,124,0.3128741715591689,0.23036763385183756,0.37108354403131216,0.9836086406047546,0.4744834975117683
41,high,63,126,0.03671368960859456,0.5185774597202778,0.6926628613410406,0.9854106137238156,0.5583411560984322
41,high,64,128,0.08043676498969285,0.581257648414074,0.5813435749911913,0.964128851694728,0.5517917100224214
41,high,65,130,0.15804886339774865,0.7416261030869743,0.5368631772315546,0.7400458645182998,0.5441460020586444
41,high,66,132,0.20600283567578043,0.5277660403332678,0.305735958905288,0.9836356301989854,0.5057851162783303
41,high,67,134,0.20594779179556513,0.39483685601301166,0.20070393823553492,0.9975273768433653,0.4497539907218693
41,high,68,136,0.20959043904287797,0.703364449653073,0.07553705640544302,0.9975273768433653,0.4965048304861899
41,high,69,138,0.18207174616469052,0.6364962802008458,0.4972797108546036,0.959496305401351,0.5688360106553727
41,high,70,140,0.12896013719051186,0.4945212372116565,0.444490720956644,0.9958373527167403,0.5159523620188882
41,high,71,142,0.14283783801283845,0.4610436218583198,0.30980928367764926,0.9919863489365578,0.47641927312134136
41,high,72,144,0.17688200953960798,0.35364023193073657,0.3652735586679032,0.9234206284818333,0.4548041071550203
41,high,73,146,0.21873630175925463,0.5402644960903793,0.4477551795571156,0.917233648201823,0.5309974064021431
42,rest,0,0,0.3445990896373073,0.8532691747191352,0.4271778854884165,0.878107106522894,0.6257883140919382
42,rest,1,2,0.4130564594368773,0.5579084199447922,0.6073263434576003,0.7289001279853206,0.5767978377061476
42,rest,2,4,0.6235049959628992,0.6813150653887651,0.38513801675386033,0.750855550364203,0.6102034071174319
42,rest,3,6,0.7307405179183322,0.4273634899035845,0.8211191961827774,0.73868204845285,0.679476313114386
42,rest,4,8,0.6622160021563457,0.1829156086010302,0.9147996839297103,0.7348945744540794,0.6237064672852914
42,rest,5,10,0.673090845661263,0.30606426129275005,0.5997418826151611,0.5838306558588786,0.5406819113570132
42,rest,6,12,0.7920649993010077,0.29833790384524433,0.35807664906294556,0.42778131529045893,0.4690652168749142
42,rest,7,14,0.20296792263945873,0.5581669637852413,0.5046795509750656,0.887697726745687,0.5383780410363631
42,rest,8,16,0.24662412172174683,0.8402369977370394,0.21269087370536638,0.7769736895457188,0.5191314206774679
42,rest,9,18,0.38257296148802067,0.910971934713825,0.24689593006487406,0.5441815110164392,0.5211555843207898
42,rest,10,20,0.4525290745920358,0.6615688344935768,0.0421120533091112,0.8963919570907647,0.5131504798713722
42,rest,11,22,0.466581525723396,0.2577990017566548,0.4388091106313402,0.5039687438723106,0.41678959549592537
42,rest,12,24,0.4332012611817521,0.1337005984508359,0.500832963800823,0.26151767627035044,0.33231312492594034
42,rest,13,26,0.2973947164114436,0.6811971469033034,0.3386701658069814,0.3419022844192577,0.41479107838524654
42,rest,14,28,0.49919366737766796,0.4182825244167169,0.5662196431272114,0.3224279168328195,0.45153093793860394
42,rest,15,30,0.0448402108646553,0.42966900075236114,0.9921012376565151,0.18248924465028712,0.4122749234809546
42,rest,16,32,0.021980340655925475,0.45399238052727847,0.9532133393449101,0.2147609207443777,0.41098674531812296
42,rest,17,34,0.7179147888866437,0.27207969990738096,0.47441415566391776,0.4932355503993363,0.4894110487143196
42,rest,18,36,0.6915642002536255,0.5098930543853069,0.49916703619917707,0.35791911416711986,0.5146358512513074
42,rest,19,38,0.5006784675759217,0.5857640485366011,0.45949233534201644,0.3268675846217212,0.46820060901906513
42,rest,20,40,0.24487104049618758,0.6200404836403898,0.4413631161789644,0.2746656339004136,0.3952350685539888
42,rest,21,42,0.5401777729595841,0.9225299334743988,0.8035011371174683,0.3571646621925322,0.6558433764359959
42,rest,22,44,0.16638386060139485,0.9207865643951545,0.8571156601605101,0.6912185899892536,0.6588761687865783
42,rest,23,46,0.3847340936273293,0.5359866237512936,0.8405803933521897,0.9293583151630025,0.6726648564734538
42,rest,24,48,0.5608815449069321,0.7799927106749222,0.29310986248229154,0.2810769130363086,0.47876525777511364
42,rest,25,50,0.3372001561948775,0.33808154448778727,0.8764378359896767,0.5788082957314515,0.5326319581009482
42,rest,26,52,0.33792504169705556,0.45169590126056847,0.47626228809627275,0.8710662661576651,0.5342373743028905
42,rest,27,54,0.22899182373547308,0.5056891812226515,0.3268323238215174,0.5777699291145916,0.40982081447355834
42,rest,28,56,0.3950112692360375,0.534024596273689,0.1385601017727056,0.6197780176032744,0.4218434962214267
42,rest,29,58,0.7285228259429334,0.3658279733307834,0.5382488354762563,0.31747191451644635,0.48751788731660484
42,rest,30,60,0.8206425369000312,0.7361527394610002,0.7344939822205769,0.5035016092446218,0.6986977169565576
42,rest,31,62,0.5259125513056508,0.7967894445614622,0.22885424111152436,0.3810215751500202,0.48314445303216447
42,rest,32,64,0.24466169703626992,0.7747985174566578,0.3161381448138618,0.6186080036679135,0.4885515907436757
42,rest,33,66,0.2625834182786683,0.5939347729248344,0.5434175697838841,0.5466604713588655,0.4866490580865631
42,rest,34,68,0.29564951040587606,0.46554543342417914,0.44238896580270315,0.4752605489100141,0.4197111146356931
42,rest,35,70,0.5010748543048753,0.33014230877362233,0.42195642446098275,0.42124711082041727,0.4186051745899744
42,rest,36,72,0.47467572285481135,0.46617734889864954,0.2945971216851782,0.5839026925767796,0.45483822150385467
42,rest,37,74,0.4902289905996553,0.3235563670340859,0.5198739762814294,0.3915544132537606,0.4313034367922328
42,rest,38,76,0.377513826622341,0.5537812187662666,0.3625488558479377,0.9100531778614942,0.5509742697745099
42,rest,39,78,0.5938906175248873,0.54305231911446,0.36831138438404504,0.9240410607817235,0.607323845451279
42,rest,40,80,0.7977307744460312,0.7038354035225225,0.12119698846233477,0.6436550960248569,0.5666045656139364
42,rest,41,82,0.587956329892685,0.5390410903402446,0.553914474007875,0.42715163651538185,0.5270158826890466
42,rest,42,84,0.7310596248316612,0.4433570617733544,0.6081928082193343,0.4506671449599329,0.5583191599460706
42,rest,43,86,0.9779590240334652,0.9006998047405912,0.7245638480938861,0.45654329345643757,0.7649414925810951
42,rest,44,88,0.8993819100326922,0.49431081877734834,0.8664653038420582,0.635814808960493,0.7239932104031479
42,rest,45,90,0.27162159711424866,0.7367133970004115,0.7413912750520932,0.7283227728957495,0.6195122605156258
42,rest,46,92,0.3811391966856789,0.5070017031713475,0.6636841214143058,0.4509736815332619,0.5006996757011486
42,rest,47,94,0.5436307380560285,0.6312142654430656,0.6717263380484588,0.42815696359097216,0.5686820762846313
42,rest,48,96,0.7386412141094251,0.33461028505750245,0.44254165667231665,0.35978506204799066,0.4688945544718087
42,rest,49,98,0.5622333926930548,0.4652805798467008,0.21003996503939829,0.8964024418043083,0.5334890948458656
42,rest,50,100,0.38660229451915107,0.7030081031451848,0.40445734198806327,0.9191343581452714,0.6033005244494176
42,rest,51,102,0.31641443740257164,0.4535236590181352,0.7340753113328377,0.6373239537148597,0.535334340367101
42,rest,52,104,0.5550524330020448,0.4022651474393649,0.654289234550934,0.5047183312145902,0.5290812865517335
42,rest,53,106,0.7012330916747512,0.3883652654649973,0.4203487831947693,0.8567864253677839,0.5916833914255755
42,rest,54,108,0.6213021777783467,0.4122107163018619,0.7009226250039619,0.4518990769282797,0.5465836490031125
42,rest,55,110,0.547975763435768,0.4733137596428515,0.21580997468688243,0.390841651894327,0.4069852874149572
42,rest,56,112,0.4710946268333768,0.7193387223305459,0.27372164470713667,0.43647859297373826,0.4751583967111994
42,rest,57,114,0.45083984810101524,0.8486549816363917,0.6778151829233384,0.45683695980925654,0.6085367431175005
42,rest,58,116,0.6955936136911918,0.6824308241462173,0.257363722835644,0.38688159550898177,0.5055674390455087
42,rest,59,118,0.7871536059338101,0.2650942070597296,0.5166794118988443,0.5400316985946576,0.5272397308717605
42,rest,60,120,0.8909175059448607,0.3187867452454963,0.42377042694196215,0.26879955882008594,0.4755685592381013
42,rest,61,122,0.8665376197490455,0.3703084275454539,0.5743102757776319,0.26847420210861167,0.5199076312951857
42,rest,62,124,0.7311198651554737,0.16997068177099187,0.6766243938146234,0.24087801737655495,0.45464823952941097
42,rest,63,126,0.4688676849325021,0.13945645956312117,0.47139423463604213,0.3331098391903484,0.35320705458050344
42,rest,64,128,0.38282702460970225,0.3176548736705676,0.7023959441755294,0.49649839075537816,0.47484405830279436
42,rest,65,130,0.710929471352972,0.3248569009582602,0.3788907152775499,0.2398833757851625,0.41364011584348614
42,rest,66,132,0.4993215324240781,0.36331213663099404,0.26191260760734053,0.7463952846712097,0.4677353903334056
42,rest,67,134,0.7235925688063934,0.3369029904414775,0.7454868675965548,0.7465823542712595,0.6381411952789213
42,rest,68,136,0.3905718234594792,0.4184899862934797,0.704179208039639,0.31352064062433493,0.4566904146042332
42,rest,69,138,0.3354910865803206,0.2811067050217849,0.7324632872414013,0.6286925734184906,0.4944384130654993
42,rest,70,140,0.5247399122539075,0.554822959502019,0.5963509548663812,0.7573185384132622,0.6083080912588925
42,rest,71,142,0.3857397697976629,0.8257786890282227,0.4369081015812739,0.21382530643407216,0.46556296671030795
42,rest,72,144,0.946173357761834,0.8729395024737097,0.6611776211296667,0.7802588758258973,0.815137339297777
42,rest,73,146,0.8249060401944415,0.6078839881043541,0.41374808758140397,0.17385142565666542,0.5050973853842162
42,high,0,0,0.668276524009724,0.32199552620125466,0.12167310209082623,0.4456238651526744,0.3893922543636198
42,high,1,2,0.8160313530866408,0.6013967210611747,0.9124698989949196,0.5038170325542667,0.7084287514242504
42,high,2,4,0.3212390353160802,0.7044087526898103,0.6038016015810134,0.8622896121286169,0.6229347504288801
42,high,3,6,0.49926933433663323,0.6516960972620068,0.1039441022529648,0.8846343094092449,0.5348859608152124
42,high,4,8,0.8647309244507084,0.558129960854633,0.2722376203199917,0.5066067080935563,0.5504263034297223
42,high,5,10,0.6691426862854927,0.4318202038278263,0.7093776766307837,0.15890848576242272,0.4923122631266314
42,high,6,12,0.7993231344241435,0.572305848152875,0.1474525194356077,0.21236574615059753,0.4328618120408059
42,high,7,14,0.7544756687872951,0.7888804701376151,0.6488447336079404,0.5902535835351432,0.6956136140169984
42,high,8,16,0.4610480799179142,0.9234944114688393,0.9351361535260759,0.8352209057528515,0.7887248876664202
42,high,9,18,0.046755987969210426,0.80669228105889,0.6521931691010817,0.9836122501507724,0.6223134220699886
42,high,10,20,0.12326241786084631,0.6477430664827781,0.44570879921595946,0.9552930258296519,0.543001827347309
42,high,11,22,0.4165540082580337,0.5514066941726353,0.8324546531664548,0.9312765224924541,0.6829229695223945
42,high,12,24,0.47058964777829787,0.624326680378964,0.3534504038678062,0.8078336648811126,0.5640500992265451
42,high,13,26,0.6481511773990647,0.7696884110205531,0.4707702923281896,0.4137659421452306,0.5755939557232594
42,high,14,28,0.7634186694046742,0.8929738964044701,0.494552311256512,0.5290406022405444,0.6699963698265502
42,high,15,30,0.47183003794572936,0.6298306878491636,0.8076235828229377,0.6443674415317066,0.6384129375373843
42,high,16,32,0.654855323647716,0.7726196578119289,0.6595231798795017,0.39299558785413863,0.6199984372983213
42,high,17,34,0.6685213246118814,0.9115289705073755,0.6536446641108434,0.8941803794094461,0.7819688346598866
42,high,18,36,0.2258192495790307,0.7688423559091211,0.5387737490137643,0.9645262415511697,0.6244903990132715
42,high,19,38,0.6572806811545933,0.6943572430901407,0.8524400155959881,0.885570837920516,0.7724121944403095
42,high,20,40,0.8332586612993053,0.6160744461080988,0.45981128382432845,0.4224347695909138,0.5828947902056616
42,high,21,42,0.6280431073976899,0.7894054733216332,0.6088964503101528,0.9505590449113217,0.7442260189851995
42,high,22,44,0.36188429293985075,0.36734763330816683,0.9646729408954969,0.8127008186959395,0.6266514214598635
42,high,23,46,0.5223663269390726,0.23766724572189543,0.9319890258732201,0.3520663427631172,0.5110222353243263
42,high,24,48,0.5926628886534145,0.7905541689989787,0.1660666090687364,0.8290562902909835,0.5945849892530283
42,high,25,50,0.6958438273749233,0.6266047721361042,0.660296062327001,0.564515068841369,0.6368149326698495
42,high,26,52,0.20376305624749558,0.5861471890419577,0.24819191074069502,0.8924024538613536,0.48262615247287544
42,high,27,54,0.8133746612392576,0.6973537183880664,0.515922740327916,0.7429985025668697,0.6924124056305274
42,high,28,56,0.7264896046749669,0.6425315802138195,0.2648002985019883,0.9389282558733546,0.6431874348160324
42,high,29,58,0.9644505179027668,0.5641691557795756,0.5765842415099995,0.19649445906273236,0.5754245935637685
42,high,30,60,0.9544640104521898,0.5463300341782463,0.107995812101282,0.25393327828471074,0.46568078375410726
42,high,31,62,0.7987945430802176,0.5369416637812664,0.32139488229932894,0.6832802621364634,0.585102837824319
42,high,32,64,0.9002613970423612,0.6862490118843549,0.8605978060220935,0.5549152683349712,0.7505058708209451
42,high,33,66,0.3149390871405584,0.7820269191983331,0.9655454520900913,0.9961953268689028,0.7646766963244714
42,high,34,68,0.7210602971220393,0.5328219503474262,0.5963429249924733,0.942723457604188,0.6982371575165317
42,high,35,70,0.729081003711223,0.6579918889310452,0.7889506125317173,0.7098015448013368,0.7214562624938305
42,high,36,72,0.7194440590167691,0.7636148544581522,0.9611086076301969,0.9336862268989845,0.8444634370010258
42,high,37,74,0.6073805086818636,0.7260017418555962,0.5369498143578375,0.9039276493760181,0.6935649285678288
42,high,38,76,0.16666566687036427,0.5358265707499407,0.20961418705814414,0.9935355853306105,0.4764105025022649
42,high,39,78,0.3805063926894891,0.3389977458897222,0.0987316226299261,0.9634027759981556,0.44540963430182323
42,high,40,80,0.6051800374196715,0.29707492441410166,0.2948447254781115,0.40696465432300905,0.4010160854087234
42,high,41,82,0.36021288251524664,0.6422186266129779,0.23315614284700656,0.7187598409246029,0.48858687322495853
42,high,42,84,0.8516673842538771,0.7269845003547094,0.5845500312160166,0.34201911858841777,0.6263052586032553
42,high,43,86,0.47259598117545226,0.7527888442558569,0.7117473863384606,0.6638155223451327,0.6502369335287257
42,high,44,88,0.3874799501586622,0.7153981888879472,0.26774207750909274,0.8521695038216205,0.5556974300943306
42,high,45,90,0.5031661839759134,0.5029165398157937,0.15172902324585863,0.7343068082824614,0.4730296388300068
42,high,46,92,0.5512426434435502,0.5198502852547066,0.4500376420138127,0.43477895465687993,0.48897738134223734
42,high,47,94,0.3627527552869502,0.9008084647493212,0.6671790845649677,0.7467340321102712,0.6693685841778776
42,high,48,96,0.4457455452200792,0.6345493384367087,0.7035033673068979,0.6429831581616103,0.6066953522813241
42,high,49,98,0.37631174695052166,0.5907609419349902,0.44496684948313786,0.4195155198290647,0.4578887645494286
42,high,50,100,0.7132587839700634,0.3735488724747584,0.5655974563757948,0.5903295639591701,0.5606836691949466
42,high,51,102,0.6452920511382896,0.586232501381017,0.32850901597708715,0.29874398976604905,0.4646943895656107
42,high,52,104,0.30169422550293196,0.5613650507238109,0.9165873147173702,0.8727642303054258,0.6631027053123847
42,high,53,106,0.35577203707435434,0.5961934317896301,0.73299943719951,0.9269131095869697,0.652969503912616
42,high,54,108,0.8738340799907927,0.37354756652027304,0.6962855649785564,0.6005611476329253,0.6360570897806368
42,high,55,110,0.7422935408223998,0.3065098885797754,0.46448433897017716,0.4195000594092912,0.4831969569454109
42,high,56,112,0.38100795758794676,0.6158393401386626,0.7297442711982534,0.8845028962753446,0.6527736163000518
42,high,57,114,0.7614047431270347,0.7431501353009368,0.6020371593672277,0.3849665784822276,0.6228896540693567
42,high,58,116,0.5384791486176356,0.821838453244829,0.9783103781296983,0.5208682571747991,0.7148740592917404
42,high,59,118,0.6323702319094701,0.7014809283124025,0.985046233446687,0.59741075213078,0.7290770364498349
42,high,60,120,0.6578752455059468,0.6879316721195936,0.16484606447863986,0.7337273172802086,0.5610950748460972
42,high,61,122,0.8095266047355294,0.5255526136323083,0.926994523081975,0.5476450996928647,0.7024297102856694
42,high,62,124,0.8114682445102864,0.7503155194777954,0.24664960954366946,0.6757082518827494,0.6210354063536252
42,high,63,126,0.6327167592228112,0.7908084858163067,0.20373390004049244,0.9927788460569695,0.655009497784145
42,high,64,128,0.752194350928272,0.8109493448244416,0.6235585898126097,0.7119338748891724,0.7246590401136239
42,high,65,130,0.5943486248502268,0.6296997472663226,0.8022878912256,0.8395321206650087,0.7164670960017896
42,high,66,132,0.7303170670000292,0.5866999084600525,0.4417342361438012,0.813132899191899,0.6429710276989455
42,high,67,134,0.821412819133386,0.8631226824867841,0.7469134881766004,0.43102210277902336,0.7156177731439485
42,high,68,136,0.9018630191217836,0.5991599042204543,0.3823713467170331,0.36048186179497543,0.5609690329635616
42,high,69,138,0.9313915504478713,0.6732715281974768,0.9381246043322774,0.6831152805904434,0.8064757408920171
42,high,70,140,0.6251126785632589,0.5231675521716288,0.7790035059191387,0.9467732671931853,0.718514250961803
42,high,71,142,0.4827401995243157,0.3090529707650228,0.4323968335892421,0.6448045074194362,0.4672486278245042
42,high,72,144,0.6759333705922376,0.30069112905336237,0.7339975206391998,0.38469647490907527,0.5238296237984688
42,high,73,146,0.5585261865867346,0.5868204502879968,0.5898497183721844,0.9975273768433653,0.6831809330225702
43,rest,0,0,0.11256538160785923,0.3581874524516836,0.9696965008881063,0.3959845028657346,0.459108459453346
43,rest,1,2,0.4358400751295393,0.4214093066171417,0.5864845179260927,0.37055402679621496,0.4535719816172472
43,rest,2,4,0.3295244793387022,0.3652465552460729,0.5666766604528171,0.31334674157799564,0.39369860915389693
43,rest,3,6,0.5488454820437015,0.4391196435965795,0.5495281691295664,0.530879832565274,0.5170932818337803
43,rest,4,8,0.6218040617164518,0.24998637822563105,0.5973167446093303,0.6413709228621525,0.5276195268533914
43,rest,5,10,0.18669320849117044,0.7020661990259114,0.32527164231500033,0.555612949129393,0.4424109997403688
43,rest,6,12,0.16542632651007674,0.9405234755901396,0.1700961533388642,0.6123279779158111,0.4720934833387229
43,rest,7,14,0.2793347636677432,0.8616078755976336,0.6174641348348795,0.24942440706480148,0.5019577952912644
43,rest,8,16,0.2843591351087855,0.6930366033412204,0.5226316371225451,0.2842082794263854,0.4460589137497341
43,rest,9,18,0.5001078914024312,0.8192988828862763,0.353708429189164,0.4685562478626732,0.5354178628351361
43,rest,10,20,0.019061406395718624,0.9912668331151723,0.7695299554880923,0.09780767176507231,0.46941646669101383
43,rest,11,22,0.020676574945806405,0.9900343177935502,0.890098522397484,0.12457346547730487,0.5063457201535364
43,rest,12,24,0.5069599735786317,0.7644105031327536,0.7747345189036672,0.4122197356681945,0.6145811828208116
43,rest,13,26,0.48262555814975844,0.5710186475584097,0.3657727028170547,0.6630261856327148,0.5206107735394844
43,rest,14,28,0.7250581379384983,0.5606617520728694,0.11973176578749789,0.6903425779202427,0.5239485584297771
43,rest,15,30,0.6989990133061501,0.36774153933646647,0.5373477896187411,0.2527399854514991,0.4642070819282142
43,rest,16,32,0.4636624722589506,0.36917998312615513,0.8530834635469089,0.5692141070345287,0.5637850064916359
43,rest,17,34,0.4955231041766501,0.23356104482341866,0.5139477141543874,0.6246789106919572,0.46692769346160334
43,rest,18,36,0.5391600171465937,0.43737207577758475,0.27455315457192114,0.3227339891190511,0.39345480915378767
43,rest,19,38,0.5283553775799219,0.4320339987313474,0.6075043316855241,0.5706164212851919,0.5346275323204963
43,rest,20,40,0.30496034980497966,0.16694721512147112,0.5259376699344372,0.5551204626067158,0.38824142436690096
43,rest,21,42,0.4998921085975688,0.2963801891316194,0.47199984131173733,0.7194323315408201,0.49692611764543637
43,rest,22,44,0.4144653688067543,0.4338144395448075,0.4793965704648828,0.9445776473555912,0.568063506543009
43,rest,23,46,0.49222033307452967,0.2283939296650758,0.366132060680832,0.717953265373243,0.45117489719842013
43,rest,24,48,0.5754076541948195,0.2272918724883234,0.2325729583955564,0.33801060643421654,0.343320772878229
43,rest,25,50,0.5435980273450775,0.8026476204050785,0.8224471682807083,0.39676070564553273,0.6413633804190992
43,rest,26,52,0.4895743486857502,0.7946576343935126,0.6142992236129687,0.4279761799208204,0.581626846653263
43,rest,27,54,0.4806846007828086,0.4083232260516903,0.23300525951978468,0.7129313170894118,0.45873610086092387
43,rest,28,56,0.3893148510026604,0.30631240277280075,0.43551836363351104,0.8706511391215015,0.5004491891326184
43,rest,29,58,0.5705628909218164,0.41600905614742134,0.22259333856610794,0.97549152620662,0.5461642029604914
43,rest,30,60,0.45921387512305295,0.36806146528835654,0.21573102903495786,0.4548786992161913,0.37447126716563967
43,rest,31,62,0.6205086605246745,0.6214815258052694,0.34111825621134173,0.35452876103552183,0.48440930089420187
43,rest,32,64,0.6595543562361392,0.5096515549178107,0.09563634085392558,0.8291420065281144,0.5234960646339974
43,rest,33,66,0.5403885312610841,0.38314794081124853,0.3925349762400624,0.833547895396983,0.5374048359273446
43,rest,34,68,0.33693018917231826,0.2238392056884328,0.19693437987796203,0.8971939490424529,0.4137244309452915
43,rest,35,70,0.792355169132064,0.5257645168973817,0.12124742615091962,0.5950677533241753,0.5086087163761351
43,rest,36,72,0.5372005226275629,0.41477743466302164,0.2899978840248013,0.9764848161433245,0.5546151643646776
43,rest,37,74,0.4788381645167041,0.42825679915454723,0.5834318241456915,0.9970230166542082,0.6218874511177878
43,rest,38,76,0.5940727294937664,0.6023599527715922,0.5583292681577015,0.5808597166469694,0.5839054167675074
43,rest,39,78,0.6946234132945321,0.7521713871337844,0.6469061218490114,0.45161263423465275,0.6363283891279952
43,rest,40,80,0.7137103754275298,0.6678417862213447,0.2618681057873278,0.3900842350006134,0.5083761256092039
43,rest,41,82,0.5472850175949939,0.3558605242810513,0.7108691259304083,0.7162519123909228,0.5825666450493441
43,rest,42,84,0.3047455884764053,0.44152634467369056,0.3244322318731676,0.7823468888474446,0.46326276346767703
43,rest,43,86,0.650118852035029,0.6542220010287898,0.5033716924238053,0.7628798671337297,0.6426481031553384
43,rest,44,88,0.22483768297800472,0.6571325058812038,0.4059414286782934,0.3929793771077546,0.4202227486613141
43,rest,45,90,0.6619456998008716,0.3980361976873973,0.7124155377855427,0.30170601885791387,0.5185258635329313
43,rest,46,92,0.43597184112934145,0.39194928985944283,0.5042337293858291,0.2089794803585442,0.3852835851832894
43,rest,47,94,0.8509554178110118,0.7789518046811674,0.6480957058616955,0.4661808874102682,0.6860459539410357
43,rest,48,96,0.8165299491819752,0.6781099595167731,0.43104069839859305,0.3604160246549782,0.5715241579380799
43,rest,49,98,0.706474345091306,0.7245403378408024,0.433981977670287,0.19205306571205188,0.5142624315786118
43,rest,50,100,0.7793696589799964,0.7832815600280786,0.7838313844893043,0.3466159318269577,0.6732746338310842
43,rest,51,102,0.7417375628282973,0.8805571541325703,0.4683809099302487,0.6404650923281724,0.6827851798048222
43,rest,52,104,0.2991988442025145,0.9641398463807561,0.7785737665289257,0.6112375920456853,0.6632875122894705
43,rest,53,106,0.1554749238909036,0.9497612949960526,0.791089017043759,0.4953489624825097,0.5979185496033063
43,rest,54,108,0.23208622167255155,0.6024913658055483,0.33388478824759055,0.11657167979565604,0.3212585138803366
43,rest,55,110,0.28325114690320163,0.7649210781330356,0.8003134757322914,0.3149753296833142,0.5408652576129607
43,rest,56,112,0.3234531588555941,0.5780065704768047,0.6493892301373533,0.10851361894514151,0.4148406446037234
43,rest,57,114,0.6946362454838119,0.7329201118079327,0.6407141807334851,0.4812580176309622,0.6373821389140479
43,rest,58,116,0.6788136313049274,0.8039521747689016,0.1929913795675402,0.13687657671186235,0.4531584405883079
43,rest,59,118,0.5576125017113136,0.728049287394742,0.7564075355724008,0.2549384587283938,0.5742519458517126
43,rest,60,120,0.1430958875971261,0.28719070402966285,0.72551565442683,0.3410922909060173,0.374223634239909
43,rest,61,122,0.3910693500157163,0.2939780778303836,0.2440665255850674,0.43964282405800026,0.3421891943722919
43,rest,62,124,0.7376742006210738,0.5517733521722539,0.276697805855384,0.44704162749208765,0.5032967465351998
43,rest,63,126,0.7207405701012369,0.4903484450821892,0.36840035074479943,0.5740158512886028,0.5383763043042071
43,rest,64,128,0.7373373412585078,0.36422382755891436,0.4315550368746949,0.9804130499838497,0.6283823139189917
43,rest,65,130,0.7291142819711871,0.41811371148575577,0.1753551205198524,0.6878868730280547,0.5026174967512125
43,rest,66,132,0.6810747810691182,0.650580368830457,0.4966283075761945,0.42178961493506073,0.5625182681027077
43,rest,67,134,0.49924469135378935,0.6266564999029517,0.17116303817484935,0.5046510375174903,0.4504288167372702
43,rest,68,136,0.3287374259956358,0.3591161817275637,0.5933718269779906,0.857679339749909,0.5347261936127747
43,rest,69,138,0.42614439654337427,0.24252187597369634,0.6368059952492567,0.587255315679517,0.4731818958614611
43,rest,70,140,0.5323119348106314,0.20545668545471626,0.5953957077321921,0.7371348700208326,0.5175747995045931
43,rest,71,142,0.4416208661471412,0.2051301649657191,0.14324484427924994,0.6126908601680517,0.35067168389004044
43,rest,72,144,0.5170934670615193,0.4017151833623505,0.16566528502311093,0.9490114400550915,0.508371343875518
43,rest,73,146,0.22140599945986414,0.8822840610170674,0.9352346634535397,0.11724117414766246,0.5390414745195334
43,high,0,0,0.6497404551587305,0.5969696402167762,0.3905542646206332,0.7759382239974832,0.6033006459984058
43,high,1,2,0.69583526011396,0.7068471476909967,0.46755807564787877,0.7552020338028802,0.6563606293139289
43,high,2,4,0.7558456515864842,0.834990307185274,0.525909542732789,0.4760277475669033,0.6481933122678626
43,high,3,6,0.20411122052308164,0.8728312866464579,0.5135238520812928,0.19106332774569898,0.44538242174913284
43,high,4,8,0.15440090133767498,0.8333924482079804,0.5022672783386307,0.21432670051917438,0.42609683210086513
43,high,5,10,0.18192311120242682,0.8826302308599073,0.1833495375293455,0.30691285304847793,0.38870393316003937
43,high,6,12,0.47460205491493007,0.888648552453883,0.5949086094143072,0.41686922837913903,0.5937571112905649
43,high,7,14,0.17929931396651486,0.8246722161567397,0.10625998006453781,0.60583771621222,0.42901730660000315
43,high,8,16,0.29602965704172396,0.7571100658555238,0.19134967251414545,0.3607498733017334,0.4013098171782816
43,high,9,18,0.05639651215026903,0.8301087975277838,0.7027778594773072,0.4818389781541302,0.5177805368273726
43,high,10,20,0.230103014801481,0.5211118125556706,0.1385935995374896,0.6080133994257629,0.37445545658010104
43,high,11,22,0.31217845183969645,0.7721379476509176,0.4256088384439414,0.8418552160966062,0.5879451135077904
43,high,12,24,0.3404566571704464,0.6181544828986604,0.2632631761737349,0.488883846105028,0.4276895405869674
43,high,13,26,0.7110738318909458,0.7011890111888154,0.14702573991594903,0.3518489975775886,0.4777843951433247
43,high,14,28,0.34075914886627673,0.8502970428760317,0.5760265343015123,0.9825930456912536,0.6874189429337686
43,high,15,30,0.3021888152527095,0.7114157875569443,0.10682199939825236,0.8619279095391482,0.4955886279367636
43,high,16,32,0.35529332500148786,0.5718009304043011,0.9715002622653087,0.8010118493999661,0.6749015917677659
43,high,17,34,0.24218646936622565,0.5939297830707784,0.2389625760947406,0.9331549748545542,0.5020584508465746
43,high,18,36,0.3925909527822117,0.7909135848274574,0.3011159326789236,0.7609185169269603,0.5613847468038883
43,high,19,38,0.30499192200280817,0.6637498188744488,0.5776307318463166,0.9689120792369641,0.6288211379901344
43,high,20,40,0.09142945150973632,0.7913185019897733,0.5371995838795082,0.3328816587512014,0.4382072990325548
43,high,21,42,0.3201177365646898,0.8647780246610436,0.22872624942968942,0.18958378341829935,0.4008014485184305
43,high,22,44,0.32862230206874127,0.7184523372691557,0.706768637335486,0.37027298633272904,0.531029065751528
43,high,23,46,0.20041303039029193,0.7272487963864014,0.12821775207912975,0.9021472699356247,0.4895067121978619
43,high,24,48,0.14269317673809384,0.5727850683410628,0.20797022855378683,0.5893977762133342,0.3782115624615694
43,high,25,50,0.19903453671570584,0.7221122170927875,0.6106445233101974,0.7408077538663879,0.5681497577462696
43,high,26,52,0.8284074589583396,0.7056990996428121,0.8675474195177585,0.35414383159072543,0.6889494524274088
43,high,27,54,0.1506298020153844,0.9753558611112578,0.2989924975709804,0.38853073923350745,0.45337722498278255
43,high,28,56,0.17495054051398898,0.9594149325843231,0.3360873793423928,0.650388705489142,0.5302103894824617
43,high,29,58,0.3883374440231234,0.44867185575844715,0.37880464728628915,0.3077780399368006,0.3808979967511651
43,high,30,60,0.24539613528572135,0.5348412578654804,0.5561734590011614,0.35589916001371474,0.4230775030415195
43,high,31,62,0.24146275081675053,0.5385791603924283,0.30659586490384944,0.5900399165068952,0.41916942315498085
43,high,32,64,0.5433584713098689,0.7365302323111329,0.24245523455905038,0.18149925627035968,0.42596079861260294
43,high,33,66,0.35605496038631873,0.9638759448623517,0.31456948797692624,0.5170707343509936,0.5378927818941476
43,high,34,68,0.32136425054104595,0.9254008478908718,0.23463699330562426,0.4918739248662241,0.49331900415094154
43,high,35,70,0.2769530781491976,0.9099007342640145,0.5151662859187451,0.4855025584567583,0.546880664197179
43,high,36,72,0.2941462709760245,0.8936320121524699,0.054564539108555604,0.9664974953408004,0.5522100793944626
43,high,37,74,0.21852708685095498,0.7790680384146345,0.6871713740623862,0.6826776667748898,0.5918610415257164
43,high,38,76,0.49089011764680246,0.7692856052958009,0.49538816271026503,0.394913583200369,0.5376193672133094
43,high,39,78,0.2664910899401828,0.8026866948201478,0.19042284090673778,0.9712028854606074,0.5577008777819189
43,high,40,80,0.7041282335971599,0.7287340547754315,0.07047043701663216,0.7683494147595836,0.5679205350372019
43,high,41,82,0.40687997493292144,0.5361013565504502,0.508200894956321,0.8005575582022134,0.5629349461604766
43,high,42,84,0.433056161926827,0.5433185661377912,0.20428080557664072,0.8003692563545035,0.4952561974989406
43,high,43,86,0.4712664839773035,0.7184844900369296,0.633864110201794,0.9441667243802461,0.6919454521490683
43,high,44,88,0.3289686064577928,0.5063934992514006,0.23090656215161998,0.8604278671386278,0.4816741337498603
43,high,45,90,0.2940031529883882,0.6826031243478868,0.4934935777672721,0.19713999147971076,0.41680996164581446
43,high,46,92,0.3566227728394768,0.9669589815118753,0.29399122050276427,0.28257581518609015,0.4750371975100517
43,high,47,94,0.4866861524036976,0.9308957802479136,0.07349646263923092,0.33822282482598276,0.4573253050292062
43,high,48,96,0.35099371235200033,0.9833641003339526,0.5400136193661798,0.3315552132305523,0.5514816613206712
43,high,49,98,0.1866059170403156,0.5722391940335196,0.16080912580609175,0.9263267283445906,0.4614952413061294
43,high,50,100,0.16228882438314465,0.7172081971224695,0.445195944650037,0.5847983524067197,0.47737282964059274
43,high,51,102,0.10555786444816397,0.770287724610538,0.34475351678598876,0.6161891119474627,0.4591970544480384
43,high,52,104,0.27020709185288977,0.7480470806031779,0.4647599727852522,0.6714045466332009,0.5386046729686302
43,high,53,106,0.3295021270481885,0.5532564068800013,0.5665338253128154,0.7926994348001061,0.5604979485102778
43,high,54,108,0.599937537292971,0.6631853708067617,0.22338584122119026,0.7885837052184436,0.5687731136348416
43,high,55,110,0.4695552433865299,0.9496974281571217,0.3477596111456044,0.3497149243914826,0.5291818017701846
43,high,56,112,0.5949969058009079,0.9453021145176476,0.14559360354978299,0.7238234009922879,0.6024290062151565
43,high,57,114,0.5746223117295404,0.7857393420676715,0.2497424976508556,0.5099494389047525,0.530013397588205
43,high,58,116,0.5579469146194361,0.7653346271397281,0.43280580014796505,0.5051943701137984,0.565320428005232
43,high,59,118,0.1426479399527215,0.7234597262236143,0.17001895738420253,0.9963350533044673,0.5081154192162514
43,high,60,120,0.2310753129198586,0.7672417365160049,0.12627311138488032,0.9974842484127625,0.5305186023083766
43,high,61,122,0.5190774345327007,0.8208231403762648,0.2950222057630851,0.9694564584104899,0.651094809770635
43,high,62,124,0.3447244601118547,0.8688025027173522,0.5268369417040624,0.7459669491564741,0.6215827134224359
43,high,63,126,0.43686792745088954,0.6361909255828455,0.309799751438453,0.5326120572060832,0.4788676654195678
43,high,64,128,0.30245180041018876,0.8355402850148127,0.1791456877707218,0.9571302034057454,0.5685669941503672
43,high,65,130,0.28311467725988765,0.596719518692822,0.1561469233339401,0.9653783085014409,0.5003398569470227
43,high,66,132,0.15556627067619846,0.8138338610801724,0.1730134075678864,0.98401964169721,0.5316082952553668
43,high,67,134,0.3255716813317664,0.6488671930462352,0.08211647713765838,0.5082428680578476,0.3911995548933769
43,high,68,136,0.5809684039014859,0.7406184170261223,0.2335093927565029,0.8425168559303032,0.5994032674036035
43,high,69,138,0.5326740288781644,0.6392154076111917,0.4062718506007434,0.6997807476337705,0.5694855086809675
43,high,70,140,0.23932973391467963,0.9857655280042463,0.49331075289128357,0.5504130539334184,0.567204767185907
43,high,71,142,0.11695170049337372,0.9898603277779585,0.5572708021537597,0.3207509053108254,0.4962084339339793
43,high,72,144,0.20533080794791914,0.8572777585866544,0.3871182015820676,0.4583175339789299,0.4770110755238927
43,high,73,146,0.4042510205480804,0.8273140552606736,0.22494323777112202,0.91549032845948,0.592999660509839
44,rest,0,0,0.5780966235709434,0.6690859954385436,0.3676167843410637,0.3615454642437318,0.4940862168985707
44,rest,1,2,0.8746691422643458,0.3677657996910027,0.44073576468847175,0.3381735768389242,0.5053360708706861
44,rest,2,4,0.8632636555393269,0.3768685367552058,0.2254165061784514,0.37207650336614034,0.45940630045978115
44,rest,3,6,0.5262562403423118,0.2154024664351966,0.3431547669273421,0.41118477310589335,0.37399956170268595
44,rest,4,8,0.3155110937413799,0.24983156849026666,0.46783632741406334,0.5919451096494067,0.40628102482377915
44,rest,5,10,0.6230351315922985,0.3208499663857829,0.9253573261255879,0.6414422152135547,0.627671159829306
44,rest,6,12,0.5827282159515693,0.5016822272572963,0.2737175930285034,0.33681112790092044,0.4237347910345724
44,rest,7,14,0.5626543673836778,0.35942324877099835,0.2710805830766898,0.6274614014148006,0.45515490016154164
44,rest,8,16,0.6550938213706774,0.43650397457756435,0.46030754706804966,0.45777227669676496,0.5024194049282641
44,rest,9,18,0.4812088575923684,0.25117339444281195,0.4341106625467843,0.970276873544997,0.5341924470317404
44,rest,10,20,0.6337524936998127,0.2037909511555631,0.5206487209828919,0.7320192756012113,0.5225528603598698
44,rest,11,22,0.04179880245928076,0.846505635689455,0.7777941945142209,0.9593280842923744,0.6563566792388328
44,rest,12,24,0.12258203748811428,0.8519338078729412,0.7551871376516337,0.9267347979360453,0.6641094452371836
44,rest,13,26,0.6766788139633978,0.1964339626390332,0.6783515360877745,0.7546651654197155,0.5765323695274802
44,rest,14,28,0.6606225101704157,0.2068584908733925,0.5470922549225079,0.4046107203252717,0.45479599407289695
44,rest,15,30,0.636673288115862,0.3021290039853936,0.6639161688812213,0.7387712562135476,0.5853724292990061
44,rest,16,32,0.32037124529286176,0.7243722661551496,0.4953747184766988,0.7116658425201329,0.5629460181112108
44,rest,17,34,0.3265808510722718,0.9697750969831366,0.45332292259201734,0.4773142981039177,0.5567482921878358
44,rest,18,36,0.33468790286790817,0.804404464537235,0.5120763041706893,0.8049561532311621,0.6140312062017487
44,rest,19,38,0.4790654975638265,0.4784355485645597,0.23661733687837486,0.8970927088990229,0.522802772976446
44,rest,20,40,0.34642692860645646,0.6886930632489304,0.724112640688551,0.980040557631032,0.6848182975437425
44,rest,21,42,0.17599285661858402,0.4499796195228567,0.8036410977455686,0.9975273768433653,0.6067852376825936
44,rest,22,44,0.4938085069002541,0.36024417385995283,0.6204516207357923,0.6134347237294338,0.5219847563063582
44,rest,23,46,0.5199984149084482,0.4015426141189867,0.8924612650740587,0.5570041468805879,0.5927516102455204
44,rest,24,48,0.8200485735700819,0.3405142035361353,0.31796604755496277,0.39883367715869966,0.4693406254549699
44,rest,25,50,0.7540347774852001,0.3775204966268468,0.7451221690094411,0.3389288247774314,0.5539015669747298
44,rest,26,52,0.6680173496829785,0.4824219848819136,0.18458568837578115,0.81983425637658,0.5387148198293134
44,rest,27,54,0.24129429214968565,0.40196982783006374,0.40944886732776825,0.9679821144557165,0.5051737754408085
44,rest,28,56,0.521232856142758,0.4569631612855727,0.2477953064956796,0.8961642296339982,0.5305388883895021
44,rest,29,58,0.780471227872036,0.6477730069234301,0.5715249979460436,0.2523155110342607,0.5630211859439426
44,rest,30,60,0.7105534840097837,0.39631941606224247,0.6590024769273419,0.5002545120680655,0.5665324722668583
44,rest,31,62,0.6807622918915812,0.3580559148529047,0.2400238062301327,0.4857659145157284,0.4411519818725868
44,rest,32,64,0.40795314762274054,0.2231526168235922,0.2561237060142104,0.6296841204933809,0.379228397738481
44,rest,33,66,0.4895512075489304,0.28130114899737674,0.33842724528174195,0.4499578921440388,0.38980937349302197
44,rest,34,68,0.7022232525855445,0.42750671914494925,0.2539161637955937,0.479051662380216,0.4656744494765759
44,rest,35,70,0.3756540603532627,0.8777588373541113,0.7521874556375715,0.5510186369783642,0.6391547475808275
44,rest,36,72,0.3795301816108588,0.8327784025095979,0.29971143090352925,0.49879879809078503,0.5027047032786927
44,rest,37,74,0.5372275223547749,0.3036231332025385,0.14017131279221454,0.2481288339340531,0.3072877005708953
44,rest,38,76,0.4054332357852715,0.31013084345655517,0.4009726483526785,0.5893398007978786,0.426469132098096
44,rest,39,78,0.2840713467812452,0.16066059007935204,0.7319574871161914,0.9873753083886014,0.5410161830913475
44,rest,40,80,0.02858660134002436,0.9202451168663024,0.9968550560861313,0.15939343061986452,0.5262700512280806
44,rest,41,82,0.026820284595111182,0.8979110675728466,0.9968486985022008,0.16056699896834137,0.520536762409625
44,rest,42,84,0.5399860369651914,0.7669968803390574,0.4568718810256496,0.4628288639246741,0.5566709155636431
44,rest,43,86,0.4247523886606639,0.3111840697100404,0.666393374691504,0.44418046203840184,0.4616275737751525
44,rest,44,88,0.4669613710942534,0.2563566283032936,0.3858379322313387,0.4997454879319346,0.40222535489020506
44,rest,45,90,0.6082949716927603,0.6879958649149143,0.17333522872664814,0.605317081452974,0.5187357866968242
44,rest,46,92,0.3823216822797397,0.8445522008079783,0.871733555728055,0.31604136599280647,0.6036622012021449
44,rest,47,94,0.4827261532068839,0.8600924905923555,0.5907392294788566,0.32513777957562795,0.564673913213431
44,rest,48,96,0.83770780046382,0.4983177727427036,0.41691707833839203,0.2743635932405213,0.5068265611963592
44,rest,49,98,0.7072731977221337,0.657578085651911,0.7065963088468423,0.4407479795685682,0.6280488929473638
44,rest,50,100,0.5817808177726831,0.6655169546504157,0.7223635715101424,0.276101060427474,0.5614406010901788
44,rest,51,102,0.335611693841737,0.6329102577656213,0.3900404737769516,0.9065939156229619,0.5662890852518179
44,rest,52,104,0.32110910206937426,0.5581349729528996,0.49010615039183114,0.35015454841548155,0.42987619345739664
44,rest,53,106,0.4519977398812208,0.5732583876020452,0.40574610785886317,0.838270286006128,0.5673181303370642
44,rest,54,108,0.4630457472671591,0.5263344822940799,0.6825526131325674,0.7485498963541148,0.6051206847619803
44,rest,55,110,0.36274186729644986,0.9323611193728563,0.5248332120797609,0.405958285193423,0.5564736209856226
44,rest,56,112,0.3132126544126163,0.8083799491533807,0.6450606026288672,0.44732557446094223,0.5534946951639517
44,rest,57,114,0.26958540411925846,0.5344776259922546,0.5152608570142038,0.6525662165471289,0.4929725259182114
44,rest,58,116,0.3944174254228841,0.5730083923478562,0.751862612891775,0.4960683357629292,0.5538391916063611
44,rest,59,118,0.8850463519029445,0.5157340486789284,0.3743045939581496,0.41420808176992047,0.5473232690774856
44,rest,60,120,0.9141500886773711,0.35559594759166263,0.3297020243418406,0.3470953714251252,0.4866358580089999
44,rest,61,122,0.7015684911820037,0.4597951103637049,0.3669115391430938,0.2713220484730048,0.44989929729045175
44,rest,62,124,0.6724426307939684,0.6800054334569647,0.47753488228861807,0.2091920448628367,0.509793747850597
44,rest,63,126,0.2913570835057971,0.5764681009218373,0.16520010346570133,0.7533940643334901,0.4466048380567065
44,rest,64,128,0.24991258291152627,0.45973726053116637,0.5046252815233011,0.7407252350829285,0.4887500900122306
44,rest,65,130,0.7165491353410497,0.40903502158147914,0.6634419454289242,0.43471809881117435,0.5559360502906568
44,rest,66,132,0.5498711311074681,0.5103610850426694,0.588806302587437,0.8986233289300753,0.6369154619169124
44,rest,67,134,0.674163825556622,0.5382180187288693,0.7143629381922201,0.9929176633634841,0.7299156114602989
44,rest,68,136,0.35168516451394166,0.6309944826191458,0.5466073616182071,0.903158149605366,0.6081112895891652
44,rest,69,138,0.5590804531522099,0.41074227730543783,0.6249690178423047,0.46680180326241044,0.5153983878905908
44,rest,70,140,0.506191493099746,0.9446836902154857,0.5279889949962154,0.7858036263732765,0.6911669511711809
44,rest,71,142,0.771182549209058,0.6012942263824637,0.2772489777422141,0.27553991189699334,0.4813164163076823
44,rest,72,144,0.4814365331989311,0.8095629583419002,0.35786960579136196,0.6672396261308058,0.5790271808657498
44,rest,73,146,0.17037169968405041,0.901826606830038,0.6433007016807789,0.5802531237091222,0.5739380329759973
44,high,0,0,0.06997575022873395,0.9299782506787615,0.453667994041911,0.1632355494378046,0.40421438609680277
44,high,1,2,0.0752634858450222,0.9016981086948588,0.5789113521341492,0.1869848912151647,0.4357144594722987
44,high,2,4,0.0024726231566347743,0.966920440122372,0.9922395237648935,0.1937271938877092,0.5388399452329025
44,high,3,6,0.01023496024948562,0.9341983084621451,0.8296674221110791,0.17439855011811967,0.4871248102352074
44,high,4,8,0.1375820956916997,0.9800239175856527,0.5569041495055346,0.6099267910797752,0.5711092384656655
44,high,5,10,0.4891962226440616,0.7960998304540634,0.3698173853275632,0.8334124049710485,0.6221314608491841
44,high,6,12,0.1729315500048046,0.716921870185698,0.3437352951784402,0.7550109169686756,0.4971499080844046
44,high,7,14,0.7440297052474819,0.5445005072194541,0.13346344898565668,0.7347791524578554,0.539193203477612
44,high,8,16,0.472708713996037,0.5962248015540244,0.42064416751658706,0.8302236188282871,0.5799503254737338
44,high,9,18,0.30874129966033675,0.6811768216313483,0.45634050626550227,0.985245635307261,0.6078760657161121
44,high,10,20,0.29212798965794745,0.6522737800607219,0.38592649079686353,0.9432172319274529,0.5683863731107465
44,high,11,22,0.6325594535745461,0.6175808757427315,0.2514493757050693,0.3803997975062962,0.47049737563216076
44,high,12,24,0.44573823153165454,0.47948736229691885,0.2475386598906179,0.7135487418623702,0.47157824889539035
44,high,13,26,0.33933386962618134,0.5245242727912053,0.45122204746719624,0.5612299773029367,0.4690775417968799
44,high,14,28,0.7022208841672595,0.7372225749550787,0.5180272548667157,0.19991559230220401,0.5393465765728145
44,high,15,30,0.3948640546896157,0.46857875950064026,0.46843837524766324,0.5876802237685975,0.4798903533016292
44,high,16,32,0.26320432301721264,0.471773969733897,0.40075870854273776,0.797570555598716,0.4833268892231409
44,high,17,34,0.37975103303406216,0.7248312323015391,0.3125508954605767,0.7568448223219443,0.5434944957795306
44,high,18,36,0.3035183947726521,0.8344352061019816,0.3642221577811404,0.6387692219544927,0.5352362451525667
44,high,19,38,0.150764389709186,0.9681288794587727,0.9524699400936828,0.24778838088359054,0.579787897536308
44,high,20,40,0.08832388047295797,0.9795588852394292,0.9378102101359967,0.20461973058727953,0.552578176608916
44,high,21,42,0.12286278775919221,0.7922587758585699,0.5008179630401111,0.16591293421168032,0.39546311521738836
44,high,22,44,0.03440826903707785,0.8950966851736335,0.9076268509309631,0.22542716316092232,0.5156397420756492
44,high,23,46,0.12114654480960553,0.8375795337827299,0.9018478328705289,0.6971013311187589,0.6394188106454058
44,high,24,48,0.4769023908709847,0.3633552203671727,0.40531972741811967,0.4822494266214254,0.43195669131942566
44,high,25,50,0.34577049660502207,0.4139629844306601,0.3607188298784252,0.2795574225766555,0.3500024333726907
44,high,26,52,0.41743127042173095,0.6854825367835803,0.4412382930925807,0.5489070522969413,0.5232647881487082
44,high,27,54,0.30819683851646185,0.5351554128231865,0.44287834974454243,0.5795527058493808,0.46644582673339285
44,high,28,56,0.21518907313950503,0.5541203353418989,0.24851733227876724,0.6783559688212106,0.42404567739534543
44,high,29,58,0.4147396224029307,0.6888096128699775,0.5052523322756641,0.7640371770402097,0.5932096861471956
44,high,30,60,0.3989531123144323,0.7390965048619358,0.4951765007574417,0.8991058739428701,0.63308299796917
44,high,31,62,0.40229807428340764,0.6996482397364926,0.4695251322357081,0.9016752046124359,0.618286662717011
44,high,32,64,0.32039199876400787,0.5383277645308442,0.32815057914474416,0.7581282742239441,0.48624965416588506
44,high,33,66,0.30609846529313456,0.5820042266270685,0.4303410727405079,0.5966046450761372,0.478762102434212
44,high,34,68,0.466953185839596,0.627504085129775,0.5358835215304899,0.4475957402817807,0.5194841331954103
44,high,35,70,0.41099295094668803,0.7023045976335804,0.24761678306097676,0.8955024845259312,0.5641042040417941
44,high,36,72,0.2943855553782151,0.6293752337915659,0.4214260728381448,0.6546672026211409,0.4999635161572667
44,high,37,74,0.5184808898130914,0.552199964217574,0.4185285504378857,0.42525027856707387,0.4786149207589062
44,high,38,76,0.6154564076702911,0.5267287710748498,0.1660254287393595,0.2218519938169967,0.38251565032537427
44,high,39,78,0.21942357342312488,0.9857007348503348,0.7143702189148315,0.8352680288092145,0.6886906389993764
44,high,40,80,0.02160902882873259,0.9708493264250855,0.9879971721769489,0.1721264081379057,0.5381454838921682
44,high,41,82,0.06258292958861185,0.9421246610188447,0.8432315738203389,0.16832503164470616,0.5040660490181254
44,high,42,84,0.25668253666848345,0.7876508690165138,0.3229825999626093,0.6546868810556045,0.5055007216758027
44,high,43,86,0.7350764827311,0.5690709707768673,0.36912645007869516,0.27224188441969804,0.4863789470015901
44,high,44,88,0.21807022117115887,0.801067167859777,0.24971099076272973,0.2590879157211424,0.38198407387870204
44,high,45,90,0.13795498176926793,0.8620447173949487,0.28110594244751086,0.6832503301384428,0.4910889929375426
44,high,46,92,0.4849306236599876,0.8070128487689368,0.8014437213972692,0.28916453567886075,0.5956379323762635
44,high,47,94,0.3731170400916325,0.7489123594571947,0.534587764052404,0.5768272288177584,0.5583610981047474
44,high,48,96,0.2457903118608659,0.5686853351348375,0.6996823294288665,0.5911888248560967,0.5263367003201667
44,high,49,98,0.344985010930759,0.4929365449128225,0.2681040615780514,0.4093329390082152,0.37883963910746205
44,high,50,100,0.3391536528109782,0.5439734095236531,0.3560599059091101,0.5532653857151927,0.4481130884897335
44,high,51,102,0.3770429529516556,0.47210410329957064,0.4166642568662881,0.5979659291362368,0.46594431056343777
44,high,52,104,0.48354019874807214,0.6412208682761054,0.41818487518817243,0.3599475118227669,0.4757233635087792
44,high,53,106,0.5663312071976782,0.4859163182871837,0.334878877486876,0.31391823296748905,0.4252611589848067
44,high,54,108,0.6505409507260799,0.7538262962730885,0.24671709065771205,0.27160139629481184,0.48067143348792307
44,high,55,110,0.6304819241139671,0.48486383750369727,0.7274332561112635,0.3170276075617528,0.5399516563226702
44,high,56,112,0.24760848089288412,0.5519939205331122,0.5967490215608476,0.690329085365963,0.5216701270882017
44,high,57,114,0.0024726231566347743,0.9860514144995219,0.994760234863843,0.7569619239218282,0.685061549110457
44,high,58,116,0.0024726231566347743,0.984062686391828,0.9951902157008629,0.5700751596415697,0.6379501712227239
44,high,59,118,0.08372903402484061,0.9299777975082827,0.7522546048378426,0.16022568066017148,0.48154677925778433
44,high,60,120,0.02876109741991814,0.8321075388349158,0.985894180093087,0.18442803993936246,0.5077977140718208
44,high,61,122,0.22432571258916278,0.9136521409624241,0.6718143118815312,0.24053853301278863,0.5125826746114767
44,high,62,124,0.10914891835654762,0.8033919688130183,0.8811596601474819,0.3468865811873027,0.5351467821260877
44,high,63,126,0.26230031782234925,0.6207122376651544,0.5461836044189942,0.4293589341275585,0.4646387735085141
44,high,64,128,0.00317127861451453,0.855923199599059,0.8288924525931471,0.5998851660202859,0.5719680242067516
44,high,65,130,0.004543655922445268,0.8898868162607666,0.6454514560163978,0.7924113759018995,0.5830733260253773
44,high,66,132,0.5058885772190832,0.8626038307276376,0.5458569068793159,0.27533056449737336,0.5474199698308524
44,high,67,134,0.4479390046332129,0.79596041427571,0.3268560663186535,0.5430399195693933,0.5284488511992425
44,high,68,136,0.03520229935219741,0.7839533614876717,0.9622092675533517,0.41417243129261555,0.5488843399214591
44,high,69,138,0.003148223695593596,0.9144796197003392,0.822461455960659,0.17070433216509548,0.4776984078804218
44,high,70,140,0.026879360632526255,0.8605895190401575,0.8455167207070767,0.162584648232437,0.4738925621530493
44,high,71,142,0.14611509276159368,0.8054538831310921,0.879890980615222,0.38418586065855215,0.5539114542916149
44,high,72,144,0.624146160968456,0.7426440439088041,0.2821016083367765,0.5469826080849856,0.5489686053247556
44,high,73,146,0.6120244893218646,0.7593655647729421,0.17422726342625536,0.647108376941064,0.5481814236155316
45,rest,0,0,0.47987683065152315,0.6330722980248443,0.21766095302148014,0.4870480757736324,0.45441453936787
45,rest,1,2,0.17265082912940186,0.47160279662863436,0.397747032315676,0.5535362042787905,0.3988842155881257
45,rest,2,4,0.29773001981337555,0.272749432954032,0.6946383274986,0.3687635645428823,0.4084703362022224
45,rest,3,6,0.4457990196102835,0.490207619026864,0.37288565094573106,0.3249651018923573,0.4084643478688089
45,rest,4,8,0.41138736390801606,0.35790598676241736,0.3329706287203541,0.6738184731113738,0.4440206131255403
45,rest,5,10,0.16566912967133035,0.7198650035365862,0.3186499265047959,0.9438809801377981,0.5370162599626276
45,rest,6,12,0.24581655088043103,0.6594994847522558,0.25152333472576927,0.7231258053230532,0.4699912939203773
45,rest,7,14,0.5372727737148036,0.6410036164093648,0.8953466562807002,0.48469113589669155,0.6395785455753901
45,rest,8,16,0.3345348401580407,0.7328719584905782,0.4249826075706281,0.7164887409695315,0.5522195367971946
45,rest,9,18,0.3344917734526029,0.5205613594324533,0.8239335892631787,0.5512627835142556,0.5575623764156226
45,rest,10,20,0.6027693876146178,0.49919185703111607,0.414028679105119,0.607218393394419,0.530802079286318
45,rest,11,22,0.47182555690445754,0.6527298475850513,0.37529519859906585,0.3962139951496832,0.47401614955956445
45,rest,12,24,0.19910330059345488,0.6460855128303366,0.5448798865083375,0.9255197562458098,0.5788971140444847
45,rest,13,26,0.6260363552487934,0.7199684620345339,0.30475430613744714,0.4431284684141615,0.5234718979587341
45,rest,14,28,0.6595380434010908,0.5467681438100411,0.33637111219451804,0.5230918763105056,0.516442293929039
45,rest,15,30,0.7588900450381173,0.5859944316513124,0.6798302150186067,0.377636106418734,0.6005876995316927
45,rest,16,32,0.4081185572905734,0.576693964034222,0.41677821656027836,0.2837383082531689,0.4213322615345606
45,rest,17,34,0.2157320036228622,0.2833249293533246,0.7193654965068775,0.7683488235907382,0.4966928132684506
45,rest,18,36,0.6765759804116089,0.28094567383859614,0.7416742163433648,0.835219064007545,0.6336037336502787
45,rest,19,38,0.5889702664589048,0.69310698489661,0.4614708010794108,0.37623911732151616,0.5299467924391105
45,rest,20,40,0.35325485283344465,0.7275681978486293,0.2892214516815679,0.3802744705430867,0.43757974322668214
45,rest,21,42,0.52756960323717,0.41311782928096363,0.32860384795213254,0.3947475860205142,0.41600971662269504
45,rest,22,44,0.7070341985338132,0.40030192389096814,0.43769279371776626,0.24274240433590893,0.4469428301196141
45,rest,23,46,0.5636855789093113,0.5193444125949364,0.7794042147423024,0.7311378843311396,0.6483930226444223
45,rest,24,48,0.6334578570856495,0.5008081429688839,0.37501099515479286,0.37336397023412865,0.47066024136086376
45,rest,25,50,0.6477227760682729,0.49769219948102633,0.45808181150978083,0.35513920145758854,0.48965899712916716
45,rest,26,52,0.7374594441217948,0.7122617986488531,0.6680631298469862,0.4153867967965458,0.633292792353545
45,rest,27,54,0.8170148052491375,0.8643925764727725,0.11527688326592489,0.8006214197966577,0.6493264211961232
45,rest,28,56,0.678272525712335,0.7441346876345079,0.6296176385344621,0.79403921275784,0.7115160161597862
45,rest,29,58,0.29306322472714474,0.5180993490749631,0.6070560859577027,0.38373181914692156,0.45048761972668305
45,rest,30,60,0.1754195452604899,0.3338465442710245,0.7298154773898066,0.36842267627606107,0.40187606079934557
45,rest,31,62,0.26053420415794115,0.24531493292031956,0.5733393675217175,0.6682849539888589,0.4368683646472093
45,rest,32,64,0.7395247056942458,0.3510153746262592,0.5711922898821413,0.5227260826713923,0.5461146132185096
45,rest,33,66,0.6091504409519997,0.5824431196315237,0.6482178946952631,0.3163592332158805,0.5390426721236667
45,rest,34,68,0.7284646347086955,0.45918976846692283,0.796670364258084,0.4613001843588448,0.6114062379481368
45,rest,35,70,0.37020592303939465,0.6655033855734925,0.8959491891807446,0.6651708464135879,0.6492073360518049
45,rest,36,72,0.25397776505380276,0.5544294893513789,0.88827888993515,0.8992078885728898,0.6489735082283055
45,rest,37,74,0.40664423343916345,0.7821941335623437,0.7641704403325948,0.5186391384500968,0.6179119864460496
45,rest,38,76,0.5242878208996944,0.8098091028505798,0.4822256860465712,0.17543916174953383,0.49794044288659484
45,rest,39,78,0.557213107432793,0.747970088261685,0.5878752910956965,0.41692939096059406,0.5774969694376921
45,rest,40,80,0.5478320564414755,0.507986676674232,0.27774872098583425,0.6082077940834225,0.4854438120462411
45,rest,41,82,0.5429540593663523,0.28359931085797196,0.4439804749367155,0.8251225937546366,0.523914109728919
45,rest,42,84,0.2511598685699549,0.2990068066286049,0.6485701149089974,0.7682114233088461,0.4917370533541009
45,rest,43,86,0.20169204954438136,0.2854935010809839,0.8240031923498535,0.5965115247862497,0.47692506694036707
45,rest,44,88,0.21098034308009483,0.2815645944341404,0.6605201364441962,0.6318193496362629,0.4462211058986736
45,rest,45,90,0.30172364926035333,0.3120823067270958,0.7262842952397224,0.7679798051736509,0.5270175141002056
45,rest,46,92,0.5288929378921252,0.41543385259425075,0.738489728829193,0.508661595168838,0.5478695286211017
45,rest,47,94,0.5150767478261576,0.5184092020053719,0.49391537026280025,0.896427276490934,0.605957149146316
45,rest,48,96,0.5047348460474192,0.23403601396968668,0.5214685001280283,0.9534675991301389,0.5534267398188182
45,rest,49,98,0.31860661037044463,0.2549494111829546,0.51378435757979,0.7808656306832928,0.4670515024541205
45,rest,50,100,0.3231190876211297,0.16448341607724776,0.37263304169987965,0.8071143993357609,0.41683748618350447
45,rest,51,102,0.6373551638886263,0.23256796533636856,0.7414026762883261,0.8560363239020213,0.6168405323538356
45,rest,52,104,0.323381796612735,0.6310279482009383,0.6420477066881699,0.2468015212103985,0.46081474317806037
45,rest,53,106,0.19613799194410603,0.36518232203408907,0.3811175187989246,0.7159817365845473,0.41460489234041675
45,rest,54,108,0.3787755766395029,0.3175703175179549,0.6555640885997936,0.42611779551503576,0.4445069445680718
45,rest,55,110,0.695255066579756,0.5630864477872641,0.4780641723680726,0.3282595783760812,0.5161663162777935
45,rest,56,112,0.6924514637165494,0.2877175256858022,0.44339808041399614,0.5172103885422862,0.4851943645896585
45,rest,57,114,0.49033013597248504,0.2712313816307129,0.5331796469498109,0.7508700718364683,0.5114028090973692
45,rest,58,116,0.24868442430343,0.1882881123212274,0.7116893482987898,0.5797279396595089,0.432097456145739
45,rest,59,118,0.539125925093087,0.3839214195691903,0.5870601267552966,0.4913384048311621,0.500361469062184
45,rest,60,120,0.5213852046397984,0.5387747296686178,0.4505552089295783,0.7067603567327317,0.5543688749926816
45,rest,61,122,0.7227972188280783,0.8608226407686829,0.1426938940649263,0.4309956932984469,0.5393273617400336
45,rest,62,124,0.6114892157808335,0.933783729440954,0.12384040611419833,0.4577300298201233,0.5317108452890273
45,rest,63,126,0.7216853501175187,0.8847228984481849,0.5060846297371997,0.34195263987392643,0.6136113795442074
45,rest,64,128,0.655563474336474,0.5793061780558365,0.19599018361334533,0.34016522398574395,0.44275626499785
45,rest,65,130,0.7221347259101206,0.7506570192752285,0.12615906460173407,0.19241495716151102,0.44784144173714857
45,rest,66,132,0.4952651539525807,0.4766472304817662,0.2677457020402789,0.2227286529621583,0.36559668485919605
45,rest,67,134,0.15197132420386583,0.45431270879390334,0.1817208022590742,0.45781249135954843,0.31145433165409797
45,rest,68,136,0.612215817789537,0.5648691251189587,0.46727040943985426,0.4857805656578847,0.5325339795015587
45,rest,69,138,0.574855229161488,0.20217471424990371,0.6502227362035168,0.8237449539105202,0.5627494083813571
45,rest,70,140,0.3618504571950027,0.24091822250805311,0.31747936742365596,0.3092743935420556,0.30738061016719187
45,rest,71,142,0.43327331177212913,0.4308849932773896,0.8995125545148475,0.19608186673206945,0.4899381815741089
45,rest,72,144,0.3181917055793505,0.4024259082766616,0.33861474730927343,0.207342241950126,0.31664365077885287
45,rest,73,146,0.26463247708608734,0.3076752399206606,0.7639327044553332,0.43544154369053195,0.44292049128815325
45,high,0,0,0.7982106818219015,0.9571409391986391,0.23929446685656158,0.8912175830909445,0.7214659177420116
45,high,1,2,0.7922043087650256,0.9718196236514595,0.471202627942067,0.981922427139712,0.804287246874566
45,high,2,4,0.8541873562980651,0.9484211997967009,0.34754471303767276,0.8892883291937711,0.7598603995815524
45,high,3,6,0.8693447488220917,0.9794241001867581,0.23671094714315893,0.613263931605873,0.6746859319394705
45,high,4,8,0.9833367030975255,0.94656007521932,0.8604662896992887,0.45627055686119183,0.8116584062193315
45,high,5,10,0.9510603722807632,0.906356750612648,0.3235418998487814,0.8990252513418584,0.7699960685210128
45,high,6,12,0.8239503361426579,0.9506008750212936,0.5847026309518852,0.912152432480993,0.8178515686492074
45,high,7,14,0.08026683454902432,0.9973743605491547,0.8453671194618922,0.9975273768433653,0.7301339228508591
45,high,8,16,0.8212713678691421,0.9776919929096541,0.8469590865085485,0.8055639956106315,0.862871610724494
45,high,9,18,0.9010528469910007,0.9785888767447926,0.4005931762528778,0.9956391303905687,0.81896850759481
45,high,10,20,0.6277699050804378,0.9507138429359073,0.7093341944732267,0.9164192730597257,0.8010593038873244
45,high,11,22,0.3588868629313316,0.8570947642575562,0.5459972578352569,0.7162798592444966,0.6195646860671603
45,high,12,24,0.7329050815926783,0.9155162442737742,0.6506678186296019,0.6642425138199229,0.7408329145789943
45,high,13,26,0.6342583024764723,0.9647204781366848,0.7241857009783965,0.38855146225705717,0.6779289859621527
45,high,14,28,0.19627948200356277,0.9856062646649861,0.7541701487454018,0.9867511297129659,0.7307017562817291
45,high,15,30,0.5650278431500694,0.9871353960692961,0.8081077338786445,0.9269070878481311,0.8217945152365354
45,high,16,32,0.6734652406506749,0.9931868157440605,0.6038421393530886,0.780388986065024,0.7627207954532121
45,high,17,34,0.7472413005067862,0.938451081612948,0.4401736087456562,0.8467875227509338,0.743163378404081
45,high,18,36,0.33482262842279,0.8490174418936749,0.41905756348732265,0.8700432687498622,0.6182352256384124
45,high,19,38,0.4489937797147257,0.9152085975392902,0.32576159922992165,0.9096868309404482,0.6499127018560964
45,high,20,40,0.3545182865494845,0.9445568331231516,0.7430767659544275,0.9249809847228215,0.7417832175874713
45,high,21,42,0.7220835176043829,0.8745651265687943,0.4634400500233979,0.421885753761334,0.6204936119894772
45,high,22,44,0.35643200194031416,0.9583453415032727,0.7413261234197361,0.8964490316022828,0.7381381246164014
45,high,23,46,0.11773433967297262,0.9551599749114302,0.38855315960291403,0.9639632465464416,0.6063526801834396
45,high,24,48,0.4341081109762913,0.9851117704339487,0.7534573786334449,0.9087953405936171,0.7703681501593254
45,high,25,50,0.8135169334100716,0.9332799995994359,0.40284148638988576,0.9880524415915738,0.7844227152477418
45,high,26,52,0.7037151191373545,0.8767964746632297,0.31255544033574906,0.9965686690146488,0.7224089257877455
45,high,27,54,0.7700409705887732,0.957125001881165,0.58204979044154,0.7110829253678053,0.7550746720698208
45,high,28,56,0.3514480893691545,0.9898192855670024,0.8420595816499495,0.88229641744568,0.7664058435079466
45,high,29,58,0.3329560328759972,0.9829614945264363,0.7809566966915935,0.8850320229772088,0.745476561767809
45,high,30,60,0.7011595562181692,0.9653580936313146,0.6717668786995111,0.7244698948170418,0.7656886058415092
45,high,31,62,0.17826242702063794,0.9927765252586261,0.6789330694394653,0.9527937606637378,0.7006914455956168
45,high,32,64,0.11071972549511722,0.9924885634152885,0.6910735867385446,0.8838540433775822,0.6695339797566332
45,high,33,66,0.23278947236352154,0.9774176804582668,0.5952529092466663,0.975965002264596,0.6953562660832626
45,high,34,68,0.5159923331490103,0.9751090335400397,0.46630043739530325,0.9943110449747151,0.7379282122647671
45,high,35,70,0.523312155802561,0.9887952266924147,0.19015338825805592,0.9556062411151712,0.6644667529670507
45,high,36,72,0.7066500637492374,0.9635770878829109,0.5655885069686947,0.9819984460021843,0.8044535261507568
45,high,37,74,0.41096934054406814,0.9776158868518963,0.18085547980496008,0.9258363108288131,0.6238192545074345
45,high,38,76,0.31633867321619025,0.9946320016715358,0.7495747837584777,0.6574954026422298,0.6795102153221083
45,high,39,78,0.8437000715886807,0.8717640427599933,0.6808429784836717,0.899026730686771,0.8238334558797791
45,high,40,80,0.6541422672615825,0.9445648578125879,0.5066040392048793,0.9173541520581765,0.7556663290843066
45,high,41,82,0.8124319577193908,0.9690621807217855,0.24142633879722455,0.6559925676403707,0.6697282612196929
45,high,42,84,0.6122573333373001,0.9790463741730963,0.4181978568651018,0.8238108324237015,0.7083280991997999
45,high,43,86,0.6159366671378368,0.9975273768433653,0.6466536042992077,0.6719946722217732,0.7330280801255458
45,high,44,88,0.874400813786385,0.9874388261042661,0.8358045735002361,0.9530346690002323,0.9126697205977798
45,high,45,90,0.7892822869835976,0.9854465425025936,0.8502526753368175,0.8426099600279785,0.8668978662127468
45,high,46,92,0.9425554695517052,0.9403053275828307,0.5519644939116796,0.8827266997485941,0.8293879976987024
45,high,47,94,0.8707066802909669,0.9319946123060387,0.329691759958247,0.3999709662610555,0.633091004704077
45,high,48,96,0.7583443588421598,0.9452060838284116,0.7889760762705129,0.6722971469638007,0.7912059164762213
45,high,49,98,0.35270660128525994,0.9864467649077766,0.7915062029558978,0.8947436407015288,0.7563508024626158
45,high,50,100,0.49954406789977446,0.9914922565998192,0.6162294105071994,0.968074863841967,0.76883514971219
45,high,51,102,0.8614587397457201,0.9402773377482274,0.8164274322247365,0.9729760647550509,0.8977848936184338
45,high,52,104,0.8105474724524575,0.9371600660809162,0.45871117767370106,0.7068001151023799,0.7283047078273637
45,high,53,106,0.8859692677199703,0.9521590891788181,0.4974410018322509,0.4647196092597323,0.700072241997693
45,high,54,108,0.6700992799154617,0.9706218053758887,0.6596973326835139,0.5632232156994328,0.7159104084185743
45,high,55,110,0.6219465428770599,0.9670893398659997,0.5697967622105562,0.8672064623880924,0.756509776835427
45,high,56,112,0.5738077035021901,0.9525809181430367,0.5186756571566656,0.9471907488724851,0.7480637569185944
45,high,57,114,0.8769671726951819,0.9819601102866325,0.5310578195877614,0.9439260841487738,0.8334777966795874
45,high,58,116,0.7636405719289618,0.9854070947006621,0.652283314227329,0.8484248405282676,0.8124389553463051
45,high,59,118,0.43488045300274136,0.9674862576596321,0.6690882200421921,0.8704455705700475,0.7354751253186533
45,high,60,120,0.33213082989911163,0.9144700729293161,0.22583903626556404,0.4280606975159472,0.47512515915248477
45,high,61,122,0.4647046639739535,0.9457492664242878,0.5554487153761981,0.6356462955214173,0.6503872353239641
45,high,62,124,0.5192771807368167,0.9667583698265095,0.47234815746926756,0.628852647899773,0.6468090889830918
45,high,63,126,0.5748481295312776,0.961996496057177,0.8285283463442321,0.908400634737383,0.8184434016675175
45,high,64,128,0.665320760916259,0.9575310565978388,0.7254792194417394,0.9932629261575388,0.835398490778344
45,high,65,130,0.6124086421760935,0.9746042348801391,0.2847057738970193,0.8767190462113942,0.6871094242911615
45,high,66,132,0.2060382478444572,0.9564333446897489,0.7456563133938119,0.9174337667145648,0.7063904181606457
45,high,67,134,0.5373098782002439,0.9132256539369853,0.43643468344069614,0.7603431225497859,0.6618283345319278
45,high,68,136,0.6027147242820641,0.9468121357760326,0.8345760370581558,0.9102670042280985,0.8235924753360877
45,high,69,138,0.42905426086426934,0.9415909174839442,0.6795236346299149,0.91207918252195,0.7405619988750196
45,high,70,140,0.4810240583468628,0.9670158725437187,0.61909643344962,0.6524933888852755,0.6799074383063692
45,high,71,142,0.8257017327148221,0.9748313758564734,0.7704181144963256,0.6034469641734682,0.7935995468102723
45,high,72,144,0.7288626149866843,0.9507102450790058,0.2795423113578644,0.5296698776639763,0.6221962622718826
45,high,73,146,0.895105065711675,0.9612621736384913,0.405208596251925,0.9481547385648512,0.8024326435417357
46,rest,0,0,0.5611677265052416,0.46054750097510366,0.23870364309370595,0.24897338335229616,0.37734806348158684
46,rest,1,2,0.6210891816665982,0.3225719406022691,0.4321119508592131,0.4399492310448053,0.4539305760432214
46,rest,2,4,0.7807779404042176,0.3928265970600156,0.5184803845683366,0.41883768507022356,0.5277306517756983
46,rest,3,6,0.6916050150614865,0.5229653275637125,0.5973626045784403,0.6368979318641139,0.6122077197669382
46,rest,4,8,0.6184091083520419,0.750379892429272,0.5072163570500294,0.5198876648659745,0.5989732556743295
46,rest,5,10,0.5588459779393823,0.7199276381746311,0.6140298923978269,0.28686036177793117,0.5449159675724429
46,rest,6,12,0.6999087230701219,0.5932996764281188,0.28510288189484434,0.5044876194407266,0.5206997252084529
46,rest,7,14,0.502692090410693,0.3613890464486564,0.46077196386495956,0.7655823586938751,0.522608864854546
46,rest,8,16,0.5460628057698683,0.23857261146336226,0.15204713365812064,0.5711080832788908,0.3769476585425605
46,rest,9,18,0.6607000399438293,0.7859795215361791,0.4958200465940276,0.39013556708762553,0.5831587937904154
46,rest,10,20,0.7882614878677758,0.8134701447996694,0.17198865743882,0.2545148680204094,0.5070587895316686
46,rest,11,22,0.8616453281733889,0.6684621983671302,0.7207413194815416,0.23475610608499414,0.6214012380267637
46,rest,12,24,0.7076211182064676,0.3044613036051471,0.5635933875768571,0.3379124967967676,0.4783970765463098
46,rest,13,26,0.7501978548249275,0.5541306800707594,0.6090222399695978,0.3867483302257207,0.5750247762727514
46,rest,14,28,0.5427971415322559,0.5390475450906157,0.6615180091778134,0.3321956573773604,0.5188895882945114
46,rest,15,30,0.7532703966435188,0.45509752333995684,0.21895928614519108,0.27304144801063923,0.4250921635348265
46,rest,16,32,0.502887480013344,0.38690874527999386,0.6523373117783466,0.5317561272983967,0.5184724160925204
46,rest,17,34,0.263560164233077,0.27371519044261,0.3871127378178465,0.6908293485041842,0.40380436024942945
46,rest,18,36,0.20220243616919864,0.19744765655973637,0.8518532181649051,0.7940629281399587,0.5113915597584497
46,rest,19,38,0.25957987262700916,0.5633098537981921,0.7375210760977142,0.24403418719151013,0.4511112474286064
46,rest,20,40,0.15492129674525687,0.332084107121328,0.9083570847187946,0.2820299228560993,0.4193481028603697
46,rest,21,42,0.09142943906166967,0.08756849770075863,0.3772512256522349,0.6506805789410481,0.30173243533892785
46,rest,22,44,0.4923389484298645,0.4559185524734122,0.5544828224460208,0.4860677759320947,0.49720202482034803
46,rest,23,46,0.03500066517682638,0.05395713934461381,0.4762542248407449,0.97539108054543,0.3851507774769038
46,rest,24,48,0.022237696633848277,0.058152370648710996,0.5973382684268358,0.9845816419180591,0.41557749440686353
46,rest,25,50,0.6808371467670594,0.34909376186840013,0.7065494467959554,0.26708222111060864,0.5008906441355059
46,rest,26,52,0.08208948121418883,0.13313286359679408,0.49079518339302175,0.2145110865295217,0.23013215368338158
46,rest,27,54,0.06478401343500145,0.045549706326321084,0.12140283765869474,0.4951788274502244,0.1817288462175604
46,rest,28,56,0.45387934124450596,0.11144268616476818,0.9128228259161663,0.8926112842943046,0.5926890344049363
46,rest,29,58,0.03496630611567942,0.08997221356995402,0.23770532625730606,0.7016065683999906,0.2660626035857325
46,rest,30,60,0.06050066491595611,0.11538877255367688,0.30831507026424715,0.5665502018160032,0.2626886773874708
46,rest,31,62,0.03345849661436908,0.05141763605323347,0.605395038027954,0.6031071373823912,0.32334457701948693
46,rest,32,64,0.08103380604466436,0.08611544694083814,0.5318372186782402,0.9493507009125838,0.41208429314408157
46,rest,33,66,0.239663285848551,0.2823609812917059,0.5334459704124014,0.4361690313012688,0.3729098172134817
46,rest,34,68,0.4378705024637493,0.4866644298332891,0.19936954567960258,0.31393136020745194,0.35945895954602325
46,rest,35,70,0.534044182898781,0.7223177161161606,0.7280198923227665,0.19470447970501628,0.5447715677606811
46,rest,36,72,0.3991657330433382,0.6007681548250164,0.7445083149800807,0.5822934605918717,0.5816839158600767
46,rest,37,74,0.6086725784308015,0.6223592495570058,0.06896523833944924,0.30908420937975944,0.402270318926754
46,rest,38,76,0.47835192205731764,0.7836942229154817,0.6503797282540023,0.3374330140131335,0.5624647218099837
46,rest,39,78,0.47095128966712824,0.6506373591189158,0.45028011618389685,0.4879983226629294,0.5149667719082176
46,rest,40,80,0.6140720380971317,0.8030164790934325,0.3252880220091765,0.33647283526226923,0.5197123436155024
46,rest,41,82,0.7533055245234759,0.6272183894332533,0.3865413369126279,0.29246239897242116,0.5148819124604446
46,rest,42,84,0.7681134308241154,0.4640014795544684,0.6077794811937163,0.337551021212042,0.5443613531960855
46,rest,43,86,0.6796086837320607,0.4999673726653245,0.1937751721556234,0.33034308442983934,0.425923578245712
46,rest,44,88,0.6004934311125604,0.4912687647629125,0.27562477177622635,0.3817955129532758,0.43729562015124374
46,rest,45,90,0.24895933028205633,0.7449436339989145,0.8559623523379749,0.28774877040559416,0.5344035217561349
46,rest,46,92,0.34265159799222006,0.6269493500644272,0.5949343843814255,0.7012267876386654,0.5664405300191846
46,rest,47,94,0.4197582926402619,0.5506853771492728,0.5234526569493287,0.6435608185260437,0.5343642863162268
46,rest,48,96,0.4853618064539385,0.4928229603484374,0.2823046868646777,0.5953834387221079,0.46396822309729036
46,rest,49,98,0.6385215560490975,0.5765772992759619,0.5467491083917654,0.36116126099641005,0.5307523061783087
46,rest,50,100,0.5948630374875549,0.6102949957924377,0.7842281472977352,0.43420019626576656,0.6058965942108735
46,rest,51,102,0.6643111909578377,0.5808678341828776,0.8065653356312861,0.5125958611780098,0.6410850554875028
46,rest,52,104,0.7242345428432415,0.5939593666231503,0.5041799534059723,0.45113159133634445,0.5683763635521771
46,rest,53,106,0.7045584486025641,0.6957922929557492,0.4048261970702592,0.6212778201709559,0.6066136896998822
46,rest,54,108,0.7098637509590633,0.6570572284042646,0.35577304696039636,0.5128299113701607,0.5588809844234712
46,rest,55,110,0.3659250008460121,0.5045745810801417,0.28431849996752595,0.5438873469714522,0.424676357216283
46,rest,56,112,0.4644490887535474,0.7499716990654288,0.8459004225586182,0.7022097891470481,0.6906327498811606
46,rest,57,114,0.3331348266247933,0.7557980189937897,0.18915099666393026,0.7976516933420019,0.5189338839061288
46,rest,58,116,0.3641596443645725,0.6909986867687324,0.5474360231470705,0.9289386160668462,0.6328832425868054
46,rest,59,118,0.4495195755583632,0.49842480470944905,0.3371395919238118,0.6745887140071701,0.4899181715496985
46,rest,60,120,0.3435055609527273,0.4157453481958346,0.904679566342268,0.6438556292273608,0.5769465261795477
46,rest,61,122,0.33234660647325953,0.741148200117665,0.1086974730129209,0.7259751281806228,0.47704185194611703
46,rest,62,124,0.5844537638425641,0.6508996065677991,0.31488682821703506,0.8522533775221748,0.6006233940373933
46,rest,63,126,0.44438785744779635,0.45412770240516115,0.33520036861113683,0.8255477224049683,0.5148159127172657
46,rest,64,128,0.34857942384792145,0.5502677633919235,0.346074086937089,0.9207318885036533,0.5414132906701468
46,rest,65,130,0.7026105384873775,0.27853899545056643,0.24946675330959836,0.6218513332718628,0.46311690512985126
46,rest,66,132,0.3484996474605301,0.21083867588804245,0.3378446188755371,0.8285681556549144,0.43143777446975595
46,rest,67,134,0.24495310289154615,0.31527894349795005,0.6539100439452236,0.7045564951352042,0.47967464636748103
46,rest,68,136,0.5033298562011788,0.4512545981120108,0.5291847465943966,0.4260072414369054,0.4774441105861229
46,rest,69,138,0.7272259948551637,0.6147419126453367,0.16282704407054693,0.4828227135163598,0.4969044162718518
46,rest,70,140,0.4973079095893071,0.859174533131589,0.3083017590290107,0.3380783606606173,0.5007156406026311
46,rest,71,142,0.39595507431491833,0.6739004520133736,0.15019020466117314,0.5309014985524736,0.43773680738548465
46,rest,72,144,0.701825150621473,0.5000326273346756,0.5742010388534176,0.39573310309890214,0.5429479799771171
46,rest,73,146,0.5208564577120458,0.27090563414651114,0.5462147570099437,0.49551238055927344,0.4583723073569435
46,high,0,0,0.6736109309273939,0.47226909233391384,0.8223316372366446,0.6547137239880337,0.6557313461214965
46,high,1,2,0.834461703980774,0.5832265536584275,0.8378003742047104,0.32630336889997424,0.6454480001859716
46,high,2,4,0.8045315557323282,0.5459464731108273,0.219080663541346,0.6966951638917815,0.5665634640690708
46,high,3,6,0.5336016793561679,0.5569556882246357,0.05145655363769399,0.8445868717406166,0.4966501982397786
46,high,4,8,0.465726174622084,0.6082855841013637,0.23522673972781058,0.8961995239218972,0.5513595055932888
46,high,5,10,0.510123572229017,0.598320144746587,0.12485195560064344,0.7335058064767374,0.49170036976324627
46,high,6,12,0.7395212391787686,0.47967615649726586,0.42169282526834134,0.891237104909488,0.633031831463466
46,high,7,14,0.5128193696084667,0.6661540743866231,0.40252739585957104,0.9649240003612453,0.6366062100539766
46,high,8,16,0.699177710746686,0.6380674407132576,0.4251698445192367,0.6563310544205578,0.6046865125999346
46,high,9,18,0.7253448794367022,0.623401741054291,0.3561157111012464,0.6925693400863273,0.5993579179196418
46,high,10,20,0.7449934815012174,0.5191505281383434,0.6806967826793608,0.7682220793649901,0.6782657179209779
46,high,11,22,0.5051135187131178,0.537492369007994,0.6377072097462043,0.9527623977954528,0.6582688738156922
46,high,12,24,0.5332762750575273,0.5453186318322876,0.3648259154100707,0.7061773724266167,0.5373995486816256
46,high,13,26,0.6685023582586577,0.712998308361616,0.3439162577042151,0.7015498113502479,0.6067416839186841
46,high,14,28,0.5934547247669173,0.6097483137287485,0.3758428017878575,0.7992455684277955,0.5945728521778297
46,high,15,30,0.8651454861241298,0.4535513968507022,0.6463022653716163,0.2846361777235395,0.5624088315174969
46,high,16,32,0.5982744747299493,0.5512369543392724,0.21290050324451554,0.5922917667705935,0.4886759247710827
46,high,17,34,0.40425082013899505,0.7071409675223141,0.09628038858468847,0.9069771202939472,0.5286623241349863
46,high,18,36,0.6791151303818183,0.7319071354627669,0.3539558594667989,0.7437871017633263,0.6271913067686775
46,high,19,38,0.6938500659128468,0.7986901309060078,0.5331394423338823,0.8260091554609655,0.7129221986534255
46,high,20,40,0.4592069127087589,0.6683120324114392,0.7822618008464987,0.579912539958371,0.622423321481267
46,high,21,42,0.6328972165479326,0.5033669464974717,0.590327372098748,0.45823247394054845,0.5462060022711752
46,high,22,44,0.8208869884442276,0.5388355744879848,0.17902469558485432,0.4775991425084075,0.5040866002563685
46,high,23,46,0.8303240636689915,0.5598696459519542,0.2205252844138486,0.782209188716248,0.5982320456877606
46,high,24,48,0.5462559578236436,0.5947840346095601,0.7785115822634681,0.7487027693373655,0.6670635860085093
46,high,25,50,0.5728447741811126,0.4464744841442906,0.1823334639213692,0.4842637790783314,0.42147912533127596
46,high,26,52,0.7080147184696709,0.5668707167671184,0.3771798349493785,0.46768802317483055,0.5299383233402496
46,high,27,54,0.6670758646781249,0.4606615053888575,0.4492731555891116,0.7567200442196209,0.5834326424689287
46,high,28,56,0.5930197570822479,0.49535720936877015,0.14333475072626814,0.5548704917539115,0.44664555223279945
46,high,29,58,0.6224254121654628,0.6863330943129989,0.42989921261943004,0.3597948793177877,0.5246131496039199
46,high,30,60,0.4963956374364478,0.5870398896641277,0.14400555327226416,0.7808995441485491,0.5020851561303472
46,high,31,62,0.6319539250014492,0.5978189913314258,0.4643697524654579,0.5124978679672331,0.5516601341913915
46,high,32,64,0.6669015919769408,0.5015204609840465,0.4347341389357601,0.3837873287833988,0.4967358801700365
46,high,33,66,0.41658913749775967,0.623391913470734,0.3364255722932501,0.8209846377019124,0.549347815240914
46,high,34,68,0.3900689852003403,0.49582880582401645,0.15262830411196085,0.8260572050228326,0.4661458250397875
46,high,35,70,0.562534825282002,0.5403166571426256,0.12359907792251268,0.7593925933455106,0.4964607884231627
46,high,36,72,0.7454333104029913,0.4768610337328763,0.5266510557574476,0.3349250298636779,0.5209676074392483
46,high,37,74,0.8472262765718456,0.5633468246574566,0.28168745790227123,0.40451438210830715,0.5241937353099702
46,high,38,76,0.5555250573462931,0.6368527216567563,0.568305312360147,0.3484546023109017,0.5272844234185246
46,high,39,78,0.3163311894279804,0.6341324784064725,0.6509751398454358,0.4301765411257509,0.5079038372014099
46,high,40,80,0.7005886725427101,0.4863711981426836,0.803034623693945,0.26183045513930725,0.5629562373796615
46,high,41,82,0.6030063000565943,0.46319984062795233,0.6854142376951252,0.4487474201552114,0.5500919496337209
46,high,42,84,0.4872706807654362,0.49748696737098225,0.3990226748142758,0.4318576806215729,0.4539095008930668
46,high,43,86,0.5010613665844261,0.5011992025921135,0.197593252426469,0.3617536277294405,0.39040186233311225
46,high,44,88,0.7148759389810806,0.6327164751635528,0.7807278420947145,0.48170968547282517,0.6525074854280433
46,high,45,90,0.6346020055141172,0.5382648373119906,0.8184063848508537,0.4233446820944639,0.6036544774428563
46,high,46,92,0.4203037347354378,0.713110036630642,0.07386367434744699,0.17723202227401635,0.34612736699688584
46,high,47,94,0.5711672678460659,0.7393171451639091,0.7075909398600903,0.25394193183458114,0.5680043211761616
46,high,48,96,0.7468172324140302,0.7806993581290066,0.7205670480832951,0.4103957624581611,0.6646198502711231
46,high,49,98,0.6203351275465303,0.6756027500258859,0.6650581644547484,0.3161249513851433,0.569280248353077
46,high,50,100,0.410918821563956,0.7261606847096306,0.19381327557523767,0.3654957540806136,0.4240971339823595
46,high,51,102,0.3550862341246452,0.6740397428084072,0.7921278300295895,0.3281942551007253,0.5373620155158418
46,high,52,104,0.5441506601998713,0.4227005993762201,0.8663196483431669,0.3341180910047821,0.5418222497310101
46,high,53,106,0.4568819543745514,0.3369946006857906,0.13901513967464124,0.4681582227039534,0.35026247935973415
46,high,54,108,0.4863579122243771,0.4846347832704681,0.47857161274721743,0.5640416406136634,0.5034014872139315
46,high,55,110,0.5884164687956767,0.3061464146524212,0.45342394545376996,0.4020374565313835,0.4375060713583128
46,high,56,112,0.2558285550712913,0.5075761343433665,0.570298875877604,0.7726293666782549,0.5265832329926292
46,high,57,114,0.0753294368982287,0.8650986835592257,0.8992395084990121,0.1863620499534976,0.506507419727491
46,high,58,116,0.1317422301206317,0.7184746373898133,0.8970102129992908,0.21632593720918186,0.49088825442972944
46,high,59,118,0.7734595516296147,0.4310709117894616,0.22755534765191454,0.25706592848653315,0.422287934889381
46,high,60,120,0.6718289745043977,0.7458077541248066,0.4325643381783529,0.35920525260375796,0.5523515798528288
46,high,61,122,0.4524972155379622,0.6922769244799647,0.514256934485885,0.48092397041117624,0.5349887612287471
46,high,62,124,0.7006334038568355,0.37094095095855345,0.2532729391664716,0.25900149086912,0.39596219621274514
46,high,63,126,0.6020738287387004,0.5471503844108908,0.5076538843659328,0.34214951331866583,0.49975690270854745
46,high,64,128,0.7437430292394058,0.6895952786187715,0.6060263836577579,0.2111883715923458,0.5626382657770702
46,high,65,130,0.4221426789026876,0.7026366507343473,0.6443458526282354,0.3398470981505952,0.5272430701039663
46,high,66,132,0.5500701659140788,0.6098763535724927,0.4819691613402172,0.24195160909499985,0.47096682248044713
46,high,67,134,0.2121918567249258,0.6216833672159666,0.5981785086952995,0.4874951069463917,0.4798872098956459
46,high,68,136,0.17802604264407554,0.42835209440943983,0.35492297161072867,0.43669014230779846,0.3494978127430106
46,high,69,138,0.2759301709714703,0.48057197246361955,0.5629614707317625,0.4087076523911996,0.432042816639513
46,high,70,140,0.36580097122447425,0.6171543717544131,0.3981784203194378,0.16245145169532615,0.38589630374841283
46,high,71,142,0.5871426133341178,0.6537772635791997,0.40922445092575466,0.18501228896244806,0.45878915420038
46,high,72,144,0.5442934467597027,0.7155228570372018,0.32003850569631725,0.21362493012631126,0.44836993490488325
46,high,73,146,0.7201410945516541,0.6266942253549604,0.5579898226494344,0.1597544553225096,0.5161448994696396
47,rest,0,0,0.5146586652279562,0.19016489399392256,0.48063934056402435,0.771624660803389,0.48927189014732303
47,rest,1,2,0.5509557870207863,0.12092957561017577,0.7631055229469761,0.8738088664235911,0.5771999380003823
47,rest,2,4,0.337074130381887,0.5520018028935162,0.2758887454759998,0.8956644891875782,0.5151572919847454
47,rest,3,6,0.697791926430303,0.5051714431324856,0.25271000445140374,0.7969080766343888,0.5631453626621452
47,rest,4,8,0.5323196027760698,0.6725955044867794,0.5726588997285286,0.945792229021985,0.6808415590033406
47,rest,5,10,0.5052398600697736,0.7168839391164173,0.34460018124135205,0.5491638288595676,0.5289719523217776
47,rest,6,12,0.44140993891952274,0.30065381392682317,0.3957430185149429,0.3736286168300156,0.3778588470478261
47,rest,7,14,0.48314837499182256,0.49298480258898564,0.506912491814303,0.4264090201409812,0.47736367238402305
47,rest,8,16,0.6734858399332866,0.8196964758988016,0.5074118866840424,0.37947513804859456,0.5950173351411813
47,rest,9,18,0.6944174910313308,0.818902981194764,0.48393406938588507,0.6164778843135947,0.6534331064813936
47,rest,10,20,0.5972563058338982,0.5533638431686393,0.28432575291346246,0.2923687246131657,0.43182865663229136
47,rest,11,22,0.5088406945858325,0.6366669479717099,0.601100751617162,0.4391682426023351,0.5464441591942599
47,rest,12,24,0.7682141409227702,0.4070268743331061,0.337854820645754,0.5037204540471096,0.504204072487185
47,rest,13,26,0.665573793245974,0.5127403422867762,0.5382691490214806,0.6643141628516148,0.5952243618514614
47,rest,14,28,0.3846135686155029,0.5235679316828239,0.5246462673315406,0.3209606019978068,0.43844709240691854
47,rest,15,30,0.4765821485698377,0.2849103345062987,0.7194173316840957,0.423340059956274,0.47606246867912655
47,rest,16,32,0.34884355867670896,0.6522086992925819,0.6430378055485108,0.6226366592007594,0.5666816806796402
47,rest,17,34,0.3576241331912876,0.39424053933466435,0.6751991513713616,0.44344601895298513,0.46762746071257466
47,rest,18,36,0.5118837907312844,0.1404474491568123,0.3723855879632111,0.47328993994080865,0.37450169194802907
47,rest,19,38,0.3839436405476979,0.3189401507129195,0.5002765982857423,0.31150919629736884,0.3786673964609321
47,rest,20,40,0.5987383539327455,0.1634524105666917,0.4843139150030115,0.3686897176886506,0.40379859929777484
47,rest,21,42,0.6993878352585742,0.3456606153241208,0.5170276654067758,0.3743026588181262,0.4840946937018992
47,rest,22,44,0.699729446958444,0.5597887256805056,0.8306545534361953,0.2868518145680057,0.5942561351607876
47,rest,23,46,0.36936817750840667,0.5258757658552422,0.7951983197699222,0.4962795459528904,0.5466804522716153
47,rest,24,48,0.5066121924151988,0.12902993429335902,0.7120906406045288,0.3727634937520418,0.4301240652662821
47,rest,25,50,0.4660044065283959,0.48310410511041174,0.33588103743374603,0.47851971621450473,0.4408773163217646
47,rest,26,52,0.38236347706077317,0.6279489356644766,0.5338479250595763,0.7288009628702412,0.5682403251637669
47,rest,27,54,0.3379101537786506,0.44705127236873576,0.3267380770909956,0.5308423014155309,0.4106354511634782
47,rest,28,56,0.2402498793122446,0.2747113371860716,0.7564209027888458,0.3299191300254176,0.4003253123281449
47,rest,29,58,0.30543299141564273,0.5476457419480021,0.7819689224787442,0.365008382846527,0.500014009672229
47,rest,30,60,0.4829706401421836,0.5135495074508947,0.3442868420388872,0.3932036913810125,0.4335026702532445
47,rest,31,62,0.4130182201799103,0.618775834069268,0.20295668165842806,0.4559902304515265,0.42268524158978316
47,rest,32,64,0.44703849909363924,0.8460895090861487,0.3253685802943313,0.5709000482955541,0.5473491591924183
47,rest,33,66,0.47008036990498275,0.7240025318660959,0.14551649264829064,0.2924432455402802,0.4080106599899123
47,rest,34,68,0.6471441025553002,0.6865548051954775,0.4767768741409838,0.3125709928353235,0.5307616936817712
47,rest,35,70,0.4137194366477279,0.3242537459230294,0.4298227363882434,0.357465936473232,0.3813154638580582
47,rest,36,72,0.30610843080633543,0.25682694292119446,0.32996550135640185,0.4891745206918861,0.34551884894395446
47,rest,37,74,0.3346382099010487,0.34616242547981807,0.650661956706375,0.2802353283014681,0.40292448009717746
47,rest,38,76,0.3133504746706816,0.43829335206743647,0.5854762314692241,0.26422450292234195,0.40033614028242104
47,rest,39,78,0.261744685185875,0.33568882899710556,0.4025549817206438,0.3393029476040447,0.33482286087691726
47,rest,40,80,0.45192472864246985,0.34196798793123595,0.23165482958380829,0.6178022411930019,0.410837446837629
47,rest,41,82,0.38077901668717595,0.39707448960248964,0.7716624690212573,0.7805474765271884,0.5825158629595278
47,rest,42,84,0.27282390237629517,0.48985078147610617,0.7342371314514852,0.9281608800099985,0.6062681738284712
47,rest,43,86,0.26690362607628165,0.24000422245092567,0.6768335544893883,0.36752852126308183,0.38781748106991937
47,rest,44,88,0.27603729087581336,0.1530729385349076,0.28961117575340467,0.2682387098747135,0.2467400287597098
47,rest,45,90,0.24991205976010078,0.22208402075924108,0.45935862835121954,0.4320065820152086,0.3408403227214425
47,rest,46,92,0.2211249086240939,0.26663439641986136,0.6149392185272655,0.47300416035450954,0.3939256709814326
47,rest,47,94,0.12348009926466812,0.07306912911426823,0.936221757531228,0.44084022604602713,0.3934028029890479
47,rest,48,96,0.5738259098827234,0.5244902160634196,0.48379732927299546,0.5755478942727665,0.5394153373729762
47,rest,49,98,0.9051444014656463,0.6934562294599756,0.609655056483544,0.8156519023446205,0.7559768974384466
47,rest,50,100,0.4947601399302263,0.16536553218544364,0.7585532745406952,0.8462078509298652,0.5662216993965576
47,rest,51,102,0.7665835289935382,0.6412649769791516,0.2490843789674071,0.967156864870209,0.6560224374525765
47,rest,52,104,0.8276414192628824,0.7745335857694857,0.6680644179898246,0.996447499835788,0.8166717307144953
47,rest,53,106,0.7832666157353947,0.37263781053255646,0.7015022848717144,0.9958638313745837,0.7133176356285623
47,rest,54,108,0.7470253136817361,0.2454958102347944,0.27226763854733765,0.9975273768433653,0.5655790348268084
47,rest,55,110,0.7998585748432334,0.8466394649557188,0.473888049665517,0.9975273768433653,0.7794783665769587
47,rest,56,112,0.8682523395947225,0.8655273861623489,0.2051422169757902,0.9916141261291298,0.7326340172154979
47,rest,57,114,0.8966728673411366,0.518324522137068,0.792253941913448,0.9975273768433653,0.8011946770587545
47,rest,58,116,0.7643194657264635,0.7235772953979371,0.4629433034268903,0.9975273768433653,0.737091860348664
47,rest,59,118,0.8443109148126338,0.5350932060995602,0.43545892919470186,0.9975273768433653,0.7030976067375653
47,rest,60,120,0.8319781137327668,0.6435066309726653,0.8744199626031439,0.9265778353806747,0.8191206356723126
47,rest,61,122,0.7099085509646442,0.49482855686751476,0.4997234017142578,0.9433791496511799,0.6619599147993991
47,rest,62,124,0.9163577518773581,0.6107053152167617,0.6148633202069609,0.8533089872496546,0.7488088436376839
47,rest,63,126,0.8069780475355164,0.7751372019980755,0.8609139639401939,0.9591891608456015,0.8505545935798469
47,rest,64,128,0.5872695895540043,0.5286797687648247,0.5102598665853273,0.9104910251356845,0.6341750625099601
47,rest,65,130,0.7306491325661146,0.751099574298174,0.3371294007544668,0.4640082853368397,0.5707215982388987
47,rest,66,132,0.5542134420943782,0.7194453747683507,0.39262891963313995,0.4513420073771888,0.5294074359682645
47,rest,67,134,0.47534529259362585,0.3911530662739787,0.4879911038160955,0.38044014588310265,0.43373240214170067
47,rest,68,136,0.3405298058377468,0.1706340334004259,0.29579827644765555,0.6268661168036167,0.3584570581223612
47,rest,69,138,0.2080507650050666,0.32809773274047094,0.35852720604280686,0.4235739752869011,0.3295624197688114
47,rest,70,140,0.2423890515727921,0.3392999399962046,0.30010682308799586,0.3658417390480484,0.31190938842626026
47,rest,71,142,0.3651725691335897,0.5631403684172437,0.8120816149036121,0.7538862773799796,0.6235702074586063
47,rest,72,144,0.5391544166562962,0.5329119480067899,0.7973784806562293,0.5279350236118464,0.5993449672327904
47,rest,73,146,0.5316813631818932,0.3337304710831974,0.538718366706822,0.7780998644664476,0.54555751635959
47,high,0,0,0.46014218525451334,0.1531186333462352,0.3871808941873773,0.9975273768433653,0.49949227240787275
47,high,1,2,0.5209658259944276,0.29716824785296736,0.3494230985904965,0.9975273768433653,0.5412711373203142
47,high,2,4,0.2083711252910788,0.4161673757366039,0.6065253279017866,0.9742815384380008,0.5513363418418675
47,high,3,6,0.24590526452229217,0.22611208019258003,0.3529614566388496,0.7717948767495443,0.39919341952581655
47,high,4,8,0.6526541502961878,0.5067038756409084,0.5135657887101431,0.9975273768433653,0.6676127978726512
47,high,5,10,0.37358937358601435,0.6112562994598544,0.6858407759338286,0.8729732335363407,0.6359149206290096
47,high,6,12,0.4797338573869901,0.44825012687982313,0.4195899678702216,0.5978002768517566,0.4863435572471978
47,high,7,14,0.26893288709729873,0.14379409134186225,0.173209517376332,0.9749567364837256,0.39022330807480465
47,high,8,16,0.2460167534498927,0.16889110008861294,0.34843287356422875,0.9475314833443284,0.42771805261176565
47,high,9,18,0.4517768488646835,0.4643288807815254,0.5780848848023217,0.8589594708867352,0.5882875213338165
47,high,10,20,0.4926606104657951,0.43853302905224995,0.6740440055714173,0.7838369523228145,0.5972686493530692
47,high,11,22,0.375947130348516,0.7214984380970956,0.5728782387405841,0.6719519093122521,0.5855689291246119
47,high,12,24,0.18947546226810538,0.2214488187901103,0.36220303161284223,0.6747043281557172,0.36195791020669377
47,high,13,26,0.30882938772609203,0.36333568155511914,0.18394520208895618,0.9924559544926789,0.46214155646571153
47,high,14,28,0.36572863933839167,0.3800723777616747,0.48051381290546524,0.9975273768433653,0.5559605517122242
47,high,15,30,0.32974616444410226,0.7212522516010283,0.26017803252567706,0.8811051262162977,0.5480703936967763
47,high,16,32,0.19950295160504292,0.45020838187351503,0.31307423656230676,0.8866671113162938,0.46236317033928964
47,high,17,34,0.3407496237515849,0.18813709069385204,0.5846101490876255,0.9038139628163345,0.5043277065873493
47,high,18,36,0.4209172694671152,0.3971303182714769,0.5194404543557052,0.9568556074262444,0.5735859123801355
47,high,19,38,0.728656517096871,0.3025837900324201,0.7368666263616305,0.9869373953812483,0.6887610822180424
47,high,20,40,0.7443734678393121,0.4486461164067107,0.5337006537548581,0.992219422431554,0.6797349151081087
47,high,21,42,0.4051561221823704,0.35799331916370086,0.5213259745115452,0.7739262356387652,0.5146004128740954
47,high,22,44,0.2739983192230088,0.5170996440010319,0.40049863575391675,0.7422976130681261,0.48347355301152095
47,high,23,46,0.7147561248682834,0.8436336587985217,0.61057107058389,0.5457277438913344,0.6786721495355075
47,high,24,48,0.7302619855641098,0.8545214349966479,0.8242898612319871,0.8675536622920411,0.8191567360211965
47,high,25,50,0.8619129882798032,0.712883050688408,0.7799840217982027,0.6202045576539652,0.7437461546050947
47,high,26,52,0.5638623523644103,0.2179691061056857,0.5113490982530359,0.9303447999826581,0.5558813391764476
47,high,27,54,0.5107005511434868,0.6669534743376803,0.4126510336892961,0.8511571845538691,0.6103655609310831
47,high,28,56,0.5396443661742409,0.6257368638673702,0.7871164884177599,0.9563559772158792,0.7272134239188126
47,high,29,58,0.5507705654484898,0.5786287183763944,0.6825698762407388,0.9789597872123773,0.6977322368195001
47,high,30,60,0.2309482696754227,0.8492116553774351,0.6551762392196192,0.7077963776301546,0.6107831354756579
47,high,31,62,0.5665181885802179,0.7922112686734397,0.8077901088181682,0.9975273768433653,0.7910117357287977
47,high,32,64,0.44550563237476054,0.3053341245306537,0.7969081871578795,0.9975273768433653,0.6363188302266648
47,high,33,66,0.3780036531426113,0.5883119741660731,0.2186853641096144,0.9410427500436245,0.5315109353654808
47,high,34,68,0.5082180765408802,0.7671701387351348,0.7934702466271012,0.9975273768433653,0.7665964596866204
47,high,35,70,0.7388991389073966,0.6771423125810074,0.6999989108333479,0.9974287739526568,0.7783672840686021
47,high,36,72,0.34351820729419896,0.7855082655495796,0.7259551418225407,0.9696172877639122,0.706149725607558
47,high,37,74,0.5257769069927994,0.4706996961522954,0.243530592951222,0.9455252142761849,0.5463831025931254
47,high,38,76,0.8337478309219793,0.7013135278237672,0.16352664008276593,0.9476559399983631,0.661560984706719
47,high,39,78,0.8249820666855934,0.26580950638853085,0.4865617299259798,0.9975273768433653,0.6437201699608673
47,high,40,80,0.5352265785381568,0.2464030053058007,0.5339759926830077,0.9718463123338906,0.571862972215214
47,high,41,82,0.5136991999130517,0.588869396030201,0.24917336924325212,0.9151843651356611,0.5667315825805415
47,high,42,84,0.36907427718924873,0.5476079779397018,0.7650446313237325,0.6827299078134693,0.5911141985665381
47,high,43,86,0.2686730849218108,0.7700361386646869,0.7866807021738522,0.9797292485277739,0.701279793572031
47,high,44,88,0.42889015667610797,0.25641948724037056,0.45000828407054627,0.9021426905931877,0.509365154645053
47,high,45,90,0.509653149733311,0.23502858108053265,0.4898978514084491,0.9035720639675026,0.5345379115474488
47,high,46,92,0.22050010300064127,0.3081706064249218,0.3093466317931213,0.994679482316999,0.4581742058839208
47,high,47,94,0.24120199734923298,0.2143855339032339,0.23516346579346756,0.9332106131524577,0.40599040254959806
47,high,48,96,0.5525300043771839,0.4757027143098677,0.356800555105524,0.6251744344446165,0.5025519270592981
47,high,49,98,0.6478881565655134,0.6211565043123138,0.5148073121291566,0.49332266681250064,0.5692936599548711
47,high,50,100,0.4204966408402413,0.48962515592212535,0.6650152346770098,0.5477978815592738,0.5307337282496626
47,high,51,102,0.45492228416892244,0.4369398134806085,0.5400041519872764,0.3700820213691553,0.45048706775149067
47,high,52,104,0.6090980484472036,0.18764848632050884,0.7628485575365036,0.9602187747712635,0.6299534667688699
47,high,53,106,0.7705078885315637,0.1622083545663896,0.9286305663626625,0.7382656644280475,0.6499031184721659
47,high,54,108,0.4129662016453082,0.29192881565690604,0.3946913491663393,0.5587422096989597,0.4145821440418783
47,high,55,110,0.26311307042501814,0.2749757274976092,0.569035746125932,0.8687720784615668,0.49397415562753155
47,high,56,112,0.26306575297737944,0.31926171515456636,0.8883764831778983,0.9164791642146426,0.5967957788811217
47,high,57,114,0.263013023523255,0.5141208214848149,0.486383006490469,0.7691680136889493,0.508171216296872
47,high,58,116,0.44561163986031455,0.45260490676430937,0.3945048485311775,0.5823538940174944,0.46876882229332395
47,high,59,118,0.49614664996094326,0.30993973310506806,0.42029471807357965,0.554072983708331,0.44511352121198045
47,high,60,120,0.3755673994316387,0.42565264900284544,0.7317913762839717,0.6164993521804225,0.5373776942247196
47,high,61,122,0.5678668916569474,0.40473392592051194,0.8222675607208311,0.5373586930261729,0.5830567678311158
47,high,62,124,0.2355441378337348,0.32083018169585825,0.5213398523781925,0.995104747231725,0.5182047297848776
47,high,63,126,0.4843856183853133,0.4116726669652903,0.7984291548591117,0.6610597345019913,0.5888867936779267
47,high,64,128,0.5488128732796644,0.5158140520996056,0.7689142456622469,0.7288319275186658,0.6405932746400457
47,high,65,130,0.4319535505715796,0.5148047523202031,0.6212132878913338,0.8255843008896169,0.5983889729181833
47,high,66,132,0.5790883661212763,0.5450546949654139,0.43725031309447016,0.6047917823363662,0.5415462891293816
47,high,67,134,0.2191041109522055,0.3650943212607018,0.6443120239269585,0.9892046980441441,0.5544287885460025
47,high,68,136,0.5879699568236677,0.48127598586606296,0.49394495467748945,0.9106158974000536,0.6184516986918185
47,high,69,138,0.5529609092297401,0.746804553204903,0.6132599441653802,0.6767135865175623,0.6474347482793964
47,high,70,140,0.31885978055111913,0.545543980782516,0.26064633845913426,0.562667550753766,0.4219294126366338
47,high,71,142,0.2701424884321615,0.7043759876775895,0.48809951296492793,0.9548746791660965,0.6043731670601938
47,high,72,144,0.6895522905548896,0.7424869597628511,0.5242146436309639,0.8020593151561625,0.6895783022762167
47,high,73,146,0.6155354977760726,0.8743162389183355,0.36352679921244463,0.9082555079706885,0.6904085109693854
48,rest,0,0,0.9509803682359146,0.809138881652866,0.1184490206094068,0.9968905248985283,0.7188646988491789
48,rest,1,2,0.9265156019113739,0.6517118460361913,0.14907235404115002,0.7356084977325482,0.6157270749303159
48,rest,2,4,0.8658993219191544,0.8134392324492965,0.6082289041246319,0.573902715595987,0.7153675435222675
48,rest,3,6,0.4831687004556224,0.6810170125805293,0.6269684677181347,0.3519964440597915,0.5357876562035194
48,rest,4,8,0.7500429545699573,0.38093707803224713,0.17061720854927862,0.5043397415598919,0.45148424567784373
48,rest,5,10,0.904930521540379,0.592500765976872,0.5502140813467731,0.8481440274854583,0.7239473490873706
48,rest,6,12,0.7770538238971485,0.5722614262560967,0.693722040422976,0.15443605180958186,0.5493683355964507
48,rest,7,14,0.5032861721779428,0.4973963884678184,0.32225330927999585,0.42037213078993835,0.43582700017892384
48,rest,8,16,0.5518040328979725,0.8246089384297538,0.29205465717105594,0.36662343853499896,0.5087727667584454
48,rest,9,18,0.6937273850735339,0.8747033168087733,0.2304594069330232,0.4124454483402011,0.5528338892888829
48,rest,10,20,0.5559997356469715,0.4103745127126836,0.6486065357278508,0.3623433834193564,0.49433104187671556
48,rest,11,22,0.40643504685355775,0.47790471689501324,0.6994336122651508,0.22098530774705366,0.45118967094019385
48,rest,12,24,0.20897385724990394,0.7726938799774097,0.6769939506673915,0.202239110854495,0.46522519968730003
48,rest,13,26,0.5149859769034054,0.4290541097952979,0.30068639836864464,0.7625647917253967,0.5018228191981862
48,rest,14,28,0.279866394855715,0.20763884460768264,0.21724614568434084,0.2983871932458642,0.25078464459840066
48,rest,15,30,0.23118953411826415,0.268375720523517,0.6608053518517613,0.28654848689291945,0.3617297733466155
48,rest,16,32,0.7456392474255176,0.6874973821017041,0.5968851896112474,0.4722542599811962,0.6255690197799163
48,rest,17,34,0.9251867687697866,0.5026036115321818,0.4603834973837493,0.5885034512656339,0.6191693322378379
48,rest,18,36,0.8158862961095101,0.400215765940625,0.3014158091282684,0.6654600970948458,0.5457444920683123
48,rest,19,38,0.5293618909891423,0.3661390306811956,0.5278797392755741,0.3822786335358517,0.45141482362044094
48,rest,20,40,0.42256535771939585,0.7221387349191691,0.6129440566969104,0.6131590658240822,0.5927018037898895
48,rest,21,42,0.6402819256861721,0.48023030333628935,0.7616303501241775,0.8232496904646615,0.6763480674028252
48,rest,22,44,0.140434873341338,0.2945672526468306,0.6642064144100088,0.3492427644247624,0.36211282620573493
48,rest,23,46,0.2306002535445404,0.6323973413981105,0.2557149466570574,0.4338982894090751,0.38815270775219585
48,rest,24,48,0.5408886745657593,0.27495006433427077,0.37775865621604016,0.3127305833483727,0.37658199461611075
48,rest,25,50,0.40195249661564186,0.46349148756294484,0.11918567533706587,0.2598486850869531,0.3111195861506514
48,rest,26,52,0.45835013205156316,0.328654079191005,0.3543578179121425,0.30046344012897414,0.3604563673209212
48,rest,27,54,0.4853923302452872,0.23310978152467512,0.4598423928020357,0.1758575058550792,0.33855050260676933
48,rest,28,56,0.35901948124587074,0.2974640132851082,0.2383049736084434,0.3837499579409982,0.3196346065201051
48,rest,29,58,0.2483596880794053,0.6523264703911785,0.345289448609622,0.801140149970517,0.5117789392626807
48,rest,30,60,0.5191908855714051,0.27532289992844133,0.4760682738034758,0.4303981836488375,0.42524506073803997
48,rest,31,62,0.6568585049332667,0.2668556854708166,0.5934606235171812,0.875062873222933,0.5980594217860493
48,rest,32,64,0.3145073813971258,0.341390286829112,0.6409750386584729,0.8348793728432474,0.5329380199319895
48,rest,33,66,0.22620697282509822,0.29971267364912646,0.6972442609079552,0.5981517645555593,0.45532891798443476
48,rest,34,68,0.7761244823137509,0.6730326575732877,0.3602637510224597,0.4223056335981967,0.5579316311269237
48,rest,35,70,0.9189192623849339,0.5366310903248336,0.18143953248070244,0.1667652288547954,0.45093877851131636
48,rest,36,72,0.668111448242588,0.6183385726495577,0.5810081756147587,0.3852595621612337,0.5631794396670345
48,rest,37,74,0.09642297941571402,0.4228505639670874,0.6598947605309335,0.8791317371357037,0.5145750102623596
48,rest,38,76,0.04051903572419031,0.17499577651272816,0.5934515771129023,0.8077213617141618,0.40417193776599564
48,rest,39,78,0.2937155959672241,0.2356679598558393,0.693052166525543,0.4956602584401081,0.42952399519717865
48,rest,40,80,0.7398783104909189,0.20097731005827954,0.3119767234314912,0.9510271558249248,0.5509648749514036
48,rest,41,82,0.6849247349299694,0.7397888092331757,0.9431691924180223,0.43601428513585866,0.7009742554292565
48,rest,42,84,0.6839863014050133,0.8869099712479251,0.8606457255361084,0.40645977420835133,0.7095004430993495
48,rest,43,86,0.45321663826502995,0.3986721607925806,0.5381597347216585,0.7583396127507613,0.5370970366325076
48,rest,44,88,0.2334424650032369,0.3174012501365772,0.5874902988602838,0.4619342329704943,0.40006706174264806
48,rest,45,90,0.5430578121891897,0.3188263762701857,0.45809077455108305,0.6896471498167714,0.5024055282068074
48,rest,46,92,0.20813686070834236,0.5254822425382033,0.23047338642913617,0.44135144928969067,0.35136098474134314
48,rest,47,94,0.6395165976551525,0.47920711923359316,0.7464542115990687,0.7976863432059732,0.6657160679234468
48,rest,48,96,0.5549082081619214,0.75786628935306,0.8570767100084047,0.8223851198410236,0.7480590818411024
48,rest,49,98,0.329363163777707,0.2254670791583055,0.5967632511792684,0.6250735830085126,0.4441667692809484
48,rest,50,100,0.5555092305868894,0.32948799740433593,0.2603834310374362,0.22452680808590528,0.3424768667786417
48,rest,51,102,0.1925796260553575,0.40781550926708054,0.129233112294205,0.4699930910451335,0.2999053346654441
48,rest,52,104,0.40227744203357846,0.5028052487371311,0.6304989717716769,0.3482078063459024,0.4709473672220722
48,rest,53,106,0.3079635049352591,0.8716386189466052,0.22772652782095074,0.33900458170057646,0.4365833083508479
48,rest,54,108,0.4941708250490024,0.8429974451931397,0.4837471761956823,0.6476547741628018,0.6171425551501566
48,rest,55,110,0.1725769366185913,0.6467234343139084,0.3245137188646124,0.9450517559097903,0.5222164614267256
48,rest,56,112,0.15434153410718604,0.3348521015036683,0.49933620248759547,0.922348933072319,0.4777196927926922
48,rest,57,114,0.6118316764980394,0.5959204661301257,0.18785805279468867,0.4361985371351869,0.45795218313951014
48,rest,58,116,0.5358668556133359,0.610391954452169,0.25797602202497805,0.9964216321289919,0.6001641160548687
48,rest,59,118,0.5417156233213308,0.4330853379122944,0.5006637975124044,0.5783411649735841,0.5134514809299034
48,rest,60,120,0.7208374960304549,0.5323922913531588,0.38719876775164597,0.7752560852882918,0.6039211601058878
48,rest,61,122,0.7946685869054485,0.6598579018466751,0.30635179382415373,0.44146792598101764,0.5505865521393237
48,rest,62,124,0.22368869692245433,0.8153674115284874,0.2206117360344815,0.38421687750237926,0.41097118049695064
48,rest,63,126,0.38094179125435784,0.5951078406465952,0.6972167494374817,0.27289848479728424,0.48654121653392973
48,rest,64,128,0.40810119602708506,0.579685674539024,0.4439029386130776,0.6640172331625132,0.523926760585425
48,rest,65,130,0.4718930837877696,0.5532519209488038,0.5028923836203729,0.5684525030119556,0.5241224728422256
48,rest,66,132,0.49671382782205725,0.5153801077251254,0.6324323487567268,0.732667167400447,0.5942983629260892
48,rest,67,134,0.36070932986443366,0.44849598800969864,0.5038437936234814,0.5520850691075277,0.46628354515128534
48,rest,68,136,0.38472471417501375,0.8743001239458047,0.6434656961909574,0.5082602052829782,0.6026876848986885
48,rest,69,138,0.585363178615806,0.8708793335753258,0.5130647789325341,0.6957462975524005,0.6662633971690166
48,rest,70,140,0.5307221803870024,0.4578216927377531,0.6014771856303364,0.7203700439238411,0.5775977756697332
48,rest,71,142,0.4872212453151589,0.2686423354992283,0.2727129722420402,0.6934008079295849,0.4304943402465031
48,rest,72,144,0.5073533678034859,0.4709794616875247,0.6011854062362122,0.6454446241369345,0.5562407149660393
48,rest,73,146,0.47208935395863044,0.7096771819527427,0.15626731547691505,0.46823245059913204,0.451566575496855
48,high,0,0,0.29891740172068143,0.9609152797298843,0.9587252116616727,0.9721300102298476,0.7976719758355215
48,high,1,2,0.5979285557955127,0.9594591100861625,0.37828338559750874,0.9691009121765575,0.7261929909139353
48,high,2,4,0.7553788569507245,0.936809044397345,0.5929097135677632,0.993513875014385,0.8196528724825545
48,high,3,6,0.3677039714496284,0.9400910940669492,0.6880577908645243,0.8819739582737561,0.7194567036637145
48,high,4,8,0.4597130760259746,0.9944251216440853,0.5027672908113131,0.5790089082653173,0.6339785991866725
48,high,5,10,0.6889543307929878,0.9570818038202369,0.199348152220601,0.8870902550812956,0.6831186354787804
48,high,6,12,0.7410199393274579,0.8049701536431073,0.245112298958832,0.9169000181971292,0.6770006025316315
48,high,7,14,0.49762710938773136,0.8661493250210232,0.3061210606763288,0.8747163120570206,0.636153451785526
48,high,8,16,0.19949243249419374,0.9267816769098233,0.7873787717565114,0.9525759909513334,0.7165572180279655
48,high,9,18,0.3090827951801384,0.9263338038632907,0.27798060858610724,0.5800048698216833,0.523350519362805
48,high,10,20,0.5580045644729771,0.9872876284332476,0.8308907165618755,0.8999453404143691,0.8190320624706173
48,high,11,22,0.7104092094330237,0.9887383090337573,0.6854636978906077,0.827587995042715,0.8030498028500259
48,high,12,24,0.7355537949794954,0.9769743418429293,0.8164999806965679,0.9524071296735998,0.8703588117981481
48,high,13,26,0.07987624195972609,0.9199598256432432,0.5823856706248648,0.9815351033579197,0.6409392103964384
48,high,14,28,0.6346564798429217,0.7496016334969701,0.3062777638012392,0.9550787294205412,0.661403651640418
48,high,15,30,0.0919917424208869,0.9858873286551015,0.537137763857983,0.3381846174785529,0.4883003631031311
48,high,16,32,0.11744465205357879,0.9859435683946165,0.7249194564251098,0.2045273218625946,0.5082087496839749
48,high,17,34,0.3160200644300729,0.7804384732281499,0.6796802142760543,0.9965587527277588,0.6931743761655089
48,high,18,36,0.45759090009425096,0.9208499142356944,0.6122582110951464,0.9903029026838706,0.7452504820272405
48,high,19,38,0.2640695787891628,0.9662725330982951,0.829923142891453,0.9975273768433653,0.764448157905569
48,high,20,40,0.7560177433751214,0.9775921715832753,0.3928575541661969,0.9863499518621541,0.7782043552466869
48,high,21,42,0.631163325436999,0.9594323119006609,0.6708193546029907,0.9677692819321853,0.807296068468209
48,high,22,44,0.6236474221294379,0.8040880991272775,0.5171396071473282,0.9835271768594858,0.7321005763158823
48,high,23,46,0.24227078106755526,0.8986326596506559,0.38775411122729236,0.8863762724451754,0.6037584560976696
48,high,24,48,0.39901042708820805,0.30437071653116343,0.12915253196027804,0.623807195516096,0.3640852177739364
48,high,25,50,0.0303376113954384,0.04947349314407113,0.3130988226218683,0.9947039986901589,0.3469034814628842
48,high,26,52,0.020339650421434076,0.06553058291075839,0.3332100617246384,0.9975273768433653,0.3541519179750491
48,high,27,54,0.23470817832014162,0.7370362419492302,0.25820579422073525,0.7723732256320694,0.5005808600305441
48,high,28,56,0.6011467358372028,0.9801067686526868,0.37026504769142954,0.9353476574907347,0.7217165524180135
48,high,29,58,0.5549637717678727,0.9316442465454267,0.24840353264227866,0.9975273768433653,0.6831347319497358
48,high,30,60,0.355659556606461,0.9333506123959581,0.38610321440710044,0.9643754293475905,0.6598722031892774
48,high,31,62,0.1739352527539863,0.9772500509022849,0.4359937258566632,0.9975273768433653,0.6461766015890749
48,high,32,64,0.6444106139775484,0.9193875722262754,0.43458881088844376,0.9612281255802742,0.7399037806681354
48,high,33,66,0.4659336661261778,0.952461399389096,0.6238518709538107,0.9664040914171717,0.7521627569715641
48,high,34,68,0.5001773581634097,0.10767429267701203,0.43422457969082495,0.7817960012830433,0.45596805795357254
48,high,35,70,0.061732600872212495,0.05543830179282669,0.45416203146202433,0.9740141574143683,0.38633677288535795
48,high,36,72,0.02132334821794271,0.04973846612700265,0.6144194723574996,0.9921020973844421,0.41939584602172175
48,high,37,74,0.012002078641169343,0.08106497447262477,0.8490888718158801,0.993579301081198,0.48393380650271806
48,high,38,76,0.07998831568793216,0.3957902975218835,0.9677409150678696,0.8463906237260932,0.5724775380009446
48,high,39,78,0.08366300971967816,0.9782464142972903,0.7898807644470184,0.9886723973690299,0.7101156464582542
48,high,40,80,0.7192190493977686,0.9208776159918032,0.7356401894219787,0.8210901575807437,0.7992067530980735
48,high,41,82,0.3666680692345748,0.9640997923760606,0.4987871259747855,0.9967633900428791,0.706579594407075
48,high,42,84,0.6476948796850066,0.986849521081794,0.1168457249956801,0.8549183277755878,0.6515771133845172
48,high,43,86,0.46330412206565236,0.9401943924505162,0.17595230436416348,0.9975273768433653,0.6442445489309243
48,high,44,88,0.6884619113284133,0.8699492394646134,0.29477175012500195,0.9975273768433653,0.7126775694403485
48,high,45,90,0.6304528428571239,0.9383055220252754,0.3805011679025809,0.9588080968468919,0.727016907407968
48,high,46,92,0.21854510002895217,0.9268140035266474,0.15801929345062193,0.9827287580395194,0.5715267887614353
48,high,47,94,0.48903376076366734,0.9481535628509546,0.4466241317807663,0.8425035639683133,0.6815787548409253
48,high,48,96,0.7677066834855582,0.9272201508591567,0.18306729187331883,0.5371777739732917,0.6037929750478312
48,high,49,98,0.2380325056416555,0.9383556799749794,0.22130702663356525,0.9663103545100886,0.5910013916900723
48,high,50,100,0.23794549621660532,0.8753489115755448,0.7110720418281907,0.9885387689586937,0.7032263046447587
48,high,51,102,0.24539241709441656,0.910243109556847,0.7036168050602792,0.5625470163231141,0.6054498370086643
48,high,52,104,0.5504542538299445,0.9227404573877731,0.901213626860959,0.9221646739240298,0.8241432530006766
48,high,53,106,0.5529290385049075,0.8888715930948623,0.1962080592976088,0.9431767318707805,0.6452963556920398
48,high,54,108,0.8440599768664344,0.924987538757499,0.7151808198298418,0.9891377027784993,0.8683415095580687
48,high,55,110,0.8125541870284253,0.7215996606428827,0.5770589725494015,0.8890366929565153,0.7500623782943062
48,high,56,112,0.48396091159964594,0.8468600401484453,0.3517287276307258,0.9649611265479052,0.6618777014816806
48,high,57,114,0.4889613628267566,0.9655933668933647,0.21575146107702406,0.9190433974719956,0.6473373970672853
48,high,58,116,0.1704195780868416,0.9585631572066509,0.25166142937950403,0.9625728160528945,0.5858042451814728
48,high,59,118,0.08834855948603983,0.9249530368405243,0.3850673156397546,0.9964045728606318,0.5986933712067376
48,high,60,120,0.7101972326914123,0.8241579555766586,0.5233669049564096,0.5926093967164676,0.6625828724852371
48,high,61,122,0.45413496663757935,0.8694361406247164,0.6364658625702325,0.8620643002674572,0.7055253175249964
48,high,62,124,0.49141559545508273,0.835805997323031,0.6470578368361417,0.951733141858447,0.7315031428681756
48,high,63,126,0.5744549653835757,0.7972607363733333,0.3131381335372736,0.9366186266962568,0.6553681154976099
48,high,64,128,0.3463462862412413,0.9878580746496558,0.2690630261522199,0.18427281387433117,0.44688505022936204
48,high,65,130,0.8154560039955312,0.9727374018280827,0.10476683454318492,0.9314258047278661,0.7060965112736662
48,high,66,132,0.6682929140253304,0.9343524150138994,0.12606597438014705,0.7215929645108714,0.6125760669825622
48,high,67,134,0.6628450313908807,0.8754339605685374,0.250871365747326,0.3830809841345524,0.5430578354603242
48,high,68,136,0.749915404271056,0.8961156083853018,0.7824675263297975,0.610570090161224,0.7597671572868449
48,high,69,138,0.6503777228220886,0.9044840596065352,0.33679046085727243,0.9862993860943174,0.7194879073450535
48,high,70,140,0.4694947258593753,0.883448300185127,0.38974028187211757,0.9429496651012182,0.6714082432544596
48,high,71,142,0.6331419153695117,0.9651647966116036,0.41737763177344034,0.7341120897750469,0.6874491083824007
48,high,72,144,0.16337430634165867,0.9683313256461257,0.20815694813454372,0.9430273237608996,0.5707224759708069
48,high,73,146,0.09508426491699021,0.10183949534219211,0.24304482129201627,0.7953140473445468,0.30882065722393637
